"title","authors","year","venue","cited_by","is_oa","oa_url","doi","abstract","query","id","type"
"Feverish Stock Price Reactions to COVID-19*","Stefano Ramelli; Alexander F. Wagner","2020","The Review of Corporate Finance Studies","1225","True","https://academic.oup.com/rcfs/article-pdf/9/3/622/33880074/cfaa012.pdf","https://doi.org/10.1093/rcfs/cfaa012","Market reactions to the 2019 novel coronavirus disease (COVID-19) provide new insights into how real shocks and financial policies drive firm value. Initially, internationally oriented firms, especially those more exposed to trade with China, underperformed. As the virus spread to Europe and the United States, corporate debt and cash holdings emerged as important value drivers, relevant even after the Fed intervened in the bond market. The content and tone of conference calls mirror this development over time. Overall, the results illustrate how anticipated real effects from the health crisis, a rare disaster, were amplified through financial channels.","trump election cash holdings firm","https://openalex.org/W3122263577","article"
"Anticompetitive Effects of Common Ownership","José Azar; Martin C. Schmalz; Isabel Tecu","2018","The Journal of Finance","910","True","http://www.iese.edu/research/pdfs/WP-1169-E.pdf","https://doi.org/10.1111/jofi.12698","ABSTRACT Many natural competitors are jointly held by a small set of large institutional investors. In the U.S. airline industry, taking common ownership into account implies increases in market concentration that are 10 times larger than what is “presumed likely to enhance market power” by antitrust authorities. Within‐route changes in common ownership concentration robustly correlate with route‐level changes in ticket prices, even when we only use variation in ownership due to the combination of two large asset managers. We conclude that a hidden social cost—reduced product market competition—accompanies the private benefits of diversification and good governance.","trump election cash holdings firm","https://openalex.org/W2887416572","article"
"Can Twitter Help Predict Firm-Level Earnings and Stock Returns?","Eli Bartov; Lucile Faurel; Partha S. Mohanram","2017","The Accounting Review","592","True","https://utoronto.scholaris.ca/bitstreams/6d333244-3cf6-4ca6-b86e-7ffe48e75868/download","https://doi.org/10.2308/accr-51865","ABSTRACT Prior research has examined how companies exploit Twitter in communicating with investors, and whether Twitter activity predicts the stock market as a whole. We test whether opinions of individuals tweeted just prior to a firm's earnings announcement predict its earnings and announcement returns. Using a broad sample from 2009 to 2012, we find that the aggregate opinion from individual tweets successfully predicts a firm's forthcoming quarterly earnings and announcement returns. These results hold for tweets that convey original information, as well as tweets that disseminate existing information, and are stronger for tweets providing information directly related to firm fundamentals and stock trading. Importantly, our results hold even after controlling for concurrent information or opinion from traditional media sources, and are stronger for firms in weaker information environments. Our findings highlight the importance of considering the aggregate opinion from individual tweets when assessing a stock's future prospects and value.","trump election cash holdings firm","https://openalex.org/W3125521553","article"
"Climate Change Concerns and the Performance of Green vs. Brown Stocks","David Ardia; Keven Bluteau; Kris Boudt; Koen Inghelbrecht","2022","Management Science","555","True","https://research.vu.nl/en/publications/a5f1b319-54ea-416c-9164-e4b7c5d80c9b","https://doi.org/10.1287/mnsc.2022.4636","We empirically test the prediction of Pástor et al. (2021) that green firms outperform brown firms when concerns about climate change increase unexpectedly, using data for S&amp;P 500 companies from January 2010 to June 2018. To capture unexpected increases in climate change concerns, we construct a daily Media Climate Change Concerns index using news about climate change published by major U.S. newspapers and newswires. We find that on days with an unexpected increase in climate change concerns, the green firms’ stock prices tend to increase, whereas brown firms’ prices decrease. Furthermore, using topic modeling, we conclude that this effect holds for concerns about both transition and physical climate change risk. Finally, we decompose returns into cash flow and discount rate news components and find that an unexpected increase in climate change concerns is associated with an increase (decrease) in the discount rate of brown (green) firms. This paper was accepted by George Serafeim, Special Section of Management Science on Business and Climate Change. Funding: This work was supported by the National Bank of Belgium, Research Foundation Flanders (FWO), Institut de Valorisation des Données (IVADO), the Natural Sciences and Engineering Research Council of Canada [Grant RGPIN-2022-03767], and Schweizerischer Nationalfonds zur Förderung der Wissenschaftlichen Forschung [Grants 179281, 191730]. Supplemental Material: The data files and online appendix are available at https://doi.org/10.1287/mnsc.2022.4636 .","trump election cash holdings firm","https://openalex.org/W4312118455","article"
"The i-frame and the s-frame: How focusing on individual-level solutions has led behavioral public policy astray","Nick Chater; George Loewenstein","2022","Behavioral and Brain Sciences","511","True","https://wrap.warwick.ac.uk/168582/1/WRAP-i-frame-s-frame-how-focusing-individual-level-solutions-led-behavioral-public-policy-astray-22.pdf","https://doi.org/10.1017/s0140525x22002023","An influential line of thinking in behavioral science, to which the two authors have long subscribed, is that many of society's most pressing problems can be addressed cheaply and effectively at the level of the individual, without modifying the system in which the individual operates. We now believe this was a mistake, along with, we suspect, many colleagues in both the academic and policy communities. Results from such interventions have been disappointingly modest. But more importantly, they have guided many (though by no means all) behavioral scientists to frame policy problems in individual, not systemic, terms: To adopt what we call the ""i-frame,"" rather than the ""s-frame."" The difference may be more consequential than i-frame advocates have realized, by deflecting attention and support away from s-frame policies. Indeed, highlighting the i-frame is a long-established objective of corporate opponents of concerted systemic action such as regulation and taxation. We illustrate our argument briefly for six policy problems, and in depth with the examples of climate change, obesity, retirement savings, and pollution from plastic waste. We argue that the most important way in which behavioral scientists can contribute to public policy is by employing their skills to develop and implement value-creating system-level change.","trump election cash holdings firm","https://openalex.org/W4294628862","article"
"Investor rewards to environmental responsibility: Evidence from the COVID-19 crisis","Alexandre Garel; Arthur Petit-Romec","2021","Journal of Corporate Finance","289","True","https://www.sciencedirect.com/science/article/am/pii/S0929119921000699?via%3Dihub","https://doi.org/10.1016/j.jcorpfin.2021.101948","","trump election cash holdings firm","https://openalex.org/W3156650419","article"
"Towards a Political Theory of the Firm","Luigi Zingales","2017","The Journal of Economic Perspectives","288","True","https://www.aeaweb.org/articles/pdf/doi/10.1257/jep.31.3.113","https://doi.org/10.1257/jep.31.3.113","The revenues of large companies often rival those of national governments, and some companies have annual revenues higher than many national governments. Among the largest corporations in 2015, some had private security forces that rivaled the best secret services, public relations offices that dwarfed a US presidential campaign headquarters, more lawyers than the US Justice Department, and enough money to capture (through campaign donations, lobbying, and even explicit bribes) a majority of the elected representatives. The only powers these large corporations missed were the power to wage war and the legal power of detaining people, although their political influence was sufficiently large that many would argue that, at least in certain settings, large corporations can exercise those powers by proxy. Yet in economics, the commonly prevailing view of the firm ignores all these elements of politics and power. We must recognize that large firms have considerable power to influence the rules of the game. I call attention to the risk of a “Medici vicious circle,” in which economic and political power reinforce each other. The possibility and extent of a “Medici vicious circle” depends upon several nonmarket factors. I discuss how they should be incorporated in a broader “Political Theory” of the firm.","trump election cash holdings firm","https://openalex.org/W2735987018","article"
"Climate Change and the Financial System","Irene Monasterolo","2020","Annual Review of Resource Economics","272","True","https://www.annualreviews.org/doi/pdf/10.1146/annurev-resource-110119-031134","https://doi.org/10.1146/annurev-resource-110119-031134","The financial system could help achieve the global climate targets by aligning investments to sustainability. However, investors are largely exposed to carbon-intensive assets that could become stranded, thus delaying the low-carbon transition and bringing new sources of risk for financial stability, i.e., climate-related financial risks. Here, we discuss climate-related financial risks, the challenges they pose to traditional economic and financial risk assessment, and the implications for the implementation and feasibility of climate policies. We then present science-based approaches that introduce forward-looking climate risks and their deep uncertainty in financial risk management (e.g., via the climate value at risk, climate spread, climate stress-test). Finally, we present results of applications aimed at pricing climate risks in investors’ portfolios and calculating the largest losses that could lead to systemic risk, in collaboration with leading financial institutions.","trump election cash holdings firm","https://openalex.org/W2988392657","article"
"Stranded Assets in the Transition to a Carbon-Free Economy","Frederick van der Ploeg; Armon Rezai","2020","Annual Review of Resource Economics","230","True","https://www.annualreviews.org/doi/pdf/10.1146/annurev-resource-110519-040938","https://doi.org/10.1146/annurev-resource-110519-040938","Assets in the fossil fuel industries are at risk of losing market value due to unanticipated breakthroughs in renewable technology and governments stepping up climate policies in light of the Paris commitments to limit global warming to 1.5 or 2°C. Stranded assets arise due to uncertainty about the future timing of these two types of events and substantial intertemporal and intersectoral investment adjustment costs. Stranding of assets mostly affects the 20 biggest oil, gas, and coal companies who have been responsible for at least one-third of global warming since 1965, but it also affects carbon-intensive industries such as steel, aluminum, cement, plastics, and greenhouse horticulture. A disorderly transition to the carbon-free economy will lead to stranded assets and legal claims. Institutional investors should be aware of these financial risks. A broader definition of stranded assets also includes countries reliant on fossil fuel exports and workers with technology-specific skills.","trump election cash holdings firm","https://openalex.org/W2998548817","article"
"Climate finance and disclosure for institutional investors: why transparency is not enough","Nadia Ameli; Paul Drummond; Alexander Bisaro; Michael Grubb; Hugues Chenet","2019","Climatic Change","189","True","https://link.springer.com/content/pdf/10.1007/s10584-019-02542-2.pdf","https://doi.org/10.1007/s10584-019-02542-2","Abstract The finance sector’s response to pressures around climate change has emphasized disclosure, notably through the recommendations of the Financial Stability Board’s Task Force on Climate-related Financial Disclosures (TCFD). The implicit assumption—that if risks are fully revealed, finance will respond rationally and in ways aligned with the public interest—is rooted in the “efficient market hypothesis” (EMH) applied to the finance sector and its perception of climate policy. For low carbon investment, particular hopes have been placed on the role of institutional investors, given the apparent matching of their assets and liabilities with the long timescales of climate change. We both explain theoretical frameworks (grounded in the “three domains”, namely satisficing, optimizing, and transforming) and use empirical evidence (from a survey of institutional investors), to show that the EMH is unsupported by either theory or evidence: it follows that transparency alone will be an inadequate response. To some extent, transparency can address behavioural biases (first domain characteristics), and improving pricing and market efficiency (second domain); however, the strategic (third domain) limitations of EMH are more serious. We argue that whilst transparency can help, on its own it is a very long way from an adequate response to the challenges of ‘aligning institutional climate finance’.","trump election cash holdings firm","https://openalex.org/W2982355665","article"
"The i-Frame and the s-Frame: How Focusing on the Individual-Level Solutions Has Led Behavioral Public Policy Astray","Nick Chater; George Loewenstein","2022","SSRN Electronic Journal","186","True","https://papers.ssrn.com/sol3/Delivery.cfm?abstractid=4046264","https://doi.org/10.2139/ssrn.4046264","","trump election cash holdings firm","https://openalex.org/W4226385226","article"
"Learning Like a State: Statecraft in the Digital Age","Marion Fourcade; Jeffrey Gordon","2020","Journal of Law and Political Economy","144","True","https://escholarship.org/content/qt3k16c24g/qt3k16c24g.pdf?t=r2cqs3","https://doi.org/10.5070/lp61150258","What does it mean to sense, see, and act like a state in the digital age? We examine the changing phenomenology, governance, and capacity of the state in the era of big data and machine learning. Our argument is threefold. First, what we call the dataist state may be less accountable than its predecessor, despite its promise of enhanced transparency and accessibility. Second, a rapid expansion of the data collection mandate is fueling a transformation in political rationality, in which data affordances increasingly drive policy strategies. Third, the turn to dataist statecraft facilitates a corporate reconstruction of the state. On the one hand, digital firms attempt to access and capitalize on data “minted” by the state. On the other hand, firms compete with the state in an effort to reinvent traditional public functions. Finally, we explore what it would mean for this dataist state to “see like a citizen” instead.","trump election cash holdings firm","https://openalex.org/W3099365458","article"
"Automation, Digitalization, and Artificial Intelligence in the Workplace: Implications for Political Behavior","Aina Gallego; Thomas Kurer","2022","Annual Review of Political Science","144","True","https://www.annualreviews.org/doi/pdf/10.1146/annurev-polisci-051120-104535","https://doi.org/10.1146/annurev-polisci-051120-104535","New technologies have been a key driver of labor market change in recent decades. There are renewed concerns that technological developments in areas such as robotics and artificial intelligence will destroy jobs and create political upheaval. This article reviews the vibrant debate about the economic consequences of recent technological change and then discusses research about how digitalization may affect political participation, vote choice, and policy preferences. It is increasingly well established that routine workers have been the main losers of recent technological change and disproportionately support populist parties. However, at the same time, digitalization also creates a large group of economic winners who support the political status quo. The mechanisms connecting technology-related workplace risks to political behavior and policy demands are less well understood. Voters may fail to fully comprehend the relative importance of different causes of structural economic change and misattribute blame to other factors. We conclude with a list of pressing research questions.","trump election cash holdings firm","https://openalex.org/W4210702181","article"
"Selling second best: how infant formula marketing works","Gerard Hastings; Kathryn Angus; Douglas Eadie; Kate Hunt","2020","Globalization and Health","134","True","https://globalizationandhealth.biomedcentral.com/track/pdf/10.1186/s12992-020-00597-w","https://doi.org/10.1186/s12992-020-00597-w","BACKGROUND: Despite the clear policy intent to contain it, the marketing of formula milk remains widespread, powerful and successful. This paper examines how it works. METHODS: The study comprised a mix of secondary analysis of business databases and qualitative interviews with marketing practitioners, some of whom had previously worked in formula marketing. RESULTS: The World Health Assembly Code aims to shield parents from unfair commercial pressures by stopping the inappropriate promotion of infant formula. In reality marketing remains widespread because some countries (e.g. the USA) have not adopted the Code, and elsewhere industry has developed follow-on and specialist milks with which they promote formula by proxy. The World Health Assembly has tried to close these loopholes by extending its Code to these products; but the marketing continues. The campaigns use emotional appeals to reach out to and build relationships with parents and especially mothers. Evocative brands give these approaches a human face. The advent of social media has made it easier to pose as the friend and supporter of parents; it is also providing companies with a rich stream of personal data with which they hone and target their campaigns. The formula industry is dominated by a small number of extremely powerful multinational corporations with the resources to buy the best global marketing expertise. Like all corporations they are governed by the fiduciary imperative which puts the pursuit of profits ahead of all other concerns. This mix of fiscal power, sophisticated marketing, and single-mindedness is causing great harm to public health. CONCLUSIONS: Formula marketing is widespread and using powerful emotional techniques to sell parents a product that is vastly inferior to breast milk. There is an urgent need to update and strengthen regulation.","trump election cash holdings firm","https://openalex.org/W3043326980","article"
"Populism, political risk, and pandemics: The challenges of political leadership for business in a post-COVID world","Christopher A. Hartwell; Timothy M. Devinney","2021","Journal of World Business","123","True","https://doi.org/10.1016/j.jwb.2021.101225","https://doi.org/10.1016/j.jwb.2021.101225","The examination of political risk, political uncertainty, and political institutions in the international business literature has, not unexpectedly, been shaped by the prevailing issues faced by firms at their time of writing. While these three separate angles together have provided an iteratively more comprehensive view of the politics and business nexus, they are still missing an important component, namely the ability of specific actors to utilize political uncertainty and generate institutional volatility. This paper examines the rise of two specific phenomena that challenge prevailing theoretical frameworks, and potentially have the ability to render our previous insights less relevant: first, the rise of populism as a persistent political force in developed economies, and second, the rapid spread and disparate political response to COVID-19. We argue that exclusively institutional-based frameworks are inadequate to cope with the political realities of the 21st century, as institutions themselves are being subverted or utilized for actions far beyond their original conception in practice and their operationalization in the IB literature (something that COVID-19 has exacerbated). Although extant IB work has much to recommend itself in helping to understand risk and uncertainty in the political sphere, these new challenges for business reveal that we need to incorporate political personalities, actors, and leaders(hip) into our research. Only then can we have a more complete picture of how politics can influence business.","trump election cash holdings firm","https://openalex.org/W3152803478","article"
"Stock Prices and the Russia-Ukraine War: Sanctions, Energy and ESG","Ming Deng; Markus Leippold; Alexander F. Wagner; Qian Wang","2022","SSRN Electronic Journal","123","True","https://papers.ssrn.com/sol3/Delivery.cfm?abstractid=4080181","https://doi.org/10.2139/ssrn.4080181","","trump election cash holdings firm","https://openalex.org/W4225685912","article"
"Macroeconomic and Financial Policies for Climate Change Mitigation","Signe Krogstrup; William Oman","2019","IMF Working Paper","111","True","https://www.elibrary.imf.org/doc/IMF001/28337-9781513511955/28337-9781513511955/Other_formats/Source_PDF/28337-9781513512938.pdf","https://doi.org/10.5089/9781513511955.001","Climate change is one of the greatest challenges of this century. Mitigation requires a large-scale transition to a low-carbon economy. This paper provides an overview of the rapidly growing literature on the role of macroeconomic and financial policy tools in enabling this transition. The literature provides a menu of policy tools for mitigation. A key conclusion is that fiscal tools are first in line and central, but can and may need to be complemented by financial and monetary policy instruments. Some tools and policies raise unanswered questions about policy tool assignment and mandates, which we describe. The literature is scarce, however, on the most effective policy mix and the role of mitigation tools and goals in the overall policy framework.","trump election cash holdings firm","https://openalex.org/W4252066327","article"
"Artificial Intelligence in Cytopathology: A Neural Network to Identify Papillary Carcinoma on Thyroid Fine-Needle Aspiration Cytology Smears","Parikshit Sanyal; Tanushri Mukherjee; Sanghita Barui; Avinash Das; Prabaha Gangopadhyay","2018","Journal of Pathology Informatics","110","True","https://doi.org/10.4103/jpi.jpi_43_18","https://doi.org/10.4103/jpi.jpi_43_18","INTRODUCTION: Fine-needle aspiration cytology (FNAC) for identification of papillary carcinoma thyroid is a moderately sensitive and specific modality. The present machine learning tools can correctly classify images into broad categories. Training software for recognition of papillary thyroid carcinoma on FNAC smears will be a decisive step toward automation of cytopathology. AIM: The aim of this study is to develop an artificial neural network (ANN) for the purpose of distinguishing papillary carcinoma thyroid and nonpapillary carcinoma thyroid on microphotographs from thyroid FNAC smears. SUBJECTS AND METHODS: An ANN was developed in the Python programming language. In the training phase, 186 microphotographs from Romanowsky/Pap-stained smears of papillary carcinoma and 184 microphotographs from smears of other thyroid lesions (at ×10 and ×40 magnification) were used for training the ANN. After completion of training, performance was evaluated with a set of 174 microphotographs (66 - nonpapillary carcinoma and 21 - papillary carcinoma, each photographed at two magnifications ×10 and ×40). RESULTS: The performance characteristics and limitations of the neural network were assessed, assuming FNAC diagnosis as gold standard. Combined results from two magnifications showed good sensitivity (90.48%), moderate specificity (83.33%), and a very high negative predictive value (96.49%) and 85.06% diagnostic accuracy. However, vague papillary formations by benign follicular cells identified wrongly as papillary carcinoma remain a drawback. CONCLUSION: With further training with a diverse dataset and in conjunction with automated microscopy, the ANN has the potential to develop into an accurate image classifier for thyroid FNACs.","trump election cash holdings firm","https://openalex.org/W2902363929","article"
"Political uncertainty exposure of individual companies: The case of the Brexit referendum","Paula Hill; Adriana Korczak; Piotr Korczak","2018","Journal of Banking & Finance","99","True","https://research-information.bris.ac.uk/ws/files/180199491/HKK_brexit1_20181220.pdf","https://doi.org/10.1016/j.jbankfin.2018.12.012","","trump election cash holdings firm","https://openalex.org/W2587561580","article"
"Globalization, public sector reform, and the role of ports in international supply chains","Hercules Haralambides","2017","Maritime Economics & Logistics","91","True","https://link.springer.com/content/pdf/10.1057%2Fs41278-017-0068-6.pdf","https://doi.org/10.1057/s41278-017-0068-6","","trump election cash holdings firm","https://openalex.org/W2607162375","article"
"Laundering Cash, White Washing Reputations","Alexander Cooley; John Heathershaw; J. C. Sharman","2018","Journal of democracy","91","True","https://muse.jhu.edu/pub/1/article/683634","https://doi.org/10.1353/jod.2018.0003","Kleptocracy and grand corruption are now under scrutiny as never before. With renewed global attention on these abuses, a relatively clear picture has emerged of the domestic political economies shaped by kleptocratic rule. Analysts have shown how state institutions are set up to allow elites and their families to systematically loot, while protecting these elites politically. In particular, this research has placed under the microscope the resource-rich countries that are vulnerable to kleptocratic state capture.","trump election cash holdings firm","https://openalex.org/W2783132565","article"
"Rule by Violence, Rule by Law: Lynching, Jim Crow, and the Continuing Evolution of Voter Suppression in the U.S.","Brad Epperly; Christopher Witko; Ryan W. Strickler; Paul White","2019","Perspectives on Politics","90","True","https://www.cambridge.org/core/services/aop-cambridge-core/content/view/CBC6AD86B557A093D7E832F8D821978B/S1537592718003584a.pdf/div-class-title-rule-by-violence-rule-by-law-lynching-jim-crow-and-the-continuing-evolution-of-voter-suppression-in-the-u-s-div.pdf","https://doi.org/10.1017/s1537592718003584","Although restricting formal voting rights—voter suppression—is not uncommon in democracies, its incidence and form vary widely. Intuitively, when competing elites believe that the benefits of reducing voting by opponents outweigh the costs of voter suppression, it is more likely to occur. Internal political and state capacity and external actors, however, influence the form that voter suppression takes. When elites competing for office lack the ability to enact laws restricting voting due to limited internal capacity, or external actors are able to limit the ability of governments to use laws to suppress voting, suppression is likely to be ad hoc, decentralized, and potentially violent. As political and state capacity increase and external constraints decrease, voter suppression will shift from decentralized and potentially violent to centralized and mostly non-violent. We illustrate our arguments by analyzing the transition from decentralized, violent voter suppression through the use of lynchings (and associated violence) to the centralized, less violent suppression of black voting in the post-Reconstruction South. We also place the most recent wave of U.S. state voter suppression laws into broader context using our theoretical framework.","trump election cash holdings firm","https://openalex.org/W3083969113","article"
"Climate Regulatory Risks and Corporate Bonds","Lee Seltzer; Laura T. Starks; Qifei Zhu","2020","SSRN Electronic Journal","81","True","https://doi.org/10.2139/ssrn.3563271","https://doi.org/10.2139/ssrn.3563271","","trump election cash holdings firm","https://openalex.org/W3092048964","article"
"The New Utilities: Private Power, Social Infrastructure, and the Revival of the Public Utility Concept","K. Sabeel Rahman","2018","eYLS (Yale Law School)","81","True","https://brooklynworks.brooklaw.edu/faculty/988","","From the renewed controversies over financial regulation and the problem of too-big-to-fail (TBTF) financial firms, to the clash over the Federal Communications Commission (FCC's) ""net neutrality"" regulations on internet service providers, and more recent questions about Google, Facebook, and online platforms, we are in the midst of a larger policy and political debate about how to regulate modern-day forms of private power.Encompassing different areas of law and policy, the underlying issue in this debate is the following: how should we conceptualize and regulate new forms of concentrated private power, particularly when these firms control the terms of access to vital services-such as finance, broadband internet, or informationupon which many communities, constituencies, and economic actors depend?Drawing on historical Progressive Era concepts of private power and public utility, as","trump election cash holdings firm","https://openalex.org/W2885582588","article"
"Political Identity and Financial Risk Taking: Insights from Social Dominance Orientation","Kyuhong Han; Jihye Jung; Vikas Mittal; J. Daniel Zyung; Hajo Adam","2019","Journal of Marketing Research","79","True","https://purehost.bath.ac.uk/ws/files/204131135/JMR_16_0016_R2_Political_Identity_and_Financial_Risk_Taking_10_23_2018_.pdf","https://doi.org/10.1177/0022243718813331","This article investigates how people’s political identity is associated with their financial risk taking. The authors argue that conservatives’ financial risk taking increases as their self-efficacy increases because of their greater social dominance orientation, whereas liberals’ financial risk taking is invariant to their self-efficacy. This central hypothesis is verified in six studies using different measures of political identity, self-efficacy, and financial risk taking. The studies also use different samples of U.S. consumers, including online panels, a large-scale data set spanning five election cycles, and a secondary data set of political donations made by managers at companies. Finally, the authors articulate and demonstrate the mediating effect of individuals’ focus on the upside potential of a decision among conservatives but not liberals.","trump election cash holdings firm","https://openalex.org/W2921962300","article"
"Inequality Aversion, Populism, and the Backlash Against Globalization","Ľuboš Pástor; Pietro Veronesi","2018","SSRN Electronic Journal","77","True","https://doi.org/10.2139/ssrn.3224232","https://doi.org/10.2139/ssrn.3224232","","trump election cash holdings firm","https://openalex.org/W2885612896","article"
"The State of American Federalism 2019–2020: Polarized and Punitive Intergovernmental Relations","Greg Goelzhauser; David M. Konisky","2020","Publius The Journal of Federalism","76","True","https://academic.oup.com/publius/article-pdf/50/3/311/33522482/pjaa021.pdf","https://doi.org/10.1093/publius/pjaa021","The state of American federalism is characterized by polarization and punitiveness. As in previous years, political polarization continues to shape intergovernmental relations. But we also identify punitiveness as an increasingly prevalent aspect of vertical power sharing. Punitive federalism describes the national government's use of threats and punishment to suppress state and local actions that run contrary to its policy preferences. In this Annual Review of American Federalism overview article, we introduce the concept of punitive federalism and discuss its application to contemporary public policy. We also highlight federalism implications concerning the COVID-19 pandemic; discuss recent policy developments concerning the environment, gender identity, health care, immigration, reproductive choice, and sexual orientation; and review recent Supreme Court decisions that impact intergovernmental relations.","trump election cash holdings firm","https://openalex.org/W3041264739","article"
"Climate Regulatory Risks and Corporate Bonds","Lee Seltzer; Laura T. Starks; Qifei Zhu","2022","SSRN Electronic Journal","72","True","https://papers.ssrn.com/sol3/Delivery.cfm?abstractid=4090897","https://doi.org/10.2139/ssrn.4090897","","trump election cash holdings firm","https://openalex.org/W4226258794","article"
"The changing institutions of private rental housing: an international review","Chris Martin; Kath Hulse; Hal Pawson","2018","AHURI Final Report","70","True","https://unsworks.unsw.edu.au/bitstreams/d83e237b-61d9-422b-81df-cce2dac9c6d8/download","https://doi.org/10.18408/ahuri-7112201","This research investigated the private rental sector (PRS) policy settings and institutions relevant to Australia in 10 countries in Australasia, Europe and North America, with a detailed review of the sectors in Germany, Ireland, the United Kingdom and United States.","trump election cash holdings firm","https://openalex.org/W2784528588","article"
"Uncertainty before and during COVID‐19: A survey","Efrem Castelnuovo","2022","Journal of Economic Surveys","68","True","https://www.ncbi.nlm.nih.gov/pmc/articles/9350004","https://doi.org/10.1111/joes.12515","This survey features three parts. The first one reviews the most recent literature on the relationship between domestic (i.e., country-specific) uncertainty and the business cycle, and offers ten main takeaways. The second part surveys contributions to the fast-growing strand of the literature that focuses on the macroeconomic effects of uncertainty spillovers and global uncertainty. The last part presents contributions on the role played by uncertainty during the COVID-19 pandemic.","trump election cash holdings firm","https://openalex.org/W4282984124","article"
"Exporting Uncertainty: The Impact of Brexit on Corporate America","Murillo Campello; Gustavo Cortés; Fabrício d’Almeida; Gaurav Kankanhalli","2022","Journal of Financial and Quantitative Analysis","66","True","https://www.cambridge.org/core/services/aop-cambridge-core/content/view/B48511C3F07B35E864D62A87190B0946/S0022109022000308a.pdf/div-class-title-exporting-uncertainty-the-impact-of-brexit-on-corporate-america-div.pdf","https://doi.org/10.1017/s0022109022000308","Abstract We show that the 2016 Brexit Referendum had multifaceted consequences for corporate America, shaping employment, investment, divestitures, R&amp;D, and savings. The unexpected vote outcome led U.S. firms to cut jobs and investment within U.S. borders. Using establishment-level data, we document that these effects were modulated by the reversibility of capital and labor. American-based job destruction was particularly pronounced in industries with less skilled and more unionized workers. U.K.-exposed firms with less redeployable capital and high input-offshoring dependence cut investment the most. Data on the near universe of U.S. establishments also point to measurable, negative effects on establishment turnover (openings and closings). Our results demonstrate how foreign-born political uncertainty is transmitted across international borders, shaping domestic capital formation and labor allocation.","trump election cash holdings firm","https://openalex.org/W4225809246","article"
"Is This Tax Reform, or Just Confusion?","Joel Slemrod","2018","The Journal of Economic Perspectives","65","True","https://www.aeaweb.org/articles/pdf/doi/10.1257/jep.32.4.73","https://doi.org/10.1257/jep.32.4.73","Based on the experience of recent decades, the United States apparently musters the political will to change its tax system comprehensively about every 30 years, so it seems especially important to get it right when the chance arises. Based on the strong public statements of economists opposing and supporting the Tax Cuts and Jobs Act of 2017, a causal observer might wonder whether this law was tax reform or mere confusion. In this paper, I address that question and, more importantly, offer an assessment of the Tax Cuts and Jobs Act. The law is clearly not “tax reform” as economists usually use that term: that is, it does not seek to broaden the tax base and reduce marginal rates in a roughly revenue-neutral manner. However, the law is not just a muddle. It seeks to address some widely acknowledged issues with corporate taxation, and takes some steps toward broadening the tax base, in part by reducing the incentive to itemize deductions.","trump election cash holdings firm","https://openalex.org/W2899275327","article"
"Future directions in international financial integration research - A crowdsourced perspective","Brian M. Lucey; Samuel A. Vigne; Laura Ballester; Leonidas G. Barbopoulos; Janusz Brzeszczyński; Óscar Carchano","2017","International Review of Financial Analysis","63","True","https://research.birmingham.ac.uk/en/publications/aa6bfc5c-712a-484a-9c97-3bd9a6eeb697","https://doi.org/10.1016/j.irfa.2017.10.008","","trump election cash holdings firm","https://openalex.org/W2766489602","article"
"The Russia–China entente and its future","Artyom Lukin","2020","International Politics","63","True","https://link.springer.com/content/pdf/10.1057/s41311-020-00251-7.pdf","https://doi.org/10.1057/s41311-020-00251-7","","trump election cash holdings firm","https://openalex.org/W3035137177","article"
"Rebuilding the fortress? Europe in a changing world economy","Scott Lavery","2023","Review of International Political Economy","61","True","https://www.tandfonline.com/doi/pdf/10.1080/09692290.2023.2211281?download=true","https://doi.org/10.1080/09692290.2023.2211281","Two rival visions of Europe’s place in the world economy competed for primacy throughout the post-war era. The idea of an ‘Atlantic Europe’ promoted close economic ties to the United States and integration into the liberal international order. An alternative ‘Fortress Europe’ vision aimed to carve out a sphere of relative European autonomy backed by trade barriers and industrial protectionism. While many argued that the ‘Fortress Europe’ vision was defeated during the globalization of the 1990s and 2000s, concepts such as economic sovereignty, industrial strategy and ‘strategic autonomy’ have returned to EU circles. Is a rebuilding of ‘Fortress Europe’ taking place in this context? This paper argues that the old tension between ‘Atlantic’ and ‘Fortress’ Europe is re-emerging but in a new form and under a new set of international conditions. A ‘selective fortification’ of European industrial strategy and trade policy is taking shape, as EU policymakers develop targeted instruments and institutional capacities that aim to insulate European firms from new patterns of international competition. The selective refortification of European capitalism has implications for debates within international political economy (IPE) on the future of liberal international order, new patterns of competitive regionalization, and the restructuring of the relation between the state and global capitalism.","trump election cash holdings firm","https://openalex.org/W4381732847","article"
"Climate Change-Related Regulatory Risks and Bank Lending","Isabella Mueller; Eleonora Sfrappini","2022","SSRN Electronic Journal","60","True","https://doi.org/10.2139/ssrn.4144358","https://doi.org/10.2139/ssrn.4144358","","trump election cash holdings firm","https://openalex.org/W4285301233","article"
"The Impact of Neoliberalism on Civil Society and Nonprofit Advocacy","Jennifer Alexander; Kandyce Fernandez","2020","Nonprofit Policy Forum","57","True","https://www.degruyter.com/document/doi/10.1515/npf-2020-0016/pdf","https://doi.org/10.1515/npf-2020-0016","Abstract The following manuscript employs critical inquiry to analyze the effects of neoliberalism on nonprofits in the U.S. and their capacity to engage in political advocacy and the production of meaning, a pivotal role for civil society institutions. Three false narratives of how nonprofits support democracy are presented followed by a discussion of how neoliberalism and the economization of the sector has delimited their capacity to fulfill their roles of engaging in emancipatory projects or social change. The manuscript concludes with a discussion of how nonprofits can reclaim civic space and empower citizens in a representative democracy.","trump election cash holdings firm","https://openalex.org/W3092643617","article"
"The Legacy of Shareholder Value Capitalism","Neil Fligstein; Adam Goldstein","2022","Annual Review of Sociology","55","True","https://www.annualreviews.org/doi/pdf/10.1146/annurev-soc-030420-120827","https://doi.org/10.1146/annurev-soc-030420-120827","American society has now been living in the wake of shareholder value capitalism for four decades. The shareholder value movement began as an invasion of the market for corporate control by financially oriented investors who critiqued sitting managers as not paying sufficient attention to the interests of shareholders during the economic crisis of the 1970s. It altered the relationship between financial markets and the managers of publicly held corporations. Subsequently, publicly held corporations have worked to raise share prices any way they can. While managers initially resisted shareholder value initiatives, they came to embrace them when their pay became tied to the share price. This created an incentive to discover new forms of financial extraction whenever a given set of strategies stopped producing new gains. We consider the impact that these reorganizations had on inequality and the relationship between shareholder value capitalism and financialization. We end by discussing the continuing relevance of shareholder value for understanding contemporary American capitalism. We also identify several avenues for future research on the evolution and consequences of shareholder value in the twenty-first century.","trump election cash holdings firm","https://openalex.org/W4288714136","article"
"Shareholder Value(s): Index Fund ESG Activism and the New Millennial Corporate Governance","David H. Webber; Michal Barzuza; Quinn Curtis","2020","","54","True","https://scholarship.law.bu.edu/cgi/viewcontent.cgi?article=1973&context=faculty_scholarship","","Major index fund operators have been criticized as ineffective stewards of the firms in which they are now the largest shareholders. While scholars debate whether this passivity is a serious problem, index funds’ generally docile approach to ownership is broadly acknowledged.However, this Article argues that the notion that index funds are passive owners overlooks an important dimension in which index funds have demonstrated outspoken, confrontational, and effective stewardship. Specifically, we document that index funds have taken a leading role in challenging management and votingagainst directors in order to advance board diversity and corporate sustainability. We show that index funds have engaged in a pattern of competitive escalation in their policies on ESG issues. Index funds’ confrontational and competitive activism on ESG is hard to square with their passive approach to more conventional corporate governance questions.To explain this dichotomy in approaches, we argue that index funds are locked in a fierce contest to win the soon-to-accumulate assets of the millennial generation, who place a significant premium on social issues in their economic lives. With fee competition exhausted and returns irrelevant for index investors, signaling a commitment to social issues is one of the few dimensions on which index funds can differentiate themselves and avoid commoditization. For index funds, the threat of millennial migration to another fund is more significant than the threat of management retaliation. Furthermore, managers themselves, we argue, face intense pressure from their millennial employees and customers to respond to their social preferences. This three dimensional millennial effect—as investors, customers and employees—we argue, is an important development with the potential to provide a counterweight to the wealth-maximization paradigm of corporate governance.We marshal evidence for this new dynamic, situate it within the existing literature, and consider the implications for the debate over index funds as shareholders and corporate law generally.","trump election cash holdings firm","https://openalex.org/W3160962908","article"
"Financial Crisis, Creditor‐Debtor Conflict, and Populism","Győző Gyöngyösi; Emil Verner","2022","The Journal of Finance","53","True","https://onlinelibrary.wiley.com/doi/pdfdirect/10.1111/jofi.13138","https://doi.org/10.1111/jofi.13138","ABSTRACT We study the impact of debtor distress on support for a populist far‐right political party during a financial crisis. Our empirical approach exploits variation in exposure to foreign currency household loans during a currency crisis in Hungary. Foreign currency debt exposure leads to a large, persistent increase in support for the populist far right. We document that the far right advocated for foreign currency debtors' interests by proposing aggressive debt relief and was rewarded with support from these voters. Our findings are consistent with theories emphasizing that conflict between creditors and debtors can shape political outcomes after financial crises.","trump election cash holdings firm","https://openalex.org/W4229035998","article"
"Iran’s uprisings for ‘Women, Life, Freedom’: Over-determination, crisis, and the lineages of revolt","Eskandar Sadeghi‐Boroujerdi","2023","Politics","50","True","https://doi.org/10.1177/02633957231159351","https://doi.org/10.1177/02633957231159351","This article explores the manifold lineages of crisis and revolt currently afflicting the Islamic Republic of Iran, most recently bursting forth in the 2022/2023 national uprisings where women-led mass protests and forceful rejection of mandatory veiling laws captured global attention. This interdisciplinary piece of research, bringing together several different theoretical approaches and historical literatures, interrogates and reflects upon what I call following Stuart Hall a ‘conjunctural crisis’ along the four major axes of (1) gender oppression and social reproduction; (2) the ethnocentric, dominative, and centralising nation-state and the still unresolved ‘ethno-national question’; (3) ‘religious democracy’ and the impasse of the Reform movement; and (4) authoritarian neoliberalism and the Islamic Republic’s political economy of predation. The article aims to show not only how these distinct crises have longer and more complicated lineages than might initially appear to be the case but also demonstrate how they have mutually constituted and shaped one another over the course of several decades, constituting part of a larger political and social system. Moreover, it aspires to provide a systematic and historically contextualised account of ongoing emancipatory struggles for democratic rights and liberation in today’s Iran.","trump election cash holdings firm","https://openalex.org/W4360865255","article"
"Does economic policy uncertainty matter for financial reporting quality? Evidence from the United States","Theodora Bermpei; Antonios Nikolaos Kalyvas; Lorenzo Neri; Antonella Russo","2021","Review of Quantitative Finance and Accounting","49","True","https://link.springer.com/content/pdf/10.1007/s11156-021-01010-2.pdf","https://doi.org/10.1007/s11156-021-01010-2","","trump election cash holdings firm","https://openalex.org/W3192665277","article"
"Corporate Directors' and Officers' Cybersecurity Standard of Care: The Yahoo Data Breach","Lawrence J. Trautman; Peter Ormerod","2017","eYLS (Yale Law School)","48","True","https://digitalcommons.wcl.american.edu/cgi/viewcontent.cgi?article=2199&context=aulr","","On September 22, 2016, Yahoo! Inc. (""Yahoo"") announced that a data breach and theft of information from over 500 million user accounts had taken place during 2014, marking the largest data breach ever at the time. The information stolen likely included names, birthdays, telephone numbers, email addresses, hashed passwords, and, in some cases, encrypted or unencrypted security questions and answers. Yahoo further disclosed its belief that the stolen data ""did not include unprotected passwords, payment card data, or bank account information."" Just two months before Yahoo disclosed its 2014 data breach, it announced a proposed sale of the company's core business to Verizon Communications. Then, during mid-December 2016, Yahoo announced that another 1 billion customer accounts had been compromised during 2013, a new record for largest data breach.\nSocial media and electronic commerce websites face significant risk factors, and an acquirer may inherit cyber liability and vulnerabilities. The fact pattern in this announced acquisition raises a number of important corporate governance issues: whether Yahoo's conduct leading up to the data breaches and its subsequent conduct constituted a breach of the duty to shareholders to provide security, the duty to monitor, the duty to disclose, or some combination thereof the impact on Verizon shareholders of the acquisition price renegotiation and Verizon's assumption of post-closing cyber liabilities; and whether more drastic compensation clawbacks for key Yahoo executives would be appropriate. Cybersecurity remains a threat to all enterprises, and this Article contributes to the corporate governance literature, particularly as it applies to mergers and acquisitions and the management of cyber liability risk.","trump election cash holdings firm","https://openalex.org/W3124292229","article"
"Winning the Battle, Losing the War?: Assessing the Impact of Misclassification Litigation on Workers in the Gig Economy","Veena Dubal","2017","eYLS (Yale Law School)","48","True","https://repository.uchastings.edu/faculty_scholarship/1598","","As on-demand labor platforms proliferate the independent contractor business model, plaintiffs' attorneys in the United States have filed dozens of misclassification lawsuits to secure rights and protections for workers.The conventional wisdom is that if these lawsuits are won, then they will reverse the growth of insecure work.This Article challenges this widelyheld assumption.Using empirical research, I examine the trajectories and legacies of three celebrated misclassification lawsuits from earlier moments of transportation ""gig work"" in California: Tracy v. Yellow Cab Cooperative, Friendly Cab v. NLRB, and Alexander v. FedEx.Against many odds, plaintiff workers secured judicial recognition of employee status in each of these cases.The untold, post-litigation stories, however, were surprisingly grim: workers' economic lives were no more secure-and in some cases more precarious-then before the lawsuits.While I maintain that such litigation plays an important deterrence role, this Article highlights the significant limitations of misclassification litigation victories in effecting and enforcing the rights of gig workers.Based on this data, I critique the (over) reliance on the private enforcement of employee-status to fight precarity in the on-demand gig economy and suggest lessons for future advocacy.","trump election cash holdings firm","https://openalex.org/W2767212986","article"
"Corruption and COVID-19","Susan Rose‐Ackerman","2021","EUNOMÍA Revista en Cultura de la Legalidad","45","True","https://e-revistas.uc3m.es/index.php/EUNOM/article/download/6061/4406","https://doi.org/10.20318/eunomia.2021.6061","The coronavirus pandemic has created incentives for corruption, fraud, and self-dealing that can be explained by the underlying political-economic incentives at work. Three characteristics of the COVID-19 crisis are especially important. First, the rapidly unfolding pandemic and the accompanying economic recession have led to fierce competition for essential resources. Second, governments have rapidly mobilized public funds (for both healthcare and economic stabilization) at an unprecedented scale, creating opportunities for rent-seeking of many kinds, including outright corruption. Third, politicians, bureaucrats and medical professionals exercise substantial discretion in the allocation of resources. A lack of transparency and weak oversight and enforcement have exacerbated the problems of corruption and fraud, and public measures against these offenses have not kept pace with the developing crisis. The paper discusses how these features interact in procurement processes, in government assistance to individuals and businesses, and in the development and licensing of pharmaceuticals. Those who benefit from corruption, be they contractors or individuals, will emerge from the pandemic better off than before it started if governments do not act. Tolerance of malfeasance will be at the expense of long-term government legitimacy and spread the virus to the most vulnerable. The need for a speedy response to the pandemic should not be an excuse for undermining institutions that strengthen governmental integrity.","trump election cash holdings firm","https://openalex.org/W3142513985","article"
"The Tax Advantage of Big Business: How the Structure of Corporate Taxation Fuels Concentration and Inequality","Sandy Brian Hager; Joseph Baines","2020","Politics & Society","43","True","https://journals.sagepub.com/doi/pdf/10.1177/0032329220911778","https://doi.org/10.1177/0032329220911778","Corporate concentration in the United States has been on the rise in recent years, sparking a heated debate about its causes, consequences, and potential remedies. This article examines a facet of public policy that has been neglected in the debate: corporate taxation. Developing the first empirical mapping of the effective tax rates of nonfinancial corporations disaggregated by size and broken down by jurisdiction, the article reveals a striking tax advantage for big business at home and abroad. The analysis goes on to show how persistent regressivity in the tax structure is bound up with the increasing relative power of large corporations within the corporate universe, as well as a shift in firm-level power relations. As large corporations become less disposed to investments that may indirectly benefit ordinary workers, they become more disposed to shareholder value enhancement that directly benefits the asset-rich. What this means is that the corporate tax structure is connected not only to rising corporate concentration but also to widening household inequality.","trump election cash holdings firm","https://openalex.org/W3009915535","article"
"Italy's embrace of the Belt and Road Initiative: populist foreign policy and political marketing","Giulio Pugliese; Francesca Ghiretti; Aurelio Insisa","2022","International Affairs","43","True","https://academic.oup.com/ia/article-pdf/98/3/1033/43589004/iiac039.pdf","https://doi.org/10.1093/ia/iiac039","Abstract Are populist governments harbingers of foreign policy disruption? The foreign policy of western Europe's first all-out populist coalition government constitutes a good window to address this question. Italy's ‘Yellow–Green’ government's decision to embrace China's Belt and Road Initiative (BRI) in 2019 has been understood as an important rupture from Italy's traditional Euro-Atlantic foreign policy. On the basis of substantial empirical research, especially elite interviews and official documentation, this article finds instead continuity with previous administrations' overtures to Beijing, including non-opposition from the EU and active engagement by the bureaucratic establishment. This article makes a contribution to the study of populism and foreign policy by positing that political marketing constitutes the key intervening variable that accounts for populist governments' rhetorical differentiation to local electorate and international counterparts alike. The Italian case demonstrates that populist ‘ruptures’ may well be about style and electioneering tactics, over substance and policy strategy. Considering the still growing number of governments that decide to sign into the BRI, most lately that of Argentina, policy-makers and observers ought to assess to what extent these are real commitments, or rather a smokescreen of marketing practices that does not change the relationship between China and the target country in any substantial manner.","trump election cash holdings firm","https://openalex.org/W4225762452","article"
"South American Expert Roundtable: Increasing Adaptive Governance Capacity for Coping with Unintended Side Effects of Digital Transformation","Gabriela Viale Pereira; Elsa Estévez; Diego Cardona; Carlos Iván Chesñevar; Pablo Collazzo; Maria Alexandra Cunha","2020","Sustainability","42","True","https://www.mdpi.com/2071-1050/12/2/718/pdf?version=1579745730","https://doi.org/10.3390/su12020718","This paper presents the main messages of a South American expert roundtable (ERT) on the unintended side effects (unseens) of digital transformation. The input of the ERT comprised 39 propositions from 20 experts representing 11 different perspectives. The two-day ERT discussed the main drivers and challenges as well as vulnerabilities or unseens and provided suggestions for: (i) the mechanisms underlying major unseens; (ii) understanding possible ways in which rebound effects of digital transformation may become the subject of overarching research in three main categories of impact: development factors, society, and individuals; and (iii) a set of potential action domains for transdisciplinary follow-up processes, including a case study in Brazil. A content analysis of the propositions and related mechanisms provided insights in the genesis of unseens by identifying 15 interrelated causal mechanisms related to critical issues/concerns. Additionally, a cluster analysis (CLA) was applied to structure the challenges and critical developments in South America. The discussion elaborated the genesis, dynamics, and impacts of (groups of) unseens such as the digital divide (that affects most countries that are not included in the development of digital business, management, production, etc. tools) or the challenge of restructuring small- and medium-sized enterprises (whose service is digitally substituted by digital devices). We identify specific issues and effects (for most South American countries) such as lack of governmental structure, challenging geographical structures (e.g., inclusion in high-performance transmission power), or the digital readiness of (wide parts) of society. One scientific contribution of the paper is related to the presented methodology that provides insights into the phenomena, the causal chains underlying “wanted/positive” and “unwanted/negative” effects, and the processes and mechanisms of societal changes caused by digitalization.","trump election cash holdings firm","https://openalex.org/W2999541183","article"
"COVID-19 and corporate tax avoidance: International evidence","A Athira; Vishnu K. Ramesh","2023","International Business Review","41","True","https://pmc.ncbi.nlm.nih.gov/articles/PMC10198770/pdf/main.pdf","https://doi.org/10.1016/j.ibusrev.2023.102143","","trump election cash holdings firm","https://openalex.org/W4375949664","article"
"‘Post‐Third‐World City' or Neoliberal ‘City of Exception'? Rio de Janeiro in the Olympic Era","Matthew A. Richmond; Jeff Garmany","2016","International Journal of Urban and Regional Research","40","True","https://onlinelibrary.wiley.com/doi/pdfdirect/10.1111/1468-2427.12338","https://doi.org/10.1111/1468-2427.12338","Abstract This article considers processes of urban development within the context of mega‐event preparations in Rio de Janeiro. We begin with a brief overview of these development processes, highlighting their connections to political and economic change in recent years. Proponents of these mega‐event‐led initiatives argue that Rio is undergoing a period of inclusive growth and integration: a perspective we call here a ‘post‐Third‐World city' narrative of urban renewal. Critics, however, contend that urban officials are harnessing mega‐events (e.g. the 2014 World Cup and the 2016 Olympic Games) to push forward a neoliberal agenda of socially unjust policies benefiting the interests of capital and marginalizing the city's poor and especially its favelas (i.e. the ‘city‐of‐exception' thesis). In this article we explore the insights of these two perspectives and consider why they have grown popular in recent years. Though we side generally with the city‐of‐exception thesis, we argue that important geographic and historical particularities must also be accounted for. Without carefully situating analytical perspectives empirically—in particular, cases in which theoretical models are drawn from European and North American contexts—urban researchers risk concealing more than they reveal in analyses of rapidly developing countries like Brazil.","trump election cash holdings firm","https://openalex.org/W2500154032","article"
"COVID-19 vaccine acceptance and hesitancy in low- and middle-income countries","Julio S. Solís Arce; Shana S. Warren; Niccolò F. Meriggi; Alexandra Scacco; Nina McMurry; Maarten Voors","2021","Nature Medicine","1126","True","https://www.nature.com/articles/s41591-021-01454-y.pdf","https://doi.org/10.1038/s41591-021-01454-y","Widespread acceptance of COVID-19 vaccines is crucial for achieving sufficient immunization coverage to end the global pandemic, yet few studies have investigated COVID-19 vaccination attitudes in lower-income countries, where large-scale vaccination is just beginning. We analyze COVID-19 vaccine acceptance across 15 survey samples covering 10 low- and middle-income countries (LMICs) in Asia, Africa and South America, Russia (an upper-middle-income country) and the United States, including a total of 44,260 individuals. We find considerably higher willingness to take a COVID-19 vaccine in our LMIC samples (mean 80.3%; median 78%; range 30.1 percentage points) compared with the United States (mean 64.6%) and Russia (mean 30.4%). Vaccine acceptance in LMICs is primarily explained by an interest in personal protection against COVID-19, while concern about side effects is the most common reason for hesitancy. Health workers are the most trusted sources of guidance about COVID-19 vaccines. Evidence from this sample of LMICs suggests that prioritizing vaccine distribution to the Global South should yield high returns in advancing global immunization coverage. Vaccination campaigns should focus on translating the high levels of stated acceptance into actual uptake. Messages highlighting vaccine efficacy and safety, delivered by healthcare workers, could be effective for addressing any remaining hesitancy in the analyzed LMICs.","trump 2016 cash firm policy","https://openalex.org/W3182978015","article"
"Firm‐Level Climate Change Exposure","Zacharias Sautner; Laurence van Lent; Grigory Vilkov; RUISHEN ZHANG","2023","The Journal of Finance","1090","True","https://onlinelibrary.wiley.com/doi/pdfdirect/10.1111/jofi.13219","https://doi.org/10.1111/jofi.13219","ABSTRACT We develop a method that identifies the attention paid by earnings call participants to firms' climate change exposures. The method adapts a machine learning keyword discovery algorithm and captures exposures related to opportunity, physical, and regulatory shocks associated with climate change. The measures are available for more than 10,000 firms from 34 countries between 2002 and 2020. We show that the measures are useful in predicting important real outcomes related to the net‐zero transition, in particular, job creation in disruptive green technologies and green patenting, and that they contain information that is priced in options and equity markets.","trump 2016 cash firm policy","https://openalex.org/W4322624932","article"
"Resiliency of Environmental and Social Stocks: An Analysis of the Exogenous COVID-19 Market Crash","Rui Albuquerque; Yrjö Koskinen; Shuai Yang; Chendi Zhang","2020","The Review of Corporate Finance Studies","1071","True","https://academic.oup.com/rcfs/article-pdf/9/3/593/33880102/cfaa011.pdf","https://doi.org/10.1093/rcfs/cfaa011","The COVID-19 pandemic and the subsequent lockdown brought about an exogenous and unparalleled stock market crash. The crisis thus provides a unique opportunity to test theories of environmental and social (ES) policies. This paper shows that stocks with higher ES ratings have significantly higher returns, lower return volatility, and higher operating profit margins during the first quarter of 2020. ES firms with higher advertising expenditures experience higher stock returns, and stocks held by more ES-oriented investors experience less return volatility during the crash. This paper highlights the importance of customer and investor loyalty to the resiliency of ES stocks.","trump 2016 cash firm policy","https://openalex.org/W3021084400","article"
"COVID-19 and digitalization: The great acceleration","Joseph Amankwah‐Amoah; Zaheer Khan; Geoffrey Wood; Gary Knight","2021","Journal of Business Research","881","True","https://kar.kent.ac.uk/89629/1/JBR_ManuscripAugust2021R%26R3final%20REF.pdf","https://doi.org/10.1016/j.jbusres.2021.08.011","","trump 2016 cash firm policy","https://openalex.org/W3191826040","article"
"ESG practices and the cost of debt: Evidence from EU countries","Yasser Eliwa; Ahmed Aboud; Ahmed Saleh","2019","Critical Perspectives on Accounting","822","True","http://bura.brunel.ac.uk/bitstream/2438/26135/1/FullText.pdf","https://doi.org/10.1016/j.cpa.2019.102097","","trump 2016 cash firm policy","https://openalex.org/W2964689802","article"
"Will COVID-19 fiscal recovery packages accelerate or retard progress on climate change?","Cameron Hepburn; Brian O’Callaghan; Nicholas Stern; Joseph E. Stiglitz; Dimitri Zenghelis","2020","Oxford Review of Economic Policy","756","True","https://academic.oup.com/oxrep/article-pdf/36/Supplement_1/S359/33798391/graa015.pdf","https://doi.org/10.1093/oxrep/graa015","The COVID-19 crisis is likely to have dramatic consequences for progress on climate change. Imminent fiscal recovery packages could entrench or partly displace the current fossil-fuel-intensive economic system. Here, we survey 231 central bank officials, finance ministry officials, and other economic experts from G20 countries on the relative performance of 25 major fiscal recovery archetypes across four dimensions: speed of implementation, economic multiplier, climate impact potential, and overall desirability. We identify five policies with high potential on both economic multiplier and climate impact metrics: clean physical infrastructure, building efficiency retrofits, investment in education and training, natural capital investment, and clean R&D. In lower- and middle-income countries (LMICs) rural support spending is of particular value while clean R&D is less important. These recommendations are contextualised through analysis of the short-run impacts of COVID-19 on greenhouse gas curtailment and plausible medium-run shifts in the habits and behaviours of humans and institutions.","trump 2016 cash firm policy","https://openalex.org/W3020975734","article"
"What does the COVID-19 pandemic teach us about global value chains? The case of medical supplies","Gary Gereffi","2020","Journal of International Business Policy","636","True","https://link.springer.com/content/pdf/10.1057/s42214-020-00062-w.pdf","https://doi.org/10.1057/s42214-020-00062-w","","trump 2016 cash firm policy","https://openalex.org/W3041042264","article"
"Bouncing forward: a resilience approach to dealing with COVID-19 and future systemic shocks","William Hynes; Benjamin D. Trump; Patrick Love; Igor Linkov","2020","Environment Systems & Decisions","618","True","https://link.springer.com/content/pdf/10.1007/s10669-020-09776-x.pdf","https://doi.org/10.1007/s10669-020-09776-x","","trump 2016 cash firm policy","https://openalex.org/W3032443639","article"
"Corporate digital responsibility","Lara Lobschat; Benjamin Mueller; Felix Eggers; Laura Brandimarte; Sarah Diefenbach; Mirja Kroschke","2019","Journal of Business Research","484","True","https://doi.org/10.1016/j.jbusres.2019.10.006","https://doi.org/10.1016/j.jbusres.2019.10.006","We propose that digital technologies and related data become increasingly prevalent and that, consequently, ethical concerns arise. Looking at four principal stakeholders, we propose corporate digital responsibility (CDR) as a novel concept. We define CDR as the set of shared values and norms guiding an organization's operations with respect to four main processes related to digital technology and data. These processes are the creation of technology and data capture, operation and decision making, inspection and impact assessment, and refinement of technology and data. We expand our discussion by highlighting how to managerially effectuate CDR compliant behavior based on an organizational culture perspective. Our conceptualization unlocks future research opportunities, especially regarding pertinent antecedents and consequences. Managerially, we shed first light on how an organization's shared values and norms regarding CDR can get translated into actionable guidelines for users. This provides grounds for future discussions related to CDR readiness, implementation, and success.","trump 2016 cash firm policy","https://openalex.org/W2981899967","article"
"Mapping Internet Celebrity on TikTok: Exploring Attention Economies and Visibility Labours","Crystal Abidin","2020","Cultural Science Journal","480","True","https://www.sciendo.com/pdf/10.5334/csci.140","https://doi.org/10.5334/csci.140","Abstract With its rapid uptake among young people around the world, it is no surprise that TikTok is buzzing with cultures and practices of internet celebrity. Most notably, the platform is becoming more commercial and professionalized with the rise of TikTok Influencers, advertising networks, and agencies dedicated to monetizing content and embedding advertising on TikTok, and top TikTok Influencers raking in millions in income annually. However, little is known about the constitution of internet celebrity on TikTok yet, and existing models of internet celebrity on predecessor apps like Instagram and YouTube do not neatly apply to the distinctive terrain of TikTok. As such, this paper is an exploratory study into the makings of internet celebrity cultures on TikTok, focused on how attention economy and visibility labour practices have emerged as a result of the app’s features. With empirical data drawn from an extended period in-depth digital ethnography, and analyses and insights informed and supported by traditional anthropological participant observation and personal interviews with TikTok Influencers and agencies, this scoping paper offers a foundation for how celebrity, attention, and visibility are constituted across TikTok’s platform norms and features.","trump 2016 cash firm policy","https://openalex.org/W3123415290","article"
"The technology and economic determinants of cryptocurrency exchange rates: The case of Bitcoin","Xin Li; Chong Wang","2016","Decision Support Systems","471","True","https://scholars.cityu.edu.hk/en/publications/the-technology-and-economic-determinants-of-cryptocurrency-exchan","https://doi.org/10.1016/j.dss.2016.12.001","","trump 2016 cash firm policy","https://openalex.org/W3007374507","article"
"Bolsonaro and Brazil's Illiberal Backlash","Wendy Hunter; Timothy J. Power","2019","Journal of democracy","460","True","https://muse.jhu.edu/pub/1/article/713723","https://doi.org/10.1353/jod.2019.0005","Brazilian voters delivered a sweeping victory to presidential candidate Jair Bolsonaro, putting the far-right populist at the helm of the world's fourth-largest democracy. After a raucous campaign in which the former army captain demonized his political opponents and promised to save the country from total ruin, Bolsonaro handed a stinging defeat to the left-leaning Workers' Party (PT), which had governed Brazil from 2003 to 2016. Social media, along with networks of Pentecostal churches, helped to disseminate Bolsonaro's incendiary messages and organize his broad multiclass following.","trump 2016 cash firm policy","https://openalex.org/W2911026890","article"
"The Organizational Reproduction of Inequality","John Amis; Johanna Mair; Kamal A. Munir","2019","Academy of Management Annals","442","True","http://hdl.handle.net/20.500.11820/ffe6689d-f349-4603-94d7-1ba5552e923f","https://doi.org/10.5465/annals.2017.0033","With societal inequalities continuing to increase and organizations providing the vast majority of people with their income, we wanted to assess the ways in which organizational practices are implicated in the burgeoning of social and economic inequality. Following an integrative review of the literature drawn from across the social sciences, we found that the multiple ways in which five major organizational practices—hiring, role allocation, promotion, compensation, and structuring—are enacted emerged as being central to the reproduction of inequality. We also uncovered how the persistence of these practices, and the inequality they induce, can be largely attributed to a constellation of three highly institutionalized myths, efficiency, meritocracy, and positive globalization. Our analysis further reveals how, as scholars, we bear a corresponding responsibility to reconsider how we engage in research on and teaching about organizations. The implications of this for our future work are discussed.","trump 2016 cash firm policy","https://openalex.org/W2989347311","article"
"Social Norms as a Barrier to Women’s Employment in Developing Countries","Seema Jayachandran","2021","IMF Economic Review","402","True","http://www.nber.org/papers/w27449.pdf","https://doi.org/10.1057/s41308-021-00140-w","","trump 2016 cash firm policy","https://openalex.org/W2988345666","article"
"COVID-19 and business failures: The paradoxes of experience, scale, and scope for theory and practice","Joseph Amankwah‐Amoah; Zaheer Khan; Geoffrey Wood","2020","European Management Journal","360","True","https://kar.kent.ac.uk/82752/1/EMJ_Covid_Aug_2020Accepted%20version.pdf","https://doi.org/10.1016/j.emj.2020.09.002","","trump 2016 cash firm policy","https://openalex.org/W3083244312","article"
"Socio-demographic factors associated with self-protecting behavior during the Covid-19 pandemic","Nicholas Papageorge; Matthew Zahn; Michèle Bélot; Eline van den Broek‐Altenburg; Syngjoo Choi; Julian Jamison","2021","Journal of Population Economics","352","True","https://link.springer.com/content/pdf/10.1007/s00148-020-00818-x.pdf","https://doi.org/10.1007/s00148-020-00818-x","Given the role of human behavior in the spread of disease, it is vital to understand what drives people to engage in or refrain from health-related behaviors during a pandemic. This paper examines factors associated with the adoption of self-protective health behaviors, such as social distancing and mask wearing, at the start of the Covid-19 pandemic in the USA. These behaviors not only reduce an individual's own risk of infection but also limit the spread of disease to others. Despite these dual benefits, universal adoption of these behaviors is not assured. We focus on the role of socioeconomic differences in explaining behavior, relying on data collected in April 2020 during the early stages of the Covid-19 pandemic. The data include information on income, gender and race along with unique variables relevant to the current pandemic, such as work arrangements and housing quality. We find that higher income is associated with larger changes in self-protective behaviors. These gradients are partially explained by the fact that people with less income are more likely to report circumstances that make adopting self-protective behaviors more difficult, such as an inability to tele-work. Both in the USA and elsewhere, policies that assume universal compliance with self-protective measures-or that otherwise do not account for socioeconomic differences in the costs of doing so-are unlikely to be effective or sustainable.","trump 2016 cash firm policy","https://openalex.org/W3034911428","article"
"Speculative futures on ChatGPT and generative artificial intelligence (AI): A collective reflection from the educational landscape","Aras Bozkurt; J. Xiao; Steven Imanuel Lambert; A. Pazurek; H. Crompton; S. Koseoglu","2023","Dublin City University Open Access Institutional Repository (Dublin City University)","322","True","https://doras.dcu.ie/28544/1/Speculative%20Futures%20on%20ChatGPT%202023.pdf","https://doi.org/10.5281/zenodo.7636568","While ChatGPT has recently become very popular, AI has a long history and philosophy. This paper intends to explore the promises and pitfalls of the Generative Pre-trained Transformer (GPT) AI and potentially future technologies by adopting a speculative methodology. Speculative future narratives with a specific focus on educational contexts are provided in an attempt to identify emerging themes and discuss their implications for education in the 21st century. Affordances of (using) AI in Education (AIEd) and possible adverse effects are identified and discussed which emerge from the narratives. It is argued that now is the best of times to define human vs AI contribution to education because AI can accomplish more and more educational activities that used to be the prerogative of human educators. Therefore, it is imperative to rethink the respective roles of technology and human educators in education with a future-oriented mindset.","trump 2016 cash firm policy","https://openalex.org/W4327672398","article"
"The Developmental State: Dead or Alive?","Robert Wade","2018","Development and Change","317","True","https://researchonline.lse.ac.uk/id/eprint/87356/1/Wade_%20Developmental%20State.pdf","https://doi.org/10.1111/dech.12381","ABSTRACT Before the 1980s, the mainstream Western prescription for developing countries to catch up with the West assigned the state a leading role in governing the market. In the 1980s, this shifted to a framework‐providing role in a largely deregulated and maximally open economy. Also in the 1980s, it became apparent that some East Asian capitalist economies were growing so fast that they would become ‘developed’ in the foreseeable future, marking them out as completely exceptional. Mainstream economists explained their success as the result of following the Western prescription, while other scholars attributed this rapid growth to ‘the developmental state’. This essay compares these two explanations of successful economic development, concluding in favour of the latter — with respect to the catch‐up decades. But what happened subsequently? Several scholars who accept the key role of the developmental state in the early period of fast industrialization in East Asia now argue that South Korea, Taiwan and Singapore have transformed from developmental to close‐to‐neoliberal states. This contribution argues that the erstwhile East Asian developmental states have indeed changed, but they have not transformed into neoliberal states. Rather they have adapted and evolved, but still undertake market‐steering, ‘societal mission’ roles well beyond neoliberal limits. The essay also suggests how other developing countries can learn lessons from their experience.","trump 2016 cash firm policy","https://openalex.org/W2790445285","article"
"Immigration in American Economic History","Ran Abramitzky; Leah Platt Boustan","2017","Journal of Economic Literature","295","True","https://www.aeaweb.org/articles/pdf/doi/10.1257/jel.20151189","https://doi.org/10.1257/jel.20151189","The United States has long been perceived as a land of opportunity for immigrants. Yet, both in the past and today, US natives have expressed concern that immigrants fail to integrate into US society and lower wages for existing workers. This paper reviews the literatures on historical and contemporary migrant flows, yielding new insights on migrant selection, assimilation of immigrants into US economy and society, and the effect of immigration on the labor market.","trump 2016 cash firm policy","https://openalex.org/W2269340514","article"
"The COVID-19 pandemic: Lessons on building more equal and sustainable societies","Kristin van Barneveld; Michael Quinlan; Peter Kriesler; Anne Junor; Fran Baum; Anis Chowdhury","2020","The Economic and Labour Relations Review","280","True","https://www.cambridge.org/core/services/aop-cambridge-core/content/view/ADEDC40044263E87C857DDC52506324D/S103530460000051Xa.pdf/div-class-title-the-covid-19-pandemic-lessons-on-building-more-equal-and-sustainable-societies-div.pdf","https://doi.org/10.1177/1035304620927107","Abstract This discussion paper by a group of scholars across the fields of health, economics and labour relations argues that COVID-19 is an unprecedented humanitarian crisis from which there can be no return to the ‘old normal’. The pandemic’s disastrous worldwide health impacts have been exacerbated by, and have compounded, the unsustainability of economic globalisation based on the neoliberal dismantling of state capabilities in favour of markets. Flow-on economic impacts have simultaneously created major supply and demand disruptions, and highlighted the growing within-country inequalities and precarity generated by neoliberal regimes of labour market regulation. Taking an Australian and international perspective, we examine these economic and labour market impacts, paying particular attention to differential impacts on First Nations people, developing countries, women, immigrants and young people. Evaluating policy responses in a political climate of national and international leadership very different from those in which major twentieth century crises were addressed, we argue the need for a national and international conversation to develop a new pathway out of crisis.","trump 2016 cash firm policy","https://openalex.org/W3027720260","article"
"COVID-19, Societalization, and the Future of Business in Society","Stephen Brammer; Layla Branicki; Martina K. Linnenluecke","2020","Academy of Management Perspectives","261","True","https://purehost.bath.ac.uk/ws/files/210463863/AMP_Societalization_FINAL_w_Authors.pdf","https://doi.org/10.5465/amp.2019.0053","COVID-19 is profoundly affecting almost all aspects of economic and social life globally. Governments have closed borders, banned mass gatherings, and enforced social distancing, generating a new normal for businesses and individual citizens. Measures taken to protect public health have threatened the global economy, necessitating economic stimulus in most countries and reconfiguring the role of business in society. Will the role of business in society return to normal after COVID-19, or will it be reconfigured in enduring and impactful ways? We use Alexander’s (2018, 2019) theory of “societalization” to examine how socially disruptive extreme events affect the role of business in society. To address this, we apply societalization to the revelatory example of COVID-19 and evaluate its impact on society. Our analysis of the societalization of COVID-19 in the United States shows that concern regarding pandemic disease has moved from the governmental inside to the civic outside, placing strain on society and leading to regulatory response and a significant societal backlash. We discuss three scenarios regarding the long-term impact of COVID-19 on the role of business in society, suggest that societalization provides useful insights into other socially disruptive extreme events, and identify implications for future business and society research.","trump 2016 cash firm policy","https://openalex.org/W3036230919","article"
"Varieties of academic capitalism and entrepreneurial universities","Bob Jessop","2017","Higher Education","227","True","https://link.springer.com/content/pdf/10.1007%2Fs10734-017-0120-6.pdf","https://doi.org/10.1007/s10734-017-0120-6","This article begins with a brief review of research on the development of ideas about the knowledge-based economy (analysed here as ‘economic imaginaries’) and their influence on how social forces within and beyond the academy have attempted to reorganize higher education and research in response to real and perceived challenges and crises in the capitalist order since the mid-1970s. This provides the historical context for three ‘thought experiments’ about other aspects of the development of academic capitalism. The first involves a reductio ad absurdum argument about different potential steps in the economization, marketization and financialization of education and research and is illustrated from recent changes in higher education. The second maps actual strategies of the entrepreneurial university and their role in shaping academic capitalism. The third speculates on possible forms of ‘political’ academic capitalism and their changing places in the interstices of the other trends posited in these thought experiments. The article ends with suggestions for a research agendum that goes beyond thought experiments to substantive empirical investigations.","trump 2016 cash firm policy","https://openalex.org/W2586966223","article"
"Further reflections on the temporality of energy transitions: A response to critics","Benjamin K. Sovacool; Frank W. Geels","2016","Energy Research & Social Science","220","True","https://research.manchester.ac.uk/en/publications/c32dc799-6c82-4eb3-8bb9-78e5aecae1b2","https://doi.org/10.1016/j.erss.2016.08.013","In tandem with the call for more careful, thoughtful, reflexive thinking on the topic of energy transitions, in this paper we attempt to unpack some of the themes advanced in this Debate. We begin by investigating the multi-dimensionality of energy transitions as well as transition speeds for different parts of energy systems at different scales. We then call on analysts to consider transition speeds and scalar levels. We also argue for focusing on accelerated diffusion driven by rapid changes in cost, improvements in technology, or other factors.","trump 2016 cash firm policy","https://openalex.org/W2536355612","article"
"The world economy will need even more globalization in the post-pandemic 2021 decade","Farok J. Contractor","2021","Journal of International Business Studies","211","True","https://link.springer.com/content/pdf/10.1057/s41267-020-00394-y.pdf","https://doi.org/10.1057/s41267-020-00394-y","","trump 2016 cash firm policy","https://openalex.org/W3126211057","article"
"Do Responsible Investors Invest Responsibly?","Rajna Gibson Brandon; Simon Gloßner; Philipp Krueger; Pedro Matos; Tom Steffen","2022","European Finance Review","205","True","https://academic.oup.com/rof/article-pdf/26/6/1389/47018527/rfac064.pdf","https://doi.org/10.1093/rof/rfac064","Abstract We study whether institutional investors that sign the Principles for Responsible Investment (PRI), a commitment to responsible investing, exhibit better portfolio-level environmental, social, and governance (ESG) scores. Signatories outside of the USA have superior ESG scores than nonsignatories, but US signatories have at best similar ESG ratings, and worse scores if they have underperformed recently, are retail-client facing, and joined the PRI late. US signatories do not improve the ESG scores of portfolio companies after investing in them. Commercial motives, uncertainty about fiduciary duties, and lower ESG market maturity explain why US-domiciled PRI signatories do not follow through on their responsible investment commitments.","trump 2016 cash firm policy","https://openalex.org/W4296816688","article"
"Why the world economy needs, but will not get, more globalization in the post-COVID-19 decade","Luciano Ciravegna; Snejina Michailova","2021","Journal of International Business Studies","204","True","https://link.springer.com/content/pdf/10.1057/s41267-021-00467-6.pdf","https://doi.org/10.1057/s41267-021-00467-6","","trump 2016 cash firm policy","https://openalex.org/W3197339827","article"
"Mapping disruption and resilience mechanisms in food systems","Serge Savary; Sonia Akter; Conny Almekinders; Jody Harris; Lisé Korsten; Reimund P. Rötter","2020","Food Security","203","True","https://link.springer.com/content/pdf/10.1007/s12571-020-01093-0.pdf","https://doi.org/10.1007/s12571-020-01093-0","","trump 2016 cash firm policy","https://openalex.org/W3047102513","article"
"The causes and impact of business failure among small to micro and medium enterprises in South Africa","Bernard Bushe","2019","Africa’s Public Service Delivery and Performance Review","198","True","https://apsdpr.org/index.php/apsdpr/article/download/210/362","https://doi.org/10.4102/apsdpr.v7i1.210","Background: Over 70% of small to micro and medium enterprises (SMMEs) in South Africa fold within the first 5–7 years of inception and there is generally no agreement among scholars and experts as to why this is so. Aim: This study conducts an empirical review of literature which summarises itself into a hypothetical framework, putting the causes of SMME failure into some reasonable perspective and finally making suggestions for further enquiry into the subject in future. Setting: This study is located in the Republic of South Africa where SMME failure and success are important among national strategic priorities in the wake of many economic hardships, chief among which are unemployment, poverty, as well as HIV and AIDS. Methods: This study conducted an empirical review of literature from an explorative perspective focusing on the causes and impact of SMME failure in South Africa. Results: Because of varied SMME failure factors, this study consolidated its findings around three factors: entrepreneur incapacity, environmental inauspiciousness and enterprise incompetence. All these are attributed to poor understanding of the varied needs of SMME at each stage of its growth process. The impacts are loss of jobs and income, poverty, social evils and unemployment, among others. Conclusion: Every SMME failure situation ought to be reviewed as a unique case and treated on its own merit. Consequently, the success of SMMEs would be found in the reverse of these elements, namely, entrepreneur capacity, enterprise competitiveness and environmental conduciveness (alignment).","trump 2016 cash firm policy","https://openalex.org/W2914577402","article"
"The clean energy claims of BP, Chevron, ExxonMobil and Shell: A mismatch between discourse, actions and investments","Mei Li; Gregory Trencher; Jusen Asuka","2022","PLoS ONE","197","True","https://journals.plos.org/plosone/article/file?id=10.1371/journal.pone.0263596&type=printable","https://doi.org/10.1371/journal.pone.0263596","The energy products of oil and gas majors have contributed significantly to global greenhouse gas emissions (GHG) and planetary warming over the past century. Decarbonizing the global economy by mid-century to avoid dangerous climate change thus cannot occur without a profound transformation of their fossil fuel-based business models. Recently, several majors are increasingly discussing clean energy and climate change, pledging decarbonization strategies, and investing in alternative energies. Some even claim to be transforming into clean energy companies. Given a history of obstructive climate actions and ""greenwashing"", there is a need to objectively evaluate current and historical decarbonization efforts and investment behavior. This study focuses on two American (Chevron, ExxonMobil) and two European majors (BP, Shell). Using data collected over 2009-2020, we comparatively examine the extent of decarbonization and clean energy transition activity from three perspectives: (1) keyword use in annual reports (discourse); (2) business strategies (pledges and actions); and (3) production, expenditures and earnings for fossil fuels along with investments in clean energy (investments). We found a strong increase in discourse related to ""climate"", ""low-carbon"" and ""transition"", especially by BP and Shell. Similarly, we observed increasing tendencies toward strategies related to decarbonization and clean energy. But these are dominated by pledges rather than concrete actions. Moreover, the financial analysis reveals a continuing business model dependence on fossil fuels along with insignificant and opaque spending on clean energy. We thus conclude that the transition to clean energy business models is not occurring, since the magnitude of investments and actions does not match discourse. Until actions and investment behavior are brought into alignment with discourse, accusations of greenwashing appear well-founded.","trump 2016 cash firm policy","https://openalex.org/W4212810721","article"
"Migration and the invisible economies of care: Production, social reproduction and seasonal migrant labour in India","Alpa Shah; Jens Lerche","2020","Transactions of the Institute of British Geographers","193","True","https://onlinelibrary.wiley.com/doi/pdfdirect/10.1111/tran.12401","https://doi.org/10.1111/tran.12401","This paper focuses on the processes of migrant labour exploitation which are crucial for capitalist growth and the inequalities they generate. Ethnographic research conducted in different sites across India shows how patterns of seasonal labour migration are driven by class relations marked by hierarchies of identity (caste and tribe) and the spatial geopolitics of internal colonialism (region) – differences that are mobilised for accumulation. Labour migration scholarship has mainly explored sites of production. We extend recent social reproduction theory (SRT) and an older literature on labour migration and reproduction to argue that the intimate relationship between production and social reproduction is crucial to the exploitation of migrant labour and that this means we have to place centre‐stage the analysis of invisible economies of care which take place across spatiotemporally divided households, both in the place of migration and in the home regions of migrants. Furthermore, we develop recent work on SRT and migration to argue that an analysis of kinship (gender over generations, not just gender) is crucial to these invisible economies of care. This analysis is important in showing the machinations of capitalist growth and for political alternatives.","trump 2016 cash firm policy","https://openalex.org/W3040646632","article"
"The Cost of the COVID-19 Crisis: Lockdowns, Macroeconomic Expectations, and Consumer Spending","Olivier Coibion; Yuriy Gorodnichenko; Michael Weber","2020","SSRN Electronic Journal","187","True","https://papers.ssrn.com/sol3/Delivery.cfm?abstractid=3603849","https://doi.org/10.2139/ssrn.3603849","","trump 2016 cash firm policy","https://openalex.org/W4285716970","article"
"Can Corporate Income Tax Cuts Stimulate Innovation?","Julian Atanassov; Xiaoding Liu","2019","Journal of Financial and Quantitative Analysis","181","True","https://www.cambridge.org/core/services/aop-cambridge-core/content/view/158008954E218B436A4391EDAD69DC9F/S0022109019000152a.pdf/div-class-title-can-corporate-income-tax-cuts-stimulate-innovation-div.pdf","https://doi.org/10.1017/s0022109019000152","We hypothesize that corporate income taxes distort firms’ incentives to innovate by reducing their pledgeable income. Using a differences-in-differences methodology, we document that large corporate income tax cuts boost corporate innovation. We find a similar but opposite effect for tax increases. Most of the change in innovation occurs 2 or more years after the tax change, and there’s no effect before the tax change. Exploring the mechanisms, we show that tax cuts have a stronger impact on innovation for firms with weaker governance, greater financial constraints, fewer tangible assets, smaller patent stock, and a greater degree of tax avoidance.","trump 2016 cash firm policy","https://openalex.org/W3124631624","article"
"The 2020 Covid-19 pandemic and global value chains","Roger Strange","2020","Journal of Industrial and Business Economics","180","True","https://link.springer.com/content/pdf/10.1007/s40812-020-00162-x.pdf","https://doi.org/10.1007/s40812-020-00162-x","Abstract This paper considers the impact of the Covid-19 pandemic on firm strategies and, in particular, the configuration of firms’ global value chains (GVCs) once the pandemic has been brought under control. The merits of alternative location strategies (international diversification vs reshoring) are compared, as are the merits of different governance arrangements (internalization vs externalization) for GVC activities. The possibility of fire-sale foreign direct investment is raised, and the wider geopolitical context is emphasized. The widespread human tragedy is noted, as is the dilemma facing national governments around the world in balancing lives and livelihoods.","trump 2016 cash firm policy","https://openalex.org/W3033533187","article"
"Jobs for the Heartland: Place-Based Policies in 21st-Century America","Benjamin Austin; Edward Glaeser; Lawrence H. Summers","2018","Brookings Papers on Economic Activity","177","True","https://muse.jhu.edu/pub/11/article/707706","https://doi.org/10.1353/eca.2018.0002","The economic convergence of U.S. regions has slowed greatly, and rates of long-term nonemployment have even been diverging. Simultaneously, the rate of nonemployment for working age men has nearly tripled over the last 50 years, generating a social problem that is disproportionately centered in the eastern parts of the American heartland. Should more permanent economic divisions across space lead U.S. economists to rethink their traditional skepticism about place-based policies? We document that increases in labor demand appear to have greater effects on employment in areas where not working has been historically high, suggesting that subsidizing employment in such places could reduce the rate of not working. Proemployment policies, such as a ramped-up Earned Income Tax Credit, that are targeted toward regions with more elastic employment responses, however financed, could plausibly reduce suffering and materially improve economic performance.","trump 2016 cash firm policy","https://openalex.org/W2800398702","article"
"Authoritarian Audiences, Rhetoric, and Propaganda in International Crises: Evidence from China","Jessica Chen Weiss; Allan Dafoe","2019","International Studies Quarterly","167","True","https://academic.oup.com/isq/article-pdf/63/4/963/31169688/sqz059.pdf","https://doi.org/10.1093/isq/sqz059","Abstract How do government rhetoric and propaganda affect mass reactions in international crises? Using two scenario-based survey experiments in China, one hypothetical and one that selectively reminds respondents of recent events, we assess how government statements and propaganda impact Chinese citizens’ approval of their government's performance in its territorial and maritime disputes. We find evidence that citizens disapprove more of inaction after explicit threats to use force, suggesting that leaders can face public opinion costs akin to audience costs in an authoritarian setting. However, we also find evidence that citizens approve of bluster—vague and ultimately empty threats—suggesting that talking tough can provide benefits, even in the absence of tough action. In addition, narratives that invoke future success to justify present restraint increase approval, along with frames that emphasize a shared history of injustice at the hands of foreign powers.","trump 2016 cash firm policy","https://openalex.org/W2972287454","article"
"Food System Resilience: Concepts, Issues, and Challenges","Monika Zurek; John Ingram; Angelina Sanderson Bellamy; Conor Goold; Christopher J. Lyon; Peter Alexander","2022","Annual Review of Environment and Resources","163","True","https://doi.org/10.1146/annurev-environ-112320-050744","https://doi.org/10.1146/annurev-environ-112320-050744","Food system resilience has multiple dimensions. We draw on food system and resilience concepts and review resilience framings of different communities. We present four questions to frame food system resilience (Resilience of what? Resilience to what? Resilience from whose perspective? Resilience for how long?) and three approaches to enhancing resilience (robustness, recovery, and reorientation—the three “Rs”). We focus on enhancing resilience of food system outcomes and argue this will require food system actors adapting their activities, noting that activities do not change spontaneously but in response to a change in drivers: an opportunity or a threat. However, operationalizing resilience enhancement involves normative choices and will result in decisions having to be negotiated about trade-offs among food system outcomes for different stakeholders. New approaches to including different food system actors’ perceptions and goals are needed to build food systems that are better positioned to address challenges of the future.","trump 2016 cash firm policy","https://openalex.org/W4296783080","article"
"Partisan Bias, Economic Expectations, and Household Spending","Atif Mian; Amir Sufi; Nasim Khoshkhou","2021","The Review of Economics and Statistics","163","True","https://direct.mit.edu/rest/article-pdf/105/3/493/2090004/rest_a_01056.pdf","https://doi.org/10.1162/rest_a_01056","Abstract The well-documented rise in political polarization among the U.S. electorate over the past 20 years has been accompanied by a substantial increase in the effect of partisan bias on survey-based measures of economic expectations. Individuals have a more optimistic view on future economic conditions when they are more closely affiliated with the party that controls the White House, and this tendency has increased significantly over time. Individuals report a large shift in economic expectations based on partisan affiliation after the 2008 and 2016 elections, but administrative data on spending shows no effect of these shifts on actual household spending.","trump 2016 cash firm policy","https://openalex.org/W3163517273","article"
"Research opportunities in preparing supply chains of essential goods for future pandemics","ManMohan S. Sodhi; Christopher S. Tang; Evan T. Willenson","2021","International Journal of Production Research","161","True","https://openaccess.city.ac.uk/id/eprint/25308/1/IJPR_rethink-18_oct%20SUBM.pdf","https://doi.org/10.1080/00207543.2021.1884310","The COVID-19 pandemic severely tested the resilience and robustness of supply chains for medically critical items and various common household goods. Severe and prolonged shortages of personal protective equipment (PPE) and ventilators in the United States have revealed vulnerabilities in the supply chains of such essential products in a time of need. Consequently, corporations have felt public pressure to rethink their supply chains. We begin this paper by examining the underlying causes of the prolonged shortages of critical products in the US as well as government’s and some companies’ initial response. Drawing from the lessons learned from the COVID pandemic, we propose a research agenda and opportunities to develop responsive supply chains to fight future pandemics. These opportunities revolve around measures that are intended to improve the supply chain responsiveness of essential products to combat future pandemics and other major public health emergencies.","trump 2016 cash firm policy","https://openalex.org/W3109470179","article"
"Legitimacy and institutional change in international organisations: a cognitive approach","Tobias Lenz; Lora Anne Viola","2017","Review of International Studies","152","True","https://www.cambridge.org/core/services/aop-cambridge-core/content/view/87B66AC0087C9B89F50822E9429035AC/S0260210517000201a.pdf/div-class-title-legitimacy-and-institutional-change-in-international-organisations-a-cognitive-approach-div.pdf","https://doi.org/10.1017/s0260210517000201","Abstract Why are some institutional designs perceived as more legitimate than others, and why is the same institutional design sometimes perceived as legitimacy-enhancing in one setting and not in another? In a world in which most international organisations (IOs) do not fully embody societal values and norms, such as democratic participation and equal treatment, why do legitimacy deficits in some organisations lead to pressure for institutional change while in others they are tolerated? These are important questions given that many analysts have diagnosed a ‘legitimacy crisis’ of IOs, but we argue that existing approaches are ill equipped to answer them. We show that the existing legitimacy literature has an implicit model of institutional change – the congruence model – but that this model has difficulty accounting for important patterns of change and non-change because it lacks microfoundations. We argue that attributions of legitimacy rest on perceptions and this implies the need to investigate the cognitive bases of legitimacy. We introduce a cognitive model of legitimacy and deduce a set of testable propositions to explain the conditions under which legitimacy judgments change and, in turn, produce pressures for institutional change in IOs.","trump 2016 cash firm policy","https://openalex.org/W2625962168","article"
"The social policy agendas of populist radical right parties in comparative perspective","Menno Fenger","2018","Journal of International and Comparative Social Policy","151","True","https://www.cambridge.org/core/services/aop-cambridge-core/content/view/3992F56B0A2E8BBD3F58B02AD6FBEE4A/S2169976300001157a.pdf/div-class-title-the-social-policy-agendas-of-populist-radical-right-parties-in-comparative-perspective-div.pdf","https://doi.org/10.1080/21699763.2018.1483255","Abstract In many European countries and in the US, populist right-wing parties are gaining ground. The political agenda of these parties is dominated by their reluctant or even out-right hostile position against migration and foreigners and a strong emphasis on nationalist values in combination with an anti-globalisation economic agenda. In most cases, the social agenda of the radical right parties and politicians are more ambiguous and less clearly explicated. These parties rely on working class ‘insiders’ and therefore may be expected to oppose austerity measures, but at that same time have firm opinions about deservingness and conditionality that may sometimes harm the interests of their voters. This article sets out to explore the social policy agenda of radical right parties in six different countries: the US, Sweden, the Netherlands, Belgium, Germany and France. The article uses content analysis of speeches and party manifestos as its main method of data analysis.","trump 2016 cash firm policy","https://openalex.org/W2805724760","article"
"Varieties of populism","Timothy M. Devinney; Christopher A. Hartwell","2020","Global Strategy Journal","147","True","https://onlinelibrary.wiley.com/doi/pdfdirect/10.1002/gsj.1373","https://doi.org/10.1002/gsj.1373","Abstract Research Summary The recent electoral popularity of populism suggests our understanding of global and domestic institutions and their impact and relevance to international business may require adjustment. In particular, the literature may be omitting key variables as to what the political environment entails. We propose a framework for understanding the differing varieties of populism. We examine what channels populist thought operates through and how various strains of populism concentrate on different facets of society. We articulate an operational definition for international strategy based upon prior research in economics, political science, and history. This framework is incorporated into current research on institutional theory as applied in international business, with the goal of proposing a more nuanced and foundational view of institutional environments and how they impact global strategy. Managerial Summary The surge of populism globally—but especially in developed economies—has highlighted new perils for business strategy. Our current models of strategic thinking have not yet caught up to the reality of populism's moment, nor have they accurately captured what are increasingly important facets of a political system, such as traits of specific leaders. This paper examines the need to incorporate new perspectives on institutions into global strategy. In particular, we highlight the various varieties of populism—whether it focuses on economic, social, or political ends—and how each approach can impact a business in a different manner. In doing so, we provide some clarity and guidance for managers faced with political turbulence.","trump 2016 cash firm policy","https://openalex.org/W3000465094","article"
"Does Social Capital Matter in Corporate Decisions? Evidence from Corporate Tax Avoidance","Iftekhar Hasan; Chun Keung Hoi; Qiang Wu; Hao Zhang","2016","Journal of Accounting Research","419","True","https://www.econstor.eu/bitstream/10419/212392/1/bof-rdp2017-021.pdf","https://doi.org/10.1111/1475-679x.12159","We investigate whether the levels of social capital in U.S. counties, as captured by strength of civic norms and density of social networks in the counties, are systematically related to tax avoidance activities of corporations with headquarters located in the counties. We find strong negative associations between social capital and corporate tax avoidance, as captured by effective tax rates and book-tax differences. These results are incremental to the effects of local religiosity and firm culture toward socially irresponsible activities. They are robust to using organ donation as an alternative social capital proxy and fixed effect regressions. They extend to aggressive tax avoidance practices. Additionally, we provide corroborating evidence using firms with headquarters relocation that changes the exposure to social capital. We conclude that social capital surrounding corporate headquarters provides environmental influences constraining corporate tax avoidance.","""presidential election"" ""cash holdings"" 2016","https://openalex.org/W2577054704","article"
"The pandemic and economic policy uncertainty","Saud Asaad Althaqeb; Barrak Ghanim Algharabali; Khaled Tareq Alabdulghafour","2020","International Journal of Finance & Economics","220","True","https://onlinelibrary.wiley.com/doi/pdfdirect/10.1002/ijfe.2298","https://doi.org/10.1002/ijfe.2298","Abstract The events that occurred after the worldwide diffusion of COVID‐19 provide a real‐life example of how uncertainty can severely affect the global economy. This paper reviews literature on the negative impacts of the economic policy uncertainty index (EPU) on individuals, businesses, governments, and economies at the local and international levels. This reveals that a high EPU is associated with adverse effects on households, corporations, and governments, which tend to delay many financial decisions under high uncertainty, which leads to lower consumption, fewer issuances of debt, fewer investments, and higher unemployment. The effects of political and regulatory uncertainty also extend to the commodity markets, such as the adverse effects on both oil and gasoline markets, and can potentially create adverse impacts on the crypto‐currency market and its potential growth. We demonstrate that governmental uncertainty also affects financial, housing, and equity markets; debt issuances; and the entire economy. This underscores the importance of considering EPU as a risk factor. The association with several components of the global economy reflects not only the EPU index's critical influence, but also the importance of risk management. Our results lead us to consider the gravity of economic policy uncertainty and call for innovation across different sectors to mitigate its adverse effects.","""presidential election"" ""cash holdings"" 2016","https://openalex.org/W3092265333","article"
"Corruption in Procurement and the Political Cycle in Tunneling: Evidence from Financial Transactions Data","Maxim Mironov; Ekaterina Zhuravskaya","2016","American Economic Journal Economic Policy","152","True","https://www.aeaweb.org/articles/pdf/doi/10.1257/pol.20140188","https://doi.org/10.1257/pol.20140188","We provide evidence of corruption in allocation of public procurement and assess its efficiency. Firms with procurement revenue increase tunneling around regional elections, whereas neither tunneling of firms without procurement revenue, nor legitimate business of firms with procurement exhibits a political cycle. Data are consistent with the corruption channel—cash is tunneled to politicians in exchange for procurement contracts—and inconsistent with alternative channels. Using the strength of correlation between procurement revenue and tunneling around elections as a proxy for local corruption, we reject the “efficient grease” hypothesis: in more corrupt localities, procurement contracts go to unproductive firms. (JEL D22, D72, H57, K42, P26, P31, P37)","""presidential election"" ""cash holdings"" 2016","https://openalex.org/W3125368007","article"
"Corporate Governance, Tax Avoidance, and Financial Constraints","Onur Bayar; Fariz Huseynov; Sabuhi Sardarli","2017","Financial Management","98","True","https://onlinelibrary.wiley.com/doi/pdfdirect/10.1111/fima.12208","https://doi.org/10.1111/fima.12208","Abstract We examine how corporate governance affects the relationship between corporate tax avoidance and financial constraints. Conditional on having poor governance, tax avoidance is associated with greater financial constraints and a greater likelihood of financial distress. In firms with strong governance, however, we find that tax avoidance does not have a negative impact on financial constraints. Our results suggest that tax avoidance is a less useful source of financing for constrained firms when they are plagued with potential agency problems and opaque information environments. Stronger governance mechanisms can help firms mitigate the negative consequences of tax avoidance.","""presidential election"" ""cash holdings"" 2016","https://openalex.org/W2779452419","article"
"Sustainability or Greenwashing: Evidence from the Asset Market for Industrial Pollution","Ran Duchin; Janet Gao; Qiping Xu","2024","The Journal of Finance","98","True","https://onlinelibrary.wiley.com/doi/pdfdirect/10.1111/jofi.13412","https://doi.org/10.1111/jofi.13412","ABSTRACT We study the asset market for pollutive plants. Firms divest pollutive plants in response to environmental pressures. Buyers are firms facing weaker environmental pressures that have supply chain relationships or joint ventures with the sellers. While pollution levels do not decline following divestitures, sellers highlight their sustainable policies in subsequent conference calls, earn higher returns as they sell more pollutive plants, and benefit from higher Environmental, Social, and Governance (ESG) ratings and lower compliance costs. Overall, the asset market allows firms to redraw their boundaries in a manner perceived as environmentally friendly without real consequences for pollution but with substantial gains from trade.","""presidential election"" ""cash holdings"" 2016","https://openalex.org/W4405955651","article"
"CEOs’ experience of the Great Chinese Famine and accounting conservatism","Jun Hu; Wenbin Long; Gary Gang Tian; Daifei Yao","2020","Journal of Business Finance &amp Accounting","87","True","https://eprints.qut.edu.au/203294/1/66851497.pdf","https://doi.org/10.1111/jbfa.12485","Abstract This study investigates how a CEO's early‐life experience of the Great Chinese Famine affects corporate accounting conservatism. We find that companies whose CEOs had experienced famines in early life adopted more conservative accounting policies. This famine experience effect is more pronounced in high uncertainty environments proxied by non‐SOEs, politician turnovers and the adoption of International Financial Reporting Standards (IFRS). Additional tests indicate that CEOs with famine experience tend to support conservative accounting practices for contingencies and accelerate the recognition of asset impairments in negative events. Overall, consistent with imprinting theory, our results highlight the role of early‐life traumatic experiences in shaping CEOs’ risk preferences and financial reporting policies.","""presidential election"" ""cash holdings"" 2016","https://openalex.org/W2946010675","article"
"Geopolitical risk and corporate payout policy","Samer Adra; Yang Gao; Jin Huang; Jiayi Yuan","2023","International Review of Financial Analysis","80","True","https://doi.org/10.1016/j.irfa.2023.102613","https://doi.org/10.1016/j.irfa.2023.102613","In this study, we examine the effects of geopolitical risk on corporate payout policy. Exploiting a news-based index of geopolitical risk, we find that firms adopt a more conservative payout policy by reducing share repurchases in response to greater geopolitical risk, whereas the effects of geopolitical risk on cash dividends are insignificant. Further analysis suggests that cash flow uncertainty and financial distress risk are two potential channels through which geopolitical risk affects corporate payout policy. We also show that the effects of geopolitical risk on share repurchase are more pronounced for firms with greater exposure to product market competition and those facing higher threats of financial distress. Overall, our study emphasizes the implications of geopolitical risk for corporate payout choice.","""presidential election"" ""cash holdings"" 2016","https://openalex.org/W4322761270","article"
"CEO’s Childhood Experience of Natural Disaster and CSR Activities","Daewoung Choi; Hyunju Shin; Kyoungmi Kim","2023","Journal of Business Ethics","66","True","https://link.springer.com/content/pdf/10.1007/s10551-022-05319-3.pdf","https://doi.org/10.1007/s10551-022-05319-3","","""presidential election"" ""cash holdings"" 2016","https://openalex.org/W4313597007","article"
"Geopolitical, economic uncertainty and bank risk: Do CEO power and board strength matter?","Mohsin Shabir; Ping Jiang; Yasir Shahab; Peng Wang","2023","International Review of Financial Analysis","65","True","https://eprints.soton.ac.uk/476080/1/Acceptd_Manuscript2023.pdf","https://doi.org/10.1016/j.irfa.2023.102603","","""presidential election"" ""cash holdings"" 2016","https://openalex.org/W4321793454","article"
"Are CEOs judged on their companies' social reputation?","Xiangshang Cai; Ning Gao; Ian Garrett; Xu Yan","2020","Journal of Corporate Finance","63","True","https://research.manchester.ac.uk/en/publications/fc35aefa-13b7-466a-a8ca-2cb0aa75e3cb","https://doi.org/10.1016/j.jcorpfin.2020.101621","","""presidential election"" ""cash holdings"" 2016","https://openalex.org/W3012327887","article"
"The differential impact of corporate blockchain-development as conditioned by sentiment and financial desperation","Iulia Cioroianu; Shaen Corbet; Charles Larkin","2020","Journal of Corporate Finance","60","True","https://doras.dcu.ie/25906/1/R4.pdf","https://doi.org/10.1016/j.jcorpfin.2020.101814","","""presidential election"" ""cash holdings"" 2016","https://openalex.org/W3112937096","article"
"SHOULD BITCOIN BE HELD UNDER THE U.S. PARTISAN CONFLICT?","Chi‐Wei Su; Meng Qin; Xiaolei Zhang; Ran Tao; Muhammad Umar","2021","Technological and Economic Development of Economy","53","True","https://journals.vilniustech.lt/index.php/TEDE/article/download/14058/10314","https://doi.org/10.3846/tede.2021.14058","This paper probes the interrelationship between Bitcoin price (BP) and the U.S. partisan conflict (PC) by performing the bootstrap full- and sub-sample Granger causality tests. The positive influence from PC to BP reveals that Bitcoin can be considered as a tool to avoid the uncertainty caused by the rise in PC. However, this view cannot be supported by the negative impact, the major reason is that the burst of bubble undermines the hedging ability of Bitcoin. The above results are inconsistent with the intertemporal capital asset pricing model (ICAPM), underlining that high PC may drive BP to rise, in order to compensate for the losses and costs from factionalism. Conversely, BP has a negative impact on PC, suggesting that the U.S. political situation can be reflected by the Bitcoin market. Under the circumstance of the fiercer factionalism in the U.S., this investigation can benefit investors and related authorities.","""presidential election"" ""cash holdings"" 2016","https://openalex.org/W3128452967","article"
"Using Embedded Feature Selection and CNN for Classification on CCD-INID-V1—A New IoT Dataset","Zhipeng Liu; Niraj Thapa; Addison Shaver; Kaushik Roy; Madhuri Siddula; Xiaohong Yuan","2021","Sensors","52","True","https://www.mdpi.com/1424-8220/21/14/4834/pdf?version=1626744839","https://doi.org/10.3390/s21144834","As Internet of Things (IoT) networks expand globally with an annual increase of active devices, providing better safeguards to threats is becoming more prominent. An intrusion detection system (IDS) is the most viable solution that mitigates the threats of cyberattacks. Given the many constraints of the ever-changing network environment of IoT devices, an effective yet lightweight IDS is required to detect cyber anomalies and categorize various cyberattacks. Additionally, most publicly available datasets used for research do not reflect the recent network behaviors, nor are they made from IoT networks. To address these issues, in this paper, we have the following contributions: (1) we create a dataset from IoT networks, namely, the Center for Cyber Defense (CCD) IoT Network Intrusion Dataset V1 (CCD-INID-V1); (2) we propose a hybrid lightweight form of IDS-an embedded model (EM) for feature selection and a convolutional neural network (CNN) for attack detection and classification. The proposed method has two models: (a) RCNN: Random Forest (RF) is combined with CNN and (b) XCNN: eXtreme Gradient Boosting (XGBoost) is combined with CNN. RF and XGBoost are the embedded models to reduce less impactful features. (3) We attempt anomaly (binary) classifications and attack-based (multiclass) classifications on CCD-INID-V1 and two other IoT datasets, the detection_of_IoT_botnet_attacks_N_BaIoT dataset (Balot) and the CIRA-CIC-DoHBrw-2020 dataset (DoH20), to explore the effectiveness of these learning-based security models. Using RCNN, we achieved an Area under the Receiver Characteristic Operator (ROC) Curve (AUC) score of 0.956 with a runtime of 32.28 s on CCD-INID-V1, 0.999 with a runtime of 71.46 s on Balot, and 0.986 with a runtime of 35.45 s on DoH20. Using XCNN, we achieved an AUC score of 0.998 with a runtime of 51.38 s for CCD-INID-V1, 0.999 with a runtime of 72.12 s for Balot, and 0.999 with a runtime of 72.91 s for DoH20. Compared to KNN, XCNN required 86.98% less computational time, and RCNN required 91.74% less computational time to achieve equal or better accurate anomaly detections. We find XCNN and RCNN are consistently efficient and handle scalability well; in particular, 1000 times faster than KNN when dealing with a relatively larger dataset-Balot. Finally, we highlight RCNN and XCNN's ability to accurately detect anomalies with a significant reduction in computational time. This advantage grants flexibility for the IDS placement strategy. Our IDS can be placed at a central server as well as resource-constrained edge devices. Our lightweight IDS requires low train time and hence decreases reaction time to zero-day attacks.","""presidential election"" ""cash holdings"" 2016","https://openalex.org/W3181520075","article"
"The impact of social capital on economic attitudes and outcomes","Iftekhar Hasan; Qing He; Haitian Lu","2020","Journal of International Money and Finance","47","True","https://www.sciencedirect.com/science/article/pii/S0261560620301017","https://doi.org/10.1016/j.jimonfin.2020.102162","","""presidential election"" ""cash holdings"" 2016","https://openalex.org/W3007017346","article"
"ESG Reputational Risk, Corporate Payouts and Firm Value","Ioannis Chasiotis; Dimitrios Gounopoulos; Dimitrios Konstantios; Victoria Patsika","2023","British Journal of Management","47","True","https://onlinelibrary.wiley.com/doi/pdfdirect/10.1111/1467-8551.12745","https://doi.org/10.1111/1467-8551.12745","Abstract This study explores the relationship between ESG reputational risk, corporate payouts and firm value. Using a sample of 2021 US‐listed firms between 2007 and 2019, we provide robust evidence that ESG reputational risk relates to higher payouts, and that free cash flows amplify this relationship. Turning to payout composition, we document that ESG reputational risk associates with a payout mix comprising a higher analogy of share repurchases versus dividends; and that this relationship is more pronounced under financial constraints. Furthermore, we show that the market places a premium on payouts from high ESG reputational risk firms. Our findings are in line with the notion that ESG reputational risk represents agency problems and raises financial risk, inducing firms to disgorge cash via a more flexible payout regime. Results are robust to several estimation techniques that address endogeneity, self‐selection and censored observations.","""presidential election"" ""cash holdings"" 2016","https://openalex.org/W4383621581","article"
"State Pension Funds and Corporate Social Responsibility: Do Beneficiaries’ Political Values Influence Funds’ Investment Decisions?","Andreas G. F. Hoepner; Lisa Schopohl","2019","Journal of Business Ethics","45","True","https://link.springer.com/content/pdf/10.1007/s10551-018-4091-z.pdf","https://doi.org/10.1007/s10551-018-4091-z","This study explores the underlying drivers of US public pension funds’ tendency to tilt their portfolios towards companies with stronger corporate social responsibility (CSR). Studying the equity holdings of large, internally managed US state pension funds, we find evidence that the political leaning of their beneficiaries and political pressures by state politicians affect funds’ investment decisions. State pension funds from states with Democratic-leaning beneficiaries tilt their portfolios more strongly towards companies that perform well on CSR issues, and this tendency is intensified when the state government is dominated by Democratic state politicians. Moreover, we find that funds which tilt their portfolios towards companies with superior CSR scores generate a slightly higher return compared with their counterparts. Overall, our findings indicate that funds align their investment choices with the financial and non-financial interests of their beneficiaries when deciding whether to incorporate CSR into their equity allocations.","""presidential election"" ""cash holdings"" 2016","https://openalex.org/W2905878701","article"
"Political uncertainty, corruption, and corporate cash holdings","Shashitha Jayakody; David Morelli; Jaideep S Oberoi","2023","Journal of Corporate Finance","42","True","https://www.sciencedirect.com/science/article/pii/S0929119923000962","https://doi.org/10.1016/j.jcorpfin.2023.102447","","""presidential election"" ""cash holdings"" 2016","https://openalex.org/W4381951393","article"
"Firm-level political risk and dividend payout","Muhammad Farooq Ahmad; Saqib Aziz; Rwan El‐Khatib; Oskar Kowalewski","2023","International Review of Financial Analysis","40","True","https://rennes-sb.hal.science/hal-04023055/document","https://doi.org/10.1016/j.irfa.2023.102546","","""presidential election"" ""cash holdings"" 2016","https://openalex.org/W4318465124","article"
"Political elections and corporate investment: International evidence","Mario Daniele Amore; Margherita Corina","2021","Journal of International Business Studies","34","True","https://link.springer.com/content/pdf/10.1057/s41267-021-00421-6.pdf","https://doi.org/10.1057/s41267-021-00421-6","Abstract Recent literature shows that the spike in uncertainty during political elections harms firms’ investment. Bridging insights from international business and political science, we argue that the effect of political elections on firms’ investment activities is contingent on the country’s electoral system. In particular, we expect the negative effect of elections on corporate investment to be smaller for firms operating in plurality systems. We test our theory using a panel dataset of listed firms around the world, and a panel of US multinationals. Our results confirm that during an election period, firms in countries with a plurality system reduce investment less than firms in other countries. Additionally, we show that multinationals’ foreign investment is affected by elections abroad: their investment in a host country declines during an election in that country, though to a lesser extent if the election is held with a plurality system. Collectively, our findings provide new evidence on the role of political institutions for firms’ investment decisions.","""presidential election"" ""cash holdings"" 2016","https://openalex.org/W3156431219","article"
"Political uncertainty and the choice of debt sources","Hamdi Ben‐Nasr; Lobna Bouslimi; M. Shahid Ebrahim; Rui Zhong","2019","Journal of International Financial Markets Institutions and Money","31","True","http://dro.dur.ac.uk/29573/","https://doi.org/10.1016/j.intfin.2019.101142","","""presidential election"" ""cash holdings"" 2016","https://openalex.org/W2985595858","article"
"The effect of <scp>US</scp> tax reform on the taxation of <scp>US</scp> firms' domestic and foreign earnings","Scott Dyreng; Fabio B. Gaertner; Jeffrey L. Hoopes; Mary Vernon","2023","Contemporary Accounting Research","28","True","https://onlinelibrary.wiley.com/doi/pdfdirect/10.1111/1911-3846.12853","https://doi.org/10.1111/1911-3846.12853","Abstract We quantify the immediate net effect of the Tax Cuts and Jobs Act (TCJA) on the tax burden of corporate profits for public US corporations. We find similar reductions in effective tax rates for domestic and multinational firms, yet the entirety of multinational tax savings stemmed from tax savings on their domestic, not foreign, earnings. We find no significant change in the federal tax burden on foreign earnings neither on average norspecifically for firms most likely to be subject to new anti‐abuse provisions. We find some evidence that firms not targeted by anti‐abuse provisions saw reductions in their federal tax burden on foreign income. Overall, while the tax burden on domestic income decreased significantly, our findings suggest the tax burden on the foreign earnings of US multinationals is largely unaffected despite the overhaul of the international tax system. Importantly for US multinationals' investment decisions, while foreign income was heavily tax‐favored prior to tax reform, we find that foreign and domestic incomes are similarly taxed after TCJA enactment.","""presidential election"" ""cash holdings"" 2016","https://openalex.org/W4319313692","article"
"Tax Policy Expectations and Investment","John Gallemore; Stephan Hollander; Martin Jacob; Zheng Xiang","2024","Journal of Accounting Research","26","True","https://onlinelibrary.wiley.com/doi/pdfdirect/10.1111/1475-679X.12577","https://doi.org/10.1111/1475-679x.12577","ABSTRACT This paper examines how firms’ tax policy expectations (TPE) evolve around and relate to their investment responses to changes in tax policy. Using a text‐based approach to measuring TPE, we find that two recent tax policy–changing events—namely, the 2016 U.S. presidential election and the enactment of the Tax Cuts and Jobs Act (TCJA)—spawned considerable between‐ and within‐firm variation in TPE, with aggregate time‐series patterns in TPE occasionally challenging prevailing assumptions in previous research. Further, we observe that event‐induced TPE relate to investment both before and in response to the TCJA's passage in 2017, with offsetting associations between its first and second moments, and that these TPE moderate the TCJA's intended investment‐stimulating effect. Furthermore, we document a difference between domestic and multinational firms in their TPE‐investment response, with the former (latter) more likely to adjust the level (shift the country location) of their investment. Overall, our findings support the idea that TPE can impact investment behavior in the face of a tax policy change and suggest that our methodology can be used by future research to incorporate TPE into analyses of tax policy effects.","""presidential election"" ""cash holdings"" 2016","https://openalex.org/W4402843512","article"
"Flood risk and corporate future orientation: Evidence from sea level rise risk","Qingjie Du; Albert Tsang; Yang Wang","2023","Journal of Business Finance &amp Accounting","25","True","https://onlinelibrary.wiley.com/doi/pdfdirect/10.1111/jbfa.12703","https://doi.org/10.1111/jbfa.12703","Abstract We find that firms located in US counties with higher sea level rise (SLR) risk engage less in future‐oriented activities, that is, lower corporate social responsibility performance, lower R&amp;D investment and fewer patents granted than firms in counties with lower SLR risk. The effect is strengthened when media attention on climate change is high, when the firm has a high level of prior long‐term investment and when the firm is managed by a young CEO and a CEO who has a greater tendency to avoid uncertainty, whereas it is weakened when the firm's CEO is near retirement and when the firm is geographically diversified. Overall, we document a negative relationship between flood risk exposure and corporate future orientation, suggesting that firms change their future‐oriented attitude in response to concern over climate risks.","""presidential election"" ""cash holdings"" 2016","https://openalex.org/W4378388817","article"
"Economic policy uncertainty and allocative distortions","Omrane Guedhami; Sattar Mansi; David M. Reeb; Yukihiro Yasuda","2021","Journal of Financial Stability","22","True","https://vtechworks.lib.vt.edu/bitstreams/d96a6663-81b8-4735-a840-769df359e175/download","https://doi.org/10.1016/j.jfs.2021.100923","","""presidential election"" ""cash holdings"" 2016","https://openalex.org/W3186779661","article"
"Economic Policy Uncertainty and Firm Value: Impact of Investment Sentiments in Energy and Petroleum","Sarfraz Hussain; Rosalan Ali; Walid Emam; Yusra Tashkandy; Pradeep Mishra; Mochammad Fahlevi","2023","Sustainability","22","True","https://doi.org/10.3390/su15129656","https://doi.org/10.3390/su15129656","This study seeks to determine how economic policy uncertainty (EPU) influences investment decisions and the market value of the Pakistan Stock Exchange. This study examines investment and operational data from 249 energy and petroleum companies between 2015 and 2020 and macroeconomic variables such as EPU. This study investigates the moderating effects of EPU on investments in fixed and intangible assets and its effect on Tobin’s Q and the market price per share. The outcomes demonstrate that EPU reduces the costs of both tangible and intangible assets for businesses. In addition, companies with a higher Tobin’s Q and market price per share are more impacted by uncertain corporate investment policies. However, financial leverage is negatively correlated with share price and positively correlated with earnings per share and earnings per unit. Tobin’s Q positively correlates with financial leverage, indicating that firms that raise capital through debt are more likely to create value for investors. The research indicates that market-dependent enterprises are more susceptible to the unpredictability of monetary policy. According to this study, consistent application and open communication of economic policies are likely to increase the efficacy of company investments, resulting in more effective resource allocation and business decision-making.","""presidential election"" ""cash holdings"" 2016","https://openalex.org/W4380990925","article"
"Fishing in muddy water? Climate policy uncertainty and corporate greenwashing in environmental, social, and governance","Zixuan Zhang; Zhenyu Ge","2024","Managerial and Decision Economics","18","True","https://onlinelibrary.wiley.com/doi/pdfdirect/10.1002/mde.4254","https://doi.org/10.1002/mde.4254","Abstract This study investigates the relationship between climate policy uncertainty and corporate greenwashing behavior using data from Chinese A‐share listed companies from 2009 to 2021. The results indicate that the increasing climate policy uncertainty significantly and robustly strengthens corporate greenwashing behavior, particularly among firms located in regions with weaker environmental regulations, within high‐polluting industries and with shorter‐term management perspectives. Additionally, the development and widespread adoption of digital technologies, along with enhanced external regulatory pressures, can inversely moderate the positive relationship between climate policy uncertainty and corporate greenwashing. In summary, this study contributes to our understanding of corporate behavior under climate risks and provides insights for achieving social sustainability.","""presidential election"" ""cash holdings"" 2016","https://openalex.org/W4396937740","article"
"A Language-Independent Measurement of Economic Policy Uncertainty in Eastern European Countries","Alexander Kupfer; Josef Zorn","2019","Emerging Markets Finance and Trade","17","True","https://www.tandfonline.com/doi/pdf/10.1080/1540496X.2018.1559140?needAccess=true","https://doi.org/10.1080/1540496x.2018.1559140","This article proposes a novel way to construct an index for economic policy uncertainty that does not depend on language proficiency. We use two specific features of search volume extraction on Google Trends, combine policy-relevant search queries, and construct our Google economic policy uncertainty index for nine Eastern European countries—a region in which the construction of other economic policy uncertainty indices would require good language proficiency. We illustratively show that major policy-related events are captured and find that shocks on economic policy uncertainty yield a sizable impact on macroeconomic variables.","""presidential election"" ""cash holdings"" 2016","https://openalex.org/W2915416874","article"
"The COVID-19 outbreak and corporate cash-holding levels: Evidence from China","Donghua Zhou; Hua Zhou; Min Bai; Yafeng Qin","2022","Frontiers in Psychology","16","True","https://www.frontiersin.org/articles/10.3389/fpsyg.2022.942210/pdf","https://doi.org/10.3389/fpsyg.2022.942210","By employing data from Shanghai and Shenzhen A-share markets for the period of 2019-2020, this paper examines the relationship between the degree of the COVID-19 pandemic's impact on firms' cash-holdings levels in China. We find that firms that are severely affected by the COVID-19 pandemic have higher current cash holdings levels, suggesting that the more positive (negative) the management tone in responding to the COVID-19 pandemic impact, the lower (higher) the firm's current cash holdings. However, future corporate cash holdings decrease considerably irrespective of the corporate sentiment towards COVID-19. The positive sentiment of each firm's management team towards the supply chain and the government policies results in a relative reduction of current cash holdings, whereas the severe impact on operating performance, especially the impact of the outbreak on the supply chain, demand, production and operations, and government policies, reduces the firm' s future cash holdings. In addition, the impact of the pandemic has increased the current cash holdings of state-owned enterprises and reduced the future cash holdings of non-state-owned enterprises. Meanwhile, companies located in a city with a higher density of population or companies that experience relatively higher competition in the industry tend to undergo a severer impact on their current and future cash holdings due to the COVID-19 pandemic. Overall, this study sheds the light on stimulating the vitality of enterprise investment and promoting the domestic economic cycle.","""presidential election"" ""cash holdings"" 2016","https://openalex.org/W4306390975","article"
"Is presidential popularity a threat or encouragement for investors?","Chi‐Wei Su; Xi Yuan; Muhammad Umar; Tsangyao Chang","2022","Economic Research-Ekonomska Istraživanja","16","True","https://www.tandfonline.com/doi/epdf/10.1080/1331677X.2022.2129409?needAccess=true&role=button","https://doi.org/10.1080/1331677x.2022.2129409","The economic situation of the post-epidemic is facing huge downward risks, and the government actively introduces stimulus measures to improve the current economic situation. In this crisis, the president's role in asset price gradually deepened. Hence, we utilise a wavelet-based quantile-on-quantile approach to uncover the complex and unstable relationships between presidential popularity and the currency performance of asset price. We find the significant negative impact of the government popularity on the stock market and oil prices, especially in the medium quantile. This suggests that political stalemates will not always be suitable for financial markets. Instead, this will hinder the investment because it expresses the uncertainty of the direction. On the contrary, the U.S. dollar presents a highly positive relationship with the government popularity. Investors can avoid the trust risk of the president through the adjustment of the asset portfolio. The result is consistent with the asset pricing model, suggesting that investor sentiments significantly influence the performance of assets. Meanwhile, the duration of impacts caused by short-term shock will eventually be repaired for a long time. The approval ratings will harm the investor sentiment in the short term, but the market will digest this over time.","""presidential election"" ""cash holdings"" 2016","https://openalex.org/W4303431898","article"
"Bank risk in uncertain times: Do credit rationing and revenue diversification matter?","Ashton de Silva; Huu Nhan Duong; My Nguyеn; Yen Nguyen","2022","Journal of Business Finance &amp Accounting","16","True","https://onlinelibrary.wiley.com/doi/pdfdirect/10.1111/jbfa.12653","https://doi.org/10.1111/jbfa.12653","Abstract We show that bank risk rises, particularly for larger banks and those with greater interest‐sensitive liabilities, during times of economic policy uncertainty through two economic channels: “credit rationing” and “revenue diversification.” The credit rationing channel shows that economic policy uncertainty increases aggregate loan spreads, exacerbating both adverse selection and moral hazard problems leading to higher bank risk. The revenue diversification channel suggests that as economic policy uncertainty reduces bank profits from traditional interest‐based products, banks diversify into other non‐traditional activities, thereby increasing their instability. Overall, our findings highlight the impact of economic policy uncertainty on exacerbating bank risk.","""presidential election"" ""cash holdings"" 2016","https://openalex.org/W4297012753","article"
"Lessons from the Biggest Business Tax Cut in US History","Gabriel Chodorow-Reich; Owen Zidar; Eric Zwick","2024","The Journal of Economic Perspectives","13","True","https://www.aeaweb.org/articles/pdf/doi/10.1257/jep.38.3.61","https://doi.org/10.1257/jep.38.3.61","We assess the business provisions of the 2017 Tax Cuts and Jobs Act, the biggest corporate tax cut in US history. We draw five lessons. First, corporate tax revenue fell by 40 percent due to the lower rate and more generous expensing. Second, firms with larger declines in their effective tax wedge increased investment relatively more. In aggregate, we suggest a loose consensus from the literature that total tangible corporate investment increased by 11 percent. Third, the business tax provisions increased economic growth and wages by less than advertised by the Act’s proponents, with long-run GDP higher by less than 1 percent and labor income by less than $1,000 per employee. Fourth, provisions that increase foreign investment by US-based multinationals also boost their domestic operations. Fifth, some of the expired and expiring provisions, such as accelerated depreciation, generate more investment per dollar of tax revenue than others.","""presidential election"" ""cash holdings"" 2016","https://openalex.org/W4401254730","article"
"Economic Policy Uncertainty and Corporate Cash Holdings","Huu Nhan Duong; Justin Hung Nguyen; My Nguyеn; S. Ghon Rhee","2017","SSRN Electronic Journal","13","True","https://doi.org/10.2139/ssrn.2907519","https://doi.org/10.2139/ssrn.2907519","","""presidential election"" ""cash holdings"" 2016","https://openalex.org/W3018501098","article"
"Did the Paycheck Protection Program Help Small Businesses? Evidence from Commercial Mortgage-Backed Securities","Sumit Agarwal; Brent W. Ambrose; Luis A. Lopez; Xue Xiao","2024","American Economic Journal Economic Policy","13","True","https://www.aeaweb.org/articles/pdf/doi/10.1257/pol.20220181","https://doi.org/10.1257/pol.20220181","In this study, we examine the broader economic effects of the US federal government’s Paycheck Protection Program by focusing on the performance of securitized commercial mortgages. We provide novel evidence for spillover effects of government interventions in the face of economic crises. We find that the PPP reduced mortgage delinquencies by approximately $36 billion in 2020. The strongest effects occur when PPP funds targeted businesses in areas most affected by COVID-19, where banks overperformed in providing PPP loans, and among mortgages on properties in retail and lodging. Thus, PPP relief to small businesses eased economic distress beyond the labor market. (JEL G21, G28, I12, I18, L25, R33)","""presidential election"" ""cash holdings"" 2016","https://openalex.org/W4401177977","article"
"Are Companies Offloading Risk onto Employees in Times of Uncertainty? Insights from Corporate Pension Plans","Douglas J. Cumming; Fanyu Lu; Limin Xu; Chia‐Feng Yu","2024","Journal of Business Ethics","12","True","https://link.springer.com/content/pdf/10.1007/s10551-024-05655-6.pdf","https://doi.org/10.1007/s10551-024-05655-6","Abstract We investigate how firms adjust corporate pension plans in response to economic policy uncertainty (EPU). Using a sample of US-listed firms, we find that firms increase pension underfunding levels when facing higher EPU. The result is robust to controlling for pension portfolio returns, discount rates, plan sizes, pension liability, numbers of employees, other macroeconomic factors, difference-in-differences and instrumental variable estimation, and additional evidence of pension risk-shifting. Further analysis reveals that financial distress and information asymmetry induced through EPU are the potential channels. The effect is stronger for firms having CEOs being excessively paid, using cash flow as a performance metric in CEO compensation, paying high dividends, and having short-term institutional investors, whereas the presence of unions, positive corporate culture, and social capital alleviate the effect. Notably, managers, not shareholders, appear to be the party reaping the benefits. Our findings suggest that firms may shift risk to employees in response to heightened uncertainty and institutional characteristics play a moderating role in this crucial business ethics issue.","""presidential election"" ""cash holdings"" 2016","https://openalex.org/W4394689103","article"
"Climate Adaptation Risk and Capital Structure: Evidence From State Climate Adaptation Plans","Tunde Kovacs; Saira Latif; Xiaojing Yuan; Chi Zhang","2025","Financial Management","12","True","https://onlinelibrary.wiley.com/doi/pdfdirect/10.1111/fima.12493","https://doi.org/10.1111/fima.12493","ABSTRACT Taking the staggered implementation of state climate adaptation plans (SCAPs) as a quasi‐natural experiment, we find that firms headquartered in states that finalize SCAPs increase their financial leverage significantly more in the postadoption period relative to firms located in states without SCAPs. This result is driven by firms facing greater physical climate risk and by firms with more sensitivity to climate policy uncertainty. Further, we show that the leverage increase is value‐enhancing and that SCAPs reduce corporate business risk. The results highlight the net benefits of state climate action and the role of local governments in the interplay between business risk and firm decision, with implications both for the business world and policymakers.","""presidential election"" ""cash holdings"" 2016","https://openalex.org/W4406214806","article"
"Foreign investors, firm level productivity, and European economic integration","Warren Bailey; Yaz Gűlnur Muradoğlu; Ceylan Onay; Kate Phylaktis","2024","Journal of Corporate Finance","11","True","https://openaccess.city.ac.uk/id/eprint/32434/1/BMOP-EU%2022Feb2024%20WB%20on%20top%20of%20-16-Feb-2024%20WB-COS-GM.pdf","https://doi.org/10.1016/j.jcorpfin.2024.102564","","""presidential election"" ""cash holdings"" 2016","https://openalex.org/W4392360683","article"
"Precautionary versus Signalling Motive of Share Repurchases: Evidence from Policy Uncertainty and the COVID‐19 Crisis","Zhong Chen; Zicheng Lei; Chunling Xia","2022","British Journal of Management","11","True","https://qmro.qmul.ac.uk/xmlui/bitstream/123456789/95927/2/Xia%20Precautionary%20versus%20Signalling%20Motive%20of%20Share%20Repurchases%3a%20Evidence%20from%20Policy%20Uncertainty%20and%20the%20COVID%e2%80%9019%20Crisis%202022%20Accepted.pdf","https://doi.org/10.1111/1467-8551.12668","Abstract Using policy‐related uncertainty as a shock to firms’ internal and external financing frictions, we find significantly lower repurchase likelihoods, short‐term market reactions, and post‐announcement completion rates of open market share repurchases during periods of high policy uncertainty. Firms are more likely to switch from a high‐ to a low‐commitment repurchase technique when policy uncertainty is high. In contrast, for firms that are significantly undervalued ex ante, higher policy uncertainty leads to more repurchase activities. In addition, we show that the COVID‐19 crisis is associated with a lower repurchase likelihood for financially constrained firms or those with high cash flow volatility, while undervalued firms repurchased more shares during the pandemic period. Our results are robust after controlling for potential sources of endogeneity and conducting a battery of robustness tests. Collectively, our evidence suggests that the relationship between uncertainty and share repurchases is conditional on institutional contexts. Firms’ level of financial flexibility, their demand for signalling, and the credibility and magnitude of repurchase signals all significantly affect their precautionary and signalling motives.","""presidential election"" ""cash holdings"" 2016","https://openalex.org/W4308477174","article"
"Does Public Firms’ Mandatory IFRS Reporting Crowd Out Private Firms’ Capital Investment?","Jiancheng Liu; Wei Shi; Cheng Zeng; Guochang Zhang","2023","Journal of Accounting Research","11","True","https://onlinelibrary.wiley.com/doi/pdfdirect/10.1111/1475-679X.12494","https://doi.org/10.1111/1475-679x.12494","ABSTRACT We investigate how the mandatory adoption of International Financial Reporting Standards (IFRS) by publicly listed firms in the European Union affects peer private firms. We find that private firms’ capital investment decreases significantly after the IFRS mandate, relative to public firms. Private firms also display decreased investment when benchmarked against firms relatively insulated from the impact of the IFRS mandate, but the magnitude of the effect is smaller in this case. These results are consistent with the hypothesis that mandatory IFRS reporting (combined with other reforms), while increasing public firms’ financing and investment, crowds out funding for private firms. The effect is more pronounced for larger private firms and in industries where public peers have greater external financing needs. Our evidence suggests that financial reporting regulations cause shifts in resource allocation in an economy.","""presidential election"" ""cash holdings"" 2016","https://openalex.org/W4378376303","article"
"How does home and host-country policy uncertainty affect outward FDI? Firm-level evidence from China","Weilong Wu; Changqi Shao","2023","Economia Politica","11","True","https://link.springer.com/content/pdf/10.1007/s40888-023-00298-8.pdf","https://doi.org/10.1007/s40888-023-00298-8","","""presidential election"" ""cash holdings"" 2016","https://openalex.org/W4362555309","article"
"Can social capital and reputation mitigate political and market competition risk?","Dimitris Andriosopoulos; Sheikh Tanzila Deepty","2022","European Journal of Finance","11","True","https://www.tandfonline.com/doi/epdf/10.1080/1351847X.2022.2116991?needAccess=true&role=button","https://doi.org/10.1080/1351847x.2022.2116991","We assess whether social capital, captured by CSR, is an effective hedge against risks arising from political and market competition risk. Having a higher CSR score significantly reduces stock return volatility during political uncertainty, but not cash flow volatility. Meanwhile, CSR is also an effective hedge against stock return volatility that arises from peer competition. Finally, the hedging effect of CSR on stock return volatility is transient, but has a positive effect on firms' future performance and growth opportunities","""presidential election"" ""cash holdings"" 2016","https://openalex.org/W4296403164","article"
"Financial and Economic Determinants of Banks Financial Distress in MENA Region","Abdelmoneim Bahyeldin Mohamed Metwally; Mai Yasser; Eman Adel Ahmed; Mohamed Ali Shabeeb Ali","2025","Economies","11","True","https://www.mdpi.com/2227-7099/13/2/56/pdf?version=1739975170","https://doi.org/10.3390/economies13020056","This study investigates the influences of financial performance and economic determinants (inflation rate and economic growth) on financial distress (FD) in the MENA region in the context of the contagion effect theory and Minsky’s financial instability theory. This paper examines the determinants of financial distress in the MENA region from 2002 until 2020 using pooled OLS, fixed effect, and GMM panel estimation models; then the results are used to estimate the effect over the long run. The results show that the things that cause financial distress are changing a lot between countries in the MENA region. This shows how important it is to separate the effects of economic and financial factors. The results show the significance of economic growth, ROA, ROE, inflation, and stock market profitability using fixed effects. The results changed when we used GMM, concluding that economic growth, ROA, ROE, and stock market profitability were significant, while inflation was not significant. Therefore, there is a significant and negative relationship between financial distress and economic growth in GCC-MENA as well as other MENA countries. Our results can be of importance to investors and regulators. The introduction of a more stable political environment and engagement in international economic and financial markets will decrease the negative impacts of financial distress and boost economic growth and its sustainability in the MENA region.","""presidential election"" ""cash holdings"" 2016","https://openalex.org/W4407742534","article"
"Political Polarization Triggers Conservatives’ Misinformation Spread to Attain Ingroup Dominance","Xiajing Zhu; Cornelia Pechmann","2024","Journal of Marketing","10","True","https://doi.org/10.1177/00222429241264997","https://doi.org/10.1177/00222429241264997","Conservatives are often blamed for spreading misinformation, but it is unclear whether certain situations trigger them and, if so, why. The authors examine situations that are politically polarized, meaning the topic and/or its framing conveys conflict, discord, or disagreement between the two main political parties (conservatives and liberals). The authors study whether conservatives react to polarized situations by spreading ingroup-skewed political misinformation that is objectively inaccurate but not necessarily understood to be false and whether liberals are less reactive. Using a multimethod approach, the authors conduct six studies, including analyses of statements by public figures and speeches by U.S. presidents, as well as controlled experiments. The results indicate that in polarized situations, conservatives’ need for ingroup dominance is elevated, so they convey more misinformation than liberals. In less polarized situations, conservatives’ need for ingroup dominance is tempered, reducing their misinformation conveyance. These findings suggest that misinformation should not be blamed solely on the individual trait of conservativism, as polarized situations exaggerate conservative motives and behaviors. While news media, social media, political figures, and others may be incentivized to emphasize political polarization to gain audiences and bolster engagement, the resulting misinformation harms truth, trust, and democracy. Possible remedies include improved fact-checking and media literacy education.","""presidential election"" ""cash holdings"" 2016","https://openalex.org/W4399755416","article"
"News Bias in Financial Journalists’ Social Networks","Guosong Xu","2024","Journal of Accounting Research","10","True","https://onlinelibrary.wiley.com/doi/pdfdirect/10.1111/1475-679X.12560","https://doi.org/10.1111/1475-679x.12560","ABSTRACT Connected financial journalists—those with working relationships, common school ties, or social media connections to company management—introduce a marked media slant into their news coverage. Using a comprehensive set of newspaper articles covering mergers and acquisition (M&amp;A) transactions from 1997 to 2016, I find that connected journalists use significantly fewer negative words in their coverage of connected acquirers. These journalists are also more likely to quote connected executives and include less accurate language in their reporting. Moreover, they tend to portray other firms in the same network in a less negative light. Journalists’ favoritism bias has implications for both capital market outcomes and their careers. I find that acquirers whose M&amp;As are covered by connected journalists receive significantly higher stock returns on the news article publication date. However, these acquirers’ stock prices reverse in the long term, suggesting market overreaction to news covered by connected journalists. Around M&amp;A transactions, connected articles are correlated with increased bid competition and deal premiums. In terms of future career development, connected journalists are more likely to leave journalism and join their associated industries in the long run. Taken together, the evidence suggests that financial journalists’ personal networks promote news bias that potentially hinders the efficient dissemination of information.","""presidential election"" ""cash holdings"" 2016","https://openalex.org/W4399829003","article"
"Economic policy uncertainty and corporate donation: evidence from private firms in Korea","Hongmin Chun; Maretno A. Harjoto; Hakjoon Song","2022","Review of Managerial Science","10","True","https://link.springer.com/content/pdf/10.1007/s11846-022-00550-8.pdf","https://doi.org/10.1007/s11846-022-00550-8","","""presidential election"" ""cash holdings"" 2016","https://openalex.org/W4223528616","article"
"Economic policy uncertainty and institutional portfolio investment","Qing Hao; Andi Li","2024","Financial Management","8","True","https://onlinelibrary.wiley.com/doi/pdfdirect/10.1111/fima.12478","https://doi.org/10.1111/fima.12478","Abstract This paper investigates the impact of economic policy uncertainty (EPU) on institutional investors’ holdings of common stocks. Using a large sample of quarterly institutional ownership data from 28 countries/markets between 2000 and 2021, we find that EPU negatively affects institutional investments in both domestic and overseas stock markets. Policy uncertainty also deters foreign institutions’ inbound investments. The adverse effect of policy uncertainty on crossborder institutional investment is particularly pronounced when the investment destination country does not share the same official language or legal origin as the investing country, consistent with the information asymmetry hypothesis. Additionally, firms with higher cash holdings and lower market‐to‐book ratios are less vulnerable to the withdrawal of investment by foreign institutional investors.","""presidential election"" ""cash holdings"" 2016","https://openalex.org/W4403599689","article"
"Economic policy uncertainty nexus with the value relevance of advertising: Evidence from an emerging market","Imad Jabbouri; Omar Farooq; Rachid Jabbouri","2023","International Journal of Finance & Economics","8","True","https://onlinelibrary.wiley.com/doi/pdfdirect/10.1002/ijfe.2789","https://doi.org/10.1002/ijfe.2789","Abstract This paper aims to document the effect of economic policy uncertainty on the value of advertising expenditures within the context of an emerging market. The paper shows that the value of advertising expenditures is an increasing function of economic policy uncertainty. The impact of advertising on firm performance is more pronounced during the periods characterized by higher economic policy uncertainty. We argue that, during uncertain times, the financial information loses its relevance. Therefore, during these periods, non‐financial traits, such as brand image, customer equity, relationship capital, and familiarity that characterizes firms with high advertising become more important. The findings hold in various sub‐samples and across various proxies of advertising activity. The findings also hold under alternate estimation procedures (pooled OLS regression, panel data with fixed effects and instrument variable regression). More importantly, this paper also shows that, relative to other agency reducing mechanisms (such as analyst coverage, asset utilization ratio, expense ratio and dividend payments), advertising is more valuable during periods with high economic policy uncertainty.","""presidential election"" ""cash holdings"" 2016","https://openalex.org/W4318713491","article"
"The initial effect of U.S. tax reform on foreign acquisitions","Harald Amberger; Leslie A. Robinson","2023","Review of Accounting Studies","32","True","https://link.springer.com/content/pdf/10.1007/s11142-023-09760-1.pdf","https://doi.org/10.1007/s11142-023-09760-1","Abstract The Tax Cuts and Jobs Act (TCJA) of 2017 marked a significant change in U.S. domestic and international tax policy, altering incentives for U.S. firms to own foreign assets. We examine the initial response of U.S. firms’ foreign acquisition patterns to the TCJA’s key reform provisions. We find a significant overall decrease in the probability that a foreign target is acquired by a U.S. firm after the reform, suggesting that the net effect of the TCJA was to reduce acquisitions abroad. Cross-sectional variation across target and acquirer characteristics points to the elimination of the repatriation tax and the TCJA’s global intangible low-taxed income (GILTI) regime as critically influencing cross-border acquisitions by U.S. firms. Specifically, U.S. acquirers with little foreign presence prior to the TCJA are more likely to acquire a foreign target, while U.S. acquirers are less likely to acquire profitable targets in low-tax countries. Results from our empirical analyses are consistent with the TCJA prompting fewer but more value-enhancing, less tax-motivated foreign acquisitions by U.S. firms.","""2016 election"" ""cash holdings"" U.S.","https://openalex.org/W4366089023","article"
"Measuring the Expected Effects of the Global Tax Reform","Roberto Gómez-Cram; Marcel Olbert","2023","Review of Financial Studies","27","True","https://academic.oup.com/rfs/advance-article-pdf/doi/10.1093/rfs/hhad038/50203104/hhad038.pdf","https://doi.org/10.1093/rfs/hhad038","Abstract Over 140 countries agreed on a fundamental corporate tax reform in 2021 to be implemented in 2023 and beyond. To measure its potential effects, we study asset price changes within minutes of the reform announcements. We construct proxies for the reform’s costs regarding U.S. companies’ tax burdens and countries’ public finances. Likely exposed companies exhibit significant negative stock returns. Our lower-bound estimates indicate total shareholder value losses of $112.6 billion one day after the reform announcements. Further, likely exposed countries experience increases in sovereign debt credit risk. Our findings inform the cost-benefit analysis of a historical international tax reform. Authors have furnished an Internet Appendix, which is available on the Oxford University Press Web site next to the link to the final published paper online.","""2016 election"" ""cash holdings"" U.S.","https://openalex.org/W4368363520","article"
"Losses never sleep – The effect of tax loss offset on stock market returns during economic crises","Reinald Koch; Svea Holtmann; Henning Giese","2023","Journal of Business Economics","12","True","https://link.springer.com/content/pdf/10.1007/s11573-022-01134-4.pdf","https://doi.org/10.1007/s11573-022-01134-4","We analyze to what extent more generous tax loss offset regulations are associated with a weaker decline and stronger recovery of firm stock prices during economic crises. We argue that an unrestricted loss carryforward and, particularly, an unrestricted loss carryback provides firms with additional liquidity, which should lower the risk of bankruptcy and can be used for investment purposes. Our empirical findings document that (1) an unrestricted loss carryforward and an unrestricted loss carryback result in a weaker decline and more timely recovery of stock prices during the considered crises, (2) this effect is stronger in high-tax countries, and (3) this effect is also dependent upon pre-crisis profitability.","""2016 election"" ""cash holdings"" U.S.","https://openalex.org/W4318344502","article"
"Impact of US Trade with China on Shareholders’ Wealth: Insights from Shipment Data in the COVID-19 Era","Mucahit Kochan; Cigdem Gonul Kochan","2024","Economies","3","True","https://www.mdpi.com/2227-7099/12/3/67/pdf?version=1710247878","https://doi.org/10.3390/economies12030067","This study analyzes the impact of Chinese shipment volumes measured in TEUs on US stock performance in the initial stages of the COVID-19 outbreak. The analysis indicates that, initially, US stocks were negatively affected irrespective of firms’ trade engagements with China; however, as the global pandemic unfolded, companies with elevated imports from China exhibited more pronounced abnormal returns. The findings further reveal an increased influence of debt level and cash holdings on stock performance as the crisis intensified in Europe and the USA. These results highlight the evolving nature of global trade dynamics and their implications for financial markets amid global crises. Furthermore, this study provides valuable insights into the resilience of global supply chains during crises like the COVID-19 pandemic. The observed pattern, where companies with greater import volumes from China experienced better stock returns, underscores the importance of adaptable supply chains during disruptions.","""2016 election"" ""cash holdings"" U.S.","https://openalex.org/W4392716089","article"
"Is There Any Impact of the World Uncertainty Spillover Index (WUSI) on Firm Investment? Evidence from Turkey","Ömer Faruk Tan","2023","Bingöl Üniversitesi İktisadi ve İdari Bilimler Fakültesi Dergisi","2","True","https://doi.org/10.33399/biibfad.1230702","https://doi.org/10.33399/biibfad.1230702","Bu makale, Dünya Belirsizlik Yayılma Endeksi-Amerika Birleşik Devletleri'nin (WUSI-USA) 164 Türk imalat firmasının 2005 ve 2019 yılları arasındaki yatırım politikası üzerindeki etkisini incelemektedir. Bulgulara göre, WUSI-USA'nin firmaların yatırım politikası üzerinde olumsuz bir etkisi vardır. Reel opsiyon teorisine göre firmalar belirsiz koşullar altında yatırımlarını ertelemeyi tercih etmektedirler. Alternatif yatırım ölçümlerinin kullanılması, sonuçlarımızın geçerliliğini doğrulamaktadır. Genel olarak, bu çalışma ABD'den gelen belirsizliğin firmaların yatırım kararlarını etkilediğini ortaya koymaktadır. Türk firmaları finansal kararlarına belirsizlik yayılmalarını dahil etmeli ve stratejilerini belirsizliğin yayıldığı zamanlarda firmaya özgü faktörlere göre ayarlamalıdır. Politika yapıcılar ve firma yöneticileri, yatırım stratejilerini oluştururken ABD'deki belirsizlik yayılma etkilerini dikkate almalıdır.","""2016 election"" ""cash holdings"" U.S.","https://openalex.org/W4380996672","article"
"Niger","International Monetary Fund. African Dept.","2019","IMF Staff Country Reports","1","True","https://www.elibrary.imf.org/downloadpdf/journals/002/2019/239/002.2019.issue-239-en.xml","https://doi.org/10.5089/9781513508191.002","Niger faces daunting development challenges, aggravated by terrorist incursions, low uranium export prices, and climate change. Nonetheless, GDP growth picked up to 6.5 percent last year- and should average above 7 percent over the next five years thanks to reforms, substantial donor support, several large-scale projects, and a one-time boost from the projected commencement of crude oil exports in 2022.","""2016 election"" ""cash holdings"" U.S.","https://openalex.org/W4250808202","article"
"Partisan Professionals: Evidence from Credit Rating Analysts","Elisabeth Kempf; Margarita Tsoutsoura","2021","The Journal of Finance","1","True","http://www.nber.org/papers/w25292.pdf","https://doi.org/10.1111/jofi.13083","ABSTRACT Partisan perception affects the actions of professionals in the financial sector. Linking credit rating analysts to party affiliations from voter records, we show that analysts not affiliated with the U.S. president's party downward‐adjust corporate credit ratings more frequently. Since we compare analysts with different party affiliations covering the same firm in the same quarter, differences in firm fundamentals cannot explain the results. We also find a sharp divergence in the rating actions of Democratic and Republican analysts around the 2016 presidential election. Our results show that analysts' partisan perception has price effects and may influence firms' investment policies.","""2016 election"" ""cash holdings"" U.S.","https://openalex.org/W3124332098","article"
"Niger: Second Review Under the Extended Credit Facility Arrangement, and Request for Modification of a Performance Criterion-Press Release; Staff Report; and Statement by the Executive Director for Niger","International Monetary Fund. African Dept.","2018","IMF Staff Country Reports","0","True","https://www.elibrary.imf.org/doc/IMF002/25259-9781484361030/25259-9781484361030/Other_formats/Source_PDF/25259-9781484361085.pdf","https://doi.org/10.5089/9781484361030.002","International Monetary","""2016 election"" ""cash holdings"" U.S.","https://openalex.org/W4254687323","article"
"Niger:","International Monetary Fund. African Dept.","2018","IMF Staff Country Reports","0","True","https://www.elibrary.imf.org/doc/IMF002/25688-9781484391433/25688-9781484391433/Other_formats/Source_PDF/25688-9781484391488.pdf","https://doi.org/10.5089/9781484391433.002","Context. Niger faces daunting development challenges, aggravated by terrorist incursions, low uranium export prices, and climate change. Nonetheless, GDP grew by a respectable 5 percent in the past two years. It should average 7 percent over the next five years thanks to reforms, substantial donor support, several large-scale projects, and a one-time boost from the projected commencement of crude oil exports in 2022.","""2016 election"" ""cash holdings"" U.S.","https://openalex.org/W4233598786","article"
"The Importance of Climate Risks for Institutional Investors","Philipp Krueger; Zacharias Sautner; Laura T. Starks","2019","Review of Financial Studies","2577","True","https://academic.oup.com/rfs/article-pdf/33/3/1067/32449220/hhz137.pdf","https://doi.org/10.1093/rfs/hhz137","Abstract According to our survey about climate risk perceptions, institutional investors believe climate risks have financial implications for their portfolio firms and that these risks, particularly regulatory risks, already have begun to materialize. Many of the investors, especially the long-term, larger, and ESG-oriented ones, consider risk management and engagement, rather than divestment, to be the better approach for addressing climate risks. Although surveyed investors believe that some equity valuations do not fully reflect climate risks, their perceived overvaluations are not large.","November 2016 cash corporate","https://openalex.org/W2906323621","article"
"Digital Economics","Avi Goldfarb; Catherine E. Tucker","2019","Journal of Economic Literature","2186","True","https://www.aeaweb.org/articles/pdf/doi/10.1257/jel.20171452","https://doi.org/10.1257/jel.20171452","Digital technology is the representation of information in bits. This technology has reduced the cost of storage, computation, and transmission of data. Research on digital economics examines whether and how digital technology changes economic activity. In this review, we emphasize the reduction in five distinct economic costs associated with digital economic activity: search costs, replication costs, transportation costs, tracking costs, and verification costs. (JEL D24, D83, L86, O33, R41)","November 2016 cash corporate","https://openalex.org/W4252846263","article"
"RETRACTED: Cryptocurrencies as a financial asset: A systematic analysis","Shaen Corbet; Brian M. Lucey; Andrew Urquhart; Larisa Yarovaya","2018","International Review of Financial Analysis","1128","True","https://eprints.soton.ac.uk/425053/1/cryptocurrencies_financial_asset.pdf","https://doi.org/10.1016/j.irfa.2018.09.003","","November 2016 cash corporate","https://openalex.org/W2799345028","article"
"Blockchain in government: Benefits and implications of distributed ledger technology for information sharing","Svein Ølnes; Jolien Ubacht; Marijn Janssen","2017","Government Information Quarterly","1061","True","https://www.sciencedirect.com/science/article/pii/S0740624X17303155","https://doi.org/10.1016/j.giq.2017.09.007","Blockchain refers to a range of general purpose technologies to exchange information and transact digital assets in distributed networks. The core question addressed in this paper is whether blockchain technology will lead to innovation and transformation of governmental processes. To address this questions we present a critical assessment of the often exaggerated benefits of blockchain technology found in the literature and discuss their implications for governmental organizations and processes. We plea for a shift from a technology-driven to need-driven approach in which blockchain applications are customized to ensure a fit with requirements of administrative processes and in which the administrative processes are changed to benefit from the technology. Having sound governance models are found to be a conditions for realizing benefits. Based on a critical assessment we offer directions for further research into the potential benefits of BC applications in e-government and the role of governance of BC architectures and applications to comply with societal needs and public values.","November 2016 cash corporate","https://openalex.org/W2766800499","article"
"Financial literacy and the need for financial education: evidence and implications","Annamaria Lusardi","2019","Zeitschrift für schweizerische Statistik und Volkswirtschaft/Schweizerische Zeitschrift für Volkswirtschaft und Statistik/Swiss journal of economics and statistics","1043","True","https://sjes.springeropen.com/track/pdf/10.1186/s41937-019-0027-5","https://doi.org/10.1186/s41937-019-0027-5","","November 2016 cash corporate","https://openalex.org/W2911554037","article"
"Environmental, Social and Governance (ESG) Scores and Financial Performance of Multilatinas: Moderating Effects of Geographic International Diversification and Financial Slack","Eduardo Alexander Duque Grisales; Javier Aguilera‐Caracuel","2019","Journal of Business Ethics","1016","True","https://digibug.ugr.es/bitstream/10481/89820/4/JBE%202021%20PROOFS.pdf","https://doi.org/10.1007/s10551-019-04177-w","","November 2016 cash corporate","https://openalex.org/W2944847255","article"
"Corporate Governance and Blockchains","David Yermack","2016","European Finance Review","953","False","","https://doi.org/10.1093/rof/rfw074","Abstract Blockchains represent a novel application of cryptography and information technology to age-old problems of financial record-keeping, and they may lead to far-reaching changes in corporate governance. Many major players in the financial industry have began to invest in this new technology, and stock exchanges have proposed using blockchains as a new method for trading corporate equities and tracking their ownership. This essay evaluates the potential implications of these changes for managers, institutional investors, small shareholders, auditors, and other parties involved in corporate governance. The lower cost, greater liquidity, more accurate record-keeping, and transparency of ownership offered by blockchains may significantly upend the balance of power among these cohorts.","November 2016 cash corporate","https://openalex.org/W3123597155","article"
"Manajemen Sumber Daya Manusia","Alung Cipta","2023","Repository Alungcipta","925","True","https://repo.alungcipta.com/index.php/repo/article/download/4/3","https://doi.org/10.59000/ra.v1i1.4","Buku ini disusun oleh akademisi dan praktisi sesuai dengan kepakarannya masing-masing. Buku ini diharapkan dapat hadir memberikan kontribusi positif dalam ilmu pengetahuan khususnya Manajemen Sumber Daya Manusia yang merujuk kepada keilmuan bidang Manajemen. Luasnya permasalahan di bidang sumber daya manusia (SDM) mengharuskan organisasi membatasi ruang gerak dan aktivitasnya pada aspek-aspek penting dari manajemen sumber daya manusia itu sendiri. Oleh karena itu, pada penyusunan buku ini akan diuraikan masalah-masalah pokok dalam SDM dan batasan-batasannya. Dengan memahami proses dalam manajemen sumber daya manusia, pembaca khususnya mahasiswa S1 sebagai target dari buku ini diharapkan dapat merumuskan sebuah konsep utama dalam MSDM. Pada pendidikan strata satu (S1), pengajaran Manajemen Sumber Daya Manusia bertujuan memberikan dasar kemampuan bagi mahasiswa untuk menyusun proses perencanaan dan pengembangan sumber daya manusia.","November 2016 cash corporate","https://openalex.org/W4367368563","article"
"Blockchain technology: implications for operations and supply chain management","Rosanna Cole; Mark Stevenson; James Aitken","2019","Supply Chain Management An International Journal","922","True","https://eprints.lancs.ac.uk/id/eprint/131605/1/PDF_Proof.pdf","https://doi.org/10.1108/scm-09-2018-0309","Purpose This paper aims to encourage the study of blockchain technology from an operations and supply chain management (OSCM) perspective, identifying potential areas of application, and to provide an agenda for future research. Design/methodology/approach An explanation and analysis of blockchain technology is provided to identify implications for the field of OSCM. Findings The hype around the opportunities that digital ledger technologies offer is high. For OSCM, a myriad of ways in which blockchain could transform practice are identified, including enhancing product safety and security; improving quality management; reducing illegal counterfeiting; improving sustainable supply chain management; advancing inventory management and replenishment; reducing the need for intermediaries; impacting new product design and development; and reducing the cost of supply chain transactions. The immature state of practice and research surrounding blockchain means there is an opportunity for OSCM researchers to study the technology in its early stages and shape its adoption. Research limitations/implications The paper provides a platform for new research that addresses gaps in knowledge and advances the field of OSCM. A research agenda is developed around six key themes. Practical implications There are many opportunities for organisations to obtain an advantage by making use of blockchain technology ahead of the competition, enabling them to enhance their market position. But it is important that managers examine the characteristics of their products, services and supply chains to determine whether they need or would benefit sufficiently from the adoption of blockchain. Moreover, it is important that organisations build human capital expertise that allows them to develop, implement and exploit applications of this technology to maximum reward. Originality/value This is one of the first papers in a leading international OSCM journal to analyse blockchain technology, thereby complementing a recent article on digital supply chains that omitted blockchain.","November 2016 cash corporate","https://openalex.org/W2923916638","article"
"Mispricing Factors","Robert F. Stambaugh; Yu Yuan","2016","Review of Financial Studies","912","True","https://academic.oup.com/rfs/article-pdf/30/4/1270/24433865/hhw107.pdf","https://doi.org/10.1093/rfs/hhw107","A four-factor model with two ""mispricing"" factors, in addition to market and size factors, accommodates a large set of anomalies better than notable four-and five-factor alternative models. Moreover, our size factor reveals a small-firm premium nearly twice usual estimates. The mispricing factors aggregate information across 11 prominent anomalies by averaging rankings within two clusters exhibiting the greatest return co-movement. Investor sentiment predicts the mispricing factors, especially their short legs, consistent with a mispricing interpretation and the asymmetry in ease of buying versus shorting. A three-factor model with a single mispricing factor also performs well, especially in Bayesian model comparisons. (JEL G12)","November 2016 cash corporate","https://openalex.org/W4243760387","article"
"Introduction—Platforms and Infrastructures in the Digital Age","Panos Constantinides; Ola Henfridsson; Geoffrey Parker","2018","Information Systems Research","865","True","https://pubsonline.informs.org/doi/pdf/10.1287/isre.2018.0794","https://doi.org/10.1287/isre.2018.0794","In the last few years, leading-edge research from information systems, strategic management, and economics have separately informed our understanding of platforms and infrastructures in the digital age. Our motivation for undertaking this special issue rests in the conviction that it is significant to discuss platforms and infrastructures concomitantly, while enabling knowledge from diverse disciplines to cross-pollinate to address critical, pressing policy challenges and inform strategic thinking across both social and business spheres. In this editorial, we review key insights from the literature on digital infrastructures and platforms, present emerging research themes, highlight the contributions developed from each of the six articles in this special issue, and conclude with suggestions for further research.","November 2016 cash corporate","https://openalex.org/W2804990926","article"
"Global Pricing of Carbon‐Transition Risk","Patrick Bolton; Marcin Kacperczyk","2023","The Journal of Finance","832","True","https://onlinelibrary.wiley.com/doi/pdfdirect/10.1111/jofi.13272","https://doi.org/10.1111/jofi.13272","ABSTRACT The energy transition away from fossil fuels exposes companies to carbon‐transition risk. Estimating the market‐based premium associated with carbon‐transition risk in a cross section of 14,400 firms in 77 countries, we find higher stock returns associated with higher levels and growth rates of carbon emissions in all sectors and most countries. Carbon premia related to emissions growth are greater for firms located in countries with lower economic development, larger energy sectors, and less inclusive political systems. Premia related to emission levels are higher in countries with stricter domestic climate policies. The latter have increased with investor awareness about climate change risk.","November 2016 cash corporate","https://openalex.org/W4385782790","article"
"Renewable energy for sustainable development in India: current status, future prospects, challenges, employment, and investment opportunities","Charles Rajesh Kumar. J; M. A. Majid","2020","Energy Sustainability and Society","808","True","https://energsustainsoc.biomedcentral.com/track/pdf/10.1186/s13705-019-0232-1","https://doi.org/10.1186/s13705-019-0232-1","Abstract The primary objective for deploying renewable energy in India is to advance economic development, improve energy security, improve access to energy, and mitigate climate change. Sustainable development is possible by use of sustainable energy and by ensuring access to affordable, reliable, sustainable, and modern energy for citizens. Strong government support and the increasingly opportune economic situation have pushed India to be one of the top leaders in the world’s most attractive renewable energy markets. The government has designed policies, programs, and a liberal environment to attract foreign investments to ramp up the country in the renewable energy market at a rapid rate. It is anticipated that the renewable energy sector can create a large number of domestic jobs over the following years. This paper aims to present significant achievements, prospects, projections, generation of electricity, as well as challenges and investment and employment opportunities due to the development of renewable energy in India. In this review, we have identified the various obstacles faced by the renewable sector. The recommendations based on the review outcomes will provide useful information for policymakers, innovators, project developers, investors, industries, associated stakeholders and departments, researchers, and scientists.","November 2016 cash corporate","https://openalex.org/W3031747086","article"
"Trade-offs between multifunctionality and profit in tropical smallholder landscapes","Ingo Graß; Christoph Kubitza; Vijesh V. Krishna; Marife D. Corre; Oliver Mußhoff; Peter Pütz","2020","Nature Communications","774","True","https://www.nature.com/articles/s41467-020-15013-5.pdf","https://doi.org/10.1038/s41467-020-15013-5","Land-use transitions can enhance the livelihoods of smallholder farmers but potential economic-ecological trade-offs remain poorly understood. Here, we present an interdisciplinary study of the environmental, social and economic consequences of land-use transitions in a tropical smallholder landscape on Sumatra, Indonesia. We find widespread biodiversity-profit trade-offs resulting from land-use transitions from forest and agroforestry systems to rubber and oil palm monocultures, for 26,894 aboveground and belowground species and whole-ecosystem multidiversity. Despite variation between ecosystem functions, profit gains come at the expense of ecosystem multifunctionality, indicating far-reaching ecosystem deterioration. We identify landscape compositions that can mitigate trade-offs under optimal land-use allocation but also show that intensive monocultures always lead to higher profits. These findings suggest that, to reduce losses in biodiversity and ecosystem functioning, changes in economic incentive structures through well-designed policies are urgently needed.","November 2016 cash corporate","https://openalex.org/W3009916829","article"
"Corporate Economic, Environmental, and Social Sustainability Performance Transformation through ESG Disclosure","Maha Faisal Alsayegh; Rashidah Abdul Rahman; Saeid Homayoun","2020","Sustainability","713","True","https://www.mdpi.com/2071-1050/12/9/3910/pdf?version=1589187163","https://doi.org/10.3390/su12093910","Within the environmental, social, and governance (ESG) disclosure–corporate sustainability performance (economic, environmental and social; EES) framework, our empirical analysis examined the impact of ESG information disclosure on EES sustainability performance among Asian firms from 2005 to 2017. The positive ESG disclosure–EES sustainability performance relationship found in this study provides evidence that disclosing the implementation of environment and social strategies within an effective system of corporate governance in the organization strengthens corporate sustainability performance. The results also show that environmental performance and social performance are significantly positively related to economic sustainable performance, indicating that the corporation’s economic value and creating value for society are interdependent. In line with the stakeholder theory and the shared value theory, ESG information disclosure to all stakeholders is an important factor in creating a competitive advantage for enhancing corporate sustainability performance.","November 2016 cash corporate","https://openalex.org/W3021568246","article"
"Blockchain technology in agri-food value chain management: A synthesis of applications, challenges and future research directions","Guoqing Zhao; Shaofeng Liu; Carmen López; Haiyan Lu; Sebastián Elgueta; Huilan Chen","2019","Computers in Industry","701","True","http://hdl.handle.net/10026.1/13643","https://doi.org/10.1016/j.compind.2019.04.002","","November 2016 cash corporate","https://openalex.org/W2931810449","article"
"Report of the High-Level Commission on Carbon Prices","Joseph E. Stiglitz; Nicholas Stern; Duan, Maosheng; Edenhofer, Ottmar; Giraud, Gaël; Heal, Geoffrey M.","2017","","640","True","https://doi.org/10.7916/d8-w2nc-4103","https://doi.org/10.7916/d8-w2nc-4103","The purpose of this Commission is to explore explicit carbon-pricing options and levels that would induce the change in behaviors— particularly in those driving the investments in infrastructure, technology, and equipment—needed to deliver on the temperature objective of the Paris Agreement, in a way that fosters economic growth and development, as expressed in the Sustainable Development Goals (SDGs). This report does not focus on the estimation and evaluation of the climate change impacts that would be avoided by reducing carbon emissions. While the Commission also covers other policies relevant and important to carbon-pricing design and delivery on the Paris agreement, its primary focus is on pricing. This report has been prepared based on the Commission’s assessment of the available evidence and literature as well as on its members’ judgment, developed through their extensive international policy experience. While the commissioners are in broad agreement on the overall thrust of the arguments presented in the report, they may not necessarily support every single assertion and conclusion.","November 2016 cash corporate","https://openalex.org/W2803333083","article"
"The economic effects of trade policy uncertainty","Dario Caldara; Matteo Iacoviello; Patrick Molligo; Andrea Prestipino; Andrea Raffo","2019","Journal of Monetary Economics","585","True","https://doi.org/10.1016/j.jmoneco.2019.11.002","https://doi.org/10.1016/j.jmoneco.2019.11.002","• New measures of trade policy uncertainty are constructed using firm-level and aggregate data. • Trade policy uncertainty reduced U.S. investment by about 1.5% in 2018. • Open-economy DSGE Model with heterogeneous firms and nominal rigidities analyzes news and uncertainty about future tariffs. This paper studies the effects of unexpected changes in trade policy uncertainty (TPU) on the U.S. economy. Three measures of TPU are constructed using newspaper coverage, firms’ earnings calls, and tariff rates. Firm-level and aggregate macroeconomic data reveal that increases in TPU reduce business investment. The empirical results are interpreted through the lens of a two-country general equilibrium model with nominal rigidities and firms’ export participation decisions. News and increased uncertainty about higher future tariffs reduce investment and activity.","November 2016 cash corporate","https://openalex.org/W2976118977","article"
"The future of farming: Who will produce our food?","K.E. Giller; Thomas Delaune; ‪João Vasco Silva; Katrien Descheemaeker; G.W.J. van de Ven; A.G.T. Schut","2021","Food Security","581","True","https://link.springer.com/content/pdf/10.1007/s12571-021-01184-6.pdf","https://doi.org/10.1007/s12571-021-01184-6","Abstract Achieving SDG2 (zero hunger) in a situation of rapid global population growth requires a continued focus on food production. Farming not merely needs to sustainably produce nutritious diets, but should also provide livelihoods for farmers, while retaining natural ecosystems and services. Rather than focusing on production principles, this article explores the interrelations between farms and farming systems in the global food system. Evaluating farming systems around the world, we reveal a bewildering diversity. While family farms predominate, these range in size from less than 0.1 ha to more than 10,000 ha, and from hand hoe use to machine-based cultivation, enabling one person to plant more than 500 ha in a day. Yet, farming in different parts of the world is highly interdependent, not least because prices paid for farm produce are largely determined by global markets. Furthermore, the economic viability of farming is a problem, globally. We highlight trends in major regions of the world and explore possible trajectories for the future and ask: Who are the farmers of the future? Changing patterns of land ownership, rental and exchange mean that the concept of ‘what is a farm’ becomes increasingly fluid. Next to declining employment and rural depopulation, we also foresee more environmentally-friendly, less external input dependent, regionalised production systems. This may require the reversal of a global trend towards increasing specialisation to a recoupling of arable and livestock farming, not least for the resilience it provides. It might also require a slow-down or reversal of the widespread trend of scale enlargement in agriculture. Next to this trend of scale enlargement, small farms persist in Asia: consolidation of farms proceeds at a snail’s pace in South-east Asia and 70% of farms in India are ‘ultra-small’ – less than 0.05 ha. Also in Africa, where we find smallholder farms are much smaller than often assumed (&lt; 1 ha), farming households are often food insecure. A raft of pro-poor policies and investments are needed to stimulate small-scale agriculture as part of a broader focus on rural development to address persistent poverty and hunger. Smallholder farms will remain an important source of food and income, and a social safety net in absence of alternative livelihood security. But with limited possibilities for smallholders to ‘step-up’, the agricultural engine of growth appears to be broken. Smallholder agriculture cannot deliver the rate of economic growth currently assumed by many policy initiatives in Africa.","November 2016 cash corporate","https://openalex.org/W3196375261","article"
"On misogynoir: citation, erasure, and plagiarism","Moya Bailey","2018","Feminist Media Studies","574","False","","https://doi.org/10.1080/14680777.2018.1447395","We, Moya Bailey and Trudy aka @thetrudz, had significant roles in the creation and proliferation of the term misogynoir. Misogynoir describes the anti-Black racist misogyny that Black women experience. Despite coining the term in 2008 and writing about the term online since 2010, we experience, to varying degrees, our contributions being erased, our writing not cited, or our words plagiarized by people who find the word compelling. It is not surprising that misogynoir would be enacted against the Black women who brought the word to public acclaim but it is nonetheless troubling. This is not to say that every time the word is used, our names need to be mentioned, but it does matter that our intellectual interventions are understood in proper context. In this article, we interview each other and discuss the ramifications of the naming of misogynoir in digital media and its impact on our own lives.","November 2016 cash corporate","https://openalex.org/W2790931064","article"
"IMF conditionality and development policy space, 1985–2014","Alexander Kentikelenis; Thomas Stubbs; Lawrence King","2016","Review of International Political Economy","564","True","https://www.repository.cam.ac.uk/handle/1810/255016","https://doi.org/10.1080/09692290.2016.1174953","In recent years, the International Monetary Fund (IMF) has re-emerged as a central actor in global economic governance. Its rhetoric and policies suggest that the organization has radically changed the ways in which it offers financial assistance to countries in economic trouble. We revisit two long-standing controversies: Has the policy content of IMF programmes evolved to allow for more policy space? Do these programmes now allow for the protection of labour and social policies? We collected relevant archival material on the IMF's lending operations and identified all policy conditionality in IMF loan agreements between 1985 and 2014, extracting 55,465 individual conditions across 131 countries in total. We find little evidence of a fundamental transformation of IMF conditionality. The organization's post-2008 programmes reincorporated many of the mandated reforms that the organization claims to no longer advocate and the number of conditions has been increasing. We also find that policies introduced to ameliorate the social consequences of IMF macroeconomic advice have been inadequately incorporated into programme design. Drawing on this evidence, we argue that multiple layers of rhetoric and ceremonial reforms have been designed to obscure the actual practice of adjustment programmes, revealing an escalating commitment to hypocrisy.","November 2016 cash corporate","https://openalex.org/W2341493621","article"
"What is the Expected Return on the Market?*","Ian Martin","2016","The Quarterly Journal of Economics","546","True","https://academic.oup.com/qje/article-pdf/132/1/367/17098108/qjw034.pdf","https://doi.org/10.1093/qje/qjw034","Abstract I derive a lower bound on the equity premium in terms of a volatility index, SVIX, that can be calculated from index option prices. The bound implies that the equity premium is extremely volatile and that it rose above 20% at the height of the crisis in 2008. The time-series average of the lower bound is about 5%, suggesting that the bound may be approximately tight. I run predictive regressions and find that this hypothesis is not rejected by the data, so I use the SVIX index as a proxy for the equity premium and argue that the high equity premia available at times of stress largely reflect high expected returns over the very short run. I also provide a measure of the probability of a market crash, and introduce simple variance swaps, tradable contracts based on SVIX that are robust alternatives to variance swaps.","November 2016 cash corporate","https://openalex.org/W3049112891","article"
"Volatility‐Managed Portfolios","Alan Moreira; Tyler Muir","2017","The Journal of Finance","529","True","https://onlinelibrary.wiley.com/doi/pdfdirect/10.1111/jofi.12513","https://doi.org/10.1111/jofi.12513","ABSTRACT Managed portfolios that take less risk when volatility is high produce large alphas, increase Sharpe ratios, and produce large utility gains for mean‐variance investors. We document this for the market, value, momentum, profitability, return on equity, investment, and betting‐against‐beta factors, as well as the currency carry trade. Volatility timing increases Sharpe ratios because changes in volatility are not offset by proportional changes in expected returns. Our strategy is contrary to conventional wisdom because it takes relatively less risk in recessions. This rules out typical risk‐based explanations and is a challenge to structural models of time‐varying expected returns.","November 2016 cash corporate","https://openalex.org/W2614466292","article"
"Quality minus junk","Clifford S. Asness; Andrea Frazzini; Lasse Heje Pedersen","2018","Review of Accounting Studies","525","True","https://link.springer.com/content/pdf/10.1007/s11142-018-9470-2.pdf","https://doi.org/10.1007/s11142-018-9470-2","We define quality as characteristics that investors should be willing to pay a higher price for. Theoretically, we provide a tractable valuation model that shows how stock prices should increase in their quality characteristics: profitability, growth, and safety. Empirically, we find that high-quality stocks do have higher prices on average but not by a large margin. Perhaps because of this puzzlingly modest impact of quality on price, high-quality stocks have high risk-adjusted returns. Indeed, a quality-minus-junk (QMJ) factor that goes long high-quality stocks and shorts low-quality stocks earns significant risk-adjusted returns in the United States and across 24 countries. The price of quality varies over time, reaching a low during the internet bubble, and a low price of quality predicts a high future return of QMJ. Analysts’ price targets and earnings forecasts imply systematic quality-related errors in return and earnings expectations.","November 2016 cash corporate","https://openalex.org/W3124476761","article"
"Climate Change, Firm Performance, and Investor Surprises","Nora Pankratz; Rob Bauer; Jeroen Derwall","2023","Management Science","499","True","https://cris.maastrichtuniversity.nl/ws/files/187471881/Bauer-2023-climate-change-firm-performance-and-investor-surprises.pdf","https://doi.org/10.1287/mnsc.2023.4685","We link records of firm performance, equity analyst forecast errors, and stock returns around companies’ earnings announcements to firm-specific measures of heat exposure for more than 17,000 firms in 93 countries from 1995 to 2019. We find that increased exposure to extremely high temperatures reduces firms’ revenues and operating income. A one-standard-deviation increase in the number of hot days decreases revenues (operating income) by 0.6% (1.8%) of the average quarterly revenue (operating income). Moreover, we provide evidence that increased heat exposure impacts negatively on firm financial performance relative to analyst predictions and on earnings announcement returns. These findings indicate that capital market participants do not fully anticipate the economic consequences of heat as a first order physical climate risk. This paper was accepted by Colin Mayer, Special Section of Management Science on Business and Climate Change. Funding: N. Pankratz gratefully acknowledges financial support from the French Social Investment Forum and the Principles for Responsible Investment [PhD Research Grant 2017]. Supplemental Material: Data are available at https://doi.org/10.1287/mnsc.2023.4685 .","November 2016 cash corporate","https://openalex.org/W4328094166","article"
"Poverty and Economic Decision-Making: Evidence from Changes in Financial Resources at Payday","Leandro Carvalho; Stephan Meier; Stephanie W. Wang","2016","American Economic Review","498","True","https://www.aeaweb.org/articles/pdf/doi/10.1257/aer.20140481","https://doi.org/10.1257/aer.20140481","We study the effect of financial resources on decision-making. Low-income U.S. households are randomly assigned to receive an online survey before or after payday. The survey collects measures of cognitive function and administers risk and intertemporal choice tasks. The study design generates variation in cash, checking and savings balances, and expenditures. Before-payday participants behave as if they are more present-biased when making intertemporal choices about monetary rewards but not when making intertemporal choices about non-monetary real-effort tasks. Nor do we find before-after differences in risk-taking, the quality of decision-making, the performance in cognitive function tasks, or in heuristic judgments.","November 2016 cash corporate","https://openalex.org/W2263179472","article"
"Transparency and sustainability in global commodity supply chains","Toby Gardner; Magnus Benzie; Jan Börner; Elena Dawkins; Steve Fick; Rachael Garrett","2018","World Development","495","True","https://doi.org/10.1016/j.worlddev.2018.05.025","https://doi.org/10.1016/j.worlddev.2018.05.025","Over the last few decades rapid advances in processes to collect, monitor, disclose, and disseminate information have contributed towards the development of entirely new modes of sustainability governance for global commodity supply chains. However, there has been very little critical appraisal of the contribution made by different transparency initiatives to sustainability and the ways in which they can (and cannot) influence new governance arrangements. Here we seek to strengthen the theoretical underpinning of research and action on supply chain transparency by addressing four questions: (1) What is meant by supply chain transparency? (2) What is the relevance of supply chain transparency to supply chain sustainability governance? (3) What is the current status of supply chain transparency, and what are the strengths and weaknesses of existing initiatives? and (4) What propositions can be advanced for how transparency can have a positive transformative effect on the governance interventions that seek to strengthen sustainability outcomes? We use examples from agricultural supply chains and the zero-deforestation agenda as a focus of our analysis but draw insights that are relevant to the transparency and sustainability of supply chains in general. We propose a typology to distinguish among types of supply chain information that are needed to support improvements in sustainability governance, and illustrate a number of major shortfalls and systematic biases in existing information systems. We also propose a set of ten propositions that, taken together, serve to expose some of the potential pitfalls and undesirable outcomes that may result from (inevitably) limited or poorly designed transparency systems, whilst offering guidance on some of the ways in which greater transparency can make a more effective, lasting and positive contribution to sustainability.","November 2016 cash corporate","https://openalex.org/W2807034872","article"
"Initial Coin Offerings: Financing Growth with Cryptocurrency Token Sales","Sabrina T Howell; Marina Niessner; David Yermack","2019","Review of Financial Studies","492","True","https://academic.oup.com/rfs/article-pdf/33/9/3925/33678005/hhz131.pdf","https://doi.org/10.1093/rfs/hhz131","Abstract Initial coin offerings (ICOs) have emerged as a new mechanism for entrepreneurial finance, with parallels to initial public offerings, venture capital, and presale crowdfunding. In a sample of more than 1,500 ICOs that collectively raise ${\$}$12.9 billion, we examine which issuer and ICO characteristics predict successful real outcomes (increasing issuer employment and avoiding enterprise failure). Success is associated with disclosure, credible commitment to the project, and quality signals. An instrumental variables analysis finds that ICO token exchange listing causes higher future employment, indicating that access to token liquidity has important real consequences for the enterprise. Authors have furnished an Internet Appendix, which is available on the Oxford University Press Web site next to the link to the final published paper online.","November 2016 cash corporate","https://openalex.org/W2985545178","article"
"Political Uncertainty and IPO Activity: Evidence from U.S. Gubernatorial Elections","Gönül Çolak; Art Durnev; Yiming Qian","2017","Journal of Financial and Quantitative Analysis","491","True","https://www.cambridge.org/core/services/aop-cambridge-core/content/view/8F2EE62C6038B166F009987127269210/S0022109017000862a.pdf/div-class-title-political-uncertainty-and-ipo-activity-evidence-from-u-s-gubernatorial-elections-div.pdf","https://doi.org/10.1017/s0022109017000862","We analyze initial public offering (IPO) activity under political uncertainty surrounding gubernatorial elections in the United States. There are fewer IPOs originating from a state when it is scheduled to have an election. To establish identification, we develop a neighboring-states method that uses bordering states without elections as a control group. The dampening effect of elections on IPO activity is stronger for firms with more concentrated businesses in their home states, firms that are more dependent on government contracts (particularly state contracts), and harder-to-value firms. This dampening effect is related to lower IPO offer prices (hence, higher costs of capital) during election years.","November 2016 cash corporate","https://openalex.org/W3123110761","article"
"Dependence and precarity in the platform economy","Juliet B. Schor; William Attwood‐Charles; Mehmet Cansoy; Isak Ladegaard; Robert Wengronowitz","2020","Theory and Society","485","True","https://link.springer.com/content/pdf/10.1007/s11186-020-09408-y.pdf","https://doi.org/10.1007/s11186-020-09408-y","","November 2016 cash corporate","https://openalex.org/W2972706642","article"
"Study on the Relationship between CSR and Financial Performance","Sang Jun Cho; Chune Young Chung; Jason Young","2019","Sustainability","482","True","https://doi.org/10.3390/su11020343","https://doi.org/10.3390/su11020343","This study analyzed whether a systematic relationship exists between corporate social responsibility (CSR) performance and corporate financial performance using 191 sample firms listed on the Korea Exchange. The Korea Economic Justice Institute (KEJI) index of 2015 was used to measure CSR performance; profitability and firm value were used to measure corporate financial performance. Return on assets was used as a proxy for profitability, and Tobin’s Q was used as a proxy for firm value. The correlation between these variables and CSR performance was examined through correlation and regression analysis. The results confirm that CSR performance has a partial positive correlation with profitability and firm value. These results are partly consistent with those of previous studies reporting a positive relationship between CSR and Korean firms’ financial performance using the KEJI index before 2011. In the relationship between CSR performance and profitability, only social contribution yields a statistically positive correlation. Analysis of the correlation between CSR performance and financial performance indicators revealed a positive relationship between the growth rate of total assets and corporate soundness and social contribution. Both soundness and social contribution showed a positive correlation with Tobin’s Q, the measure of corporate value.","November 2016 cash corporate","https://openalex.org/W2910746226","article"
"Blue growth and blue justice: Ten risks and solutions for the ocean economy","Nathan Bennett; Jessica Blythe; Carole White; Cecilia Campero","2021","Marine Policy","458","False","","https://doi.org/10.1016/j.marpol.2020.104387","","November 2016 cash corporate","https://openalex.org/W3119054142","article"
"Disruptions and resilience in global container shipping and ports: the COVID-19 pandemic versus the 2008–2009 financial crisis","Theo Notteboom; Thanos Pallis; Jean‐Paul Rodrigue","2021","Maritime Economics & Logistics","447","True","https://link.springer.com/content/pdf/10.1057/s41278-020-00180-5.pdf","https://doi.org/10.1057/s41278-020-00180-5","","November 2016 cash corporate","https://openalex.org/W3120887917","article"
"Decarbonization and its discontents: a critical energy justice perspective on four low-carbon transitions","Benjamin K. Sovacool; Mari Martiskainen; Andrew Hook; Lucy Baker","2019","Climatic Change","437","True","https://link.springer.com/content/pdf/10.1007/s10584-019-02521-7.pdf","https://doi.org/10.1007/s10584-019-02521-7","Low-carbon transitions are often assumed as positive phenomena, because they supposedly reduce carbon emissions, yet without vigilance, there is evidence that they can in fact create new injustices and vulnerabilities, while also failing to address pre-existing structural drivers of injustice in energy markets and the wider socio-economy. With this in mind, we examine four European low-carbon transitions from an unusual normative perspective: that of energy justice. Because a multitude of studies looks at the co-benefits of renewable energy, low-carbon mobility, or climate change mitigation, we instead ask in this paper what are the types of injustices associated with low-carbon transitions? Relatedly, in what ways do low-carbon transitions worsen social risks or vulnerabilities? Lastly, what policies might be deployed to make these transitions more just? We answer these questions by first elaborating an “energy justice” framework consisting of four distinct dimensions—distributive justice (costs and benefits), procedural justice (due process), cosmopolitan justice (global externalities), and recognition justice (vulnerable groups). We then examine four European low-carbon transitions—nuclear power in France, smart meters in Great Britain, electric vehicles in Norway, and solar energy in Germany—through this critical justice lens. In doing so, we draw from original data collected from 64 semi-structured interviews with expert participants as well as five public focus groups and the monitoring of twelve large internet forums. We document 120 distinct energy injustices across these four transitions, including 19 commonly recurring injustices. We aim to show how when low-carbon transitions unfold, deeper injustices related to equity, distribution, and fairness invariably arise.","November 2016 cash corporate","https://openalex.org/W2969675151","article"
"Transparency, Reproducibility, and the Credibility of Economics Research","Garret Christensen; Edward Miguel","2018","Journal of Economic Literature","429","True","https://www.aeaweb.org/articles/pdf/doi/10.1257/jel.20171350","https://doi.org/10.1257/jel.20171350","There is growing interest in enhancing research transparency and reproducibility in economics and other scientific fields. We survey existing work on these topics within economics and discuss the evidence suggesting that publication bias, inability to replicate, and specification searching remain widespread in the discipline. We next discuss recent progress in this area, including through improved research design, study registration and pre-analysis plans, disclosure standards, and open sharing of data and materials, drawing on experiences in both economics and other social sciences. We discuss areas where consensus is emerging on new practices, as well as approaches that remain controversial, and speculate about the most effective ways to make economics research more credible in the future. ( JEL A11, C18, I23)","November 2016 cash corporate","https://openalex.org/W2561942675","article"
"The directional volatility connectedness between crude oil and equity markets: New evidence from implied volatility indexes","Aktham Maghyereh; Basel Awartani; Elie Bouri","2016","Energy Economics","414","True","http://hdl.handle.net/10026.1/4840","https://doi.org/10.1016/j.eneco.2016.04.010","","November 2016 cash corporate","https://openalex.org/W2344454021","article"
"Understanding Coronanomics: The Economic Implications of the Coronavirus (COVID-19) Pandemic","Suborna Barua","2020","SSRN Electronic Journal","413","True","https://papers.ssrn.com/sol3/Delivery.cfm?abstractid=3566477","https://doi.org/10.2139/ssrn.3566477","","November 2016 cash corporate","https://openalex.org/W3016474218","article"
"Fiscal Policy Challenges for Latin America during the Next Stages of the Pandemic: The Need for a Fiscal Pact","Luca Ricci; Jorge Roldos; Alejandro Werner","2021","IMF Working Paper","401","True","https://www.elibrary.imf.org/downloadpdf/journals/001/2021/077/001.2021.issue-077-en.xml","https://doi.org/10.5089/9781513574332.001","The fiscal policy response to the COVID-19 shock in most LAC countries was much larger than during the GFC, suggesting fiscal space was not as tight as expected. We argue that it is feasible and desirable, though not without risks, to embark in a more gradual consolidation path than currently envisaged by several countries in the region. Avoiding an early withdrawal of support in 2021 and 2022 is important given that countries are still facing high rates of contagion and deaths, vaccination will take place very slowly, the economic recovery is partial, uncertain and not strong enough to help those most affected by the twin public health and economic crisis. At the center of this discussion is our conviction that fiscal space is not set in stone and it is endogenous to the medium-term targets and commitments undertaken by governments and congresses throughout the region. Also, revisions to fiscal responsibility frameworks should help anchor fiscal sustainability, as well as improve their effectiveness and flexibility. In this context, low-for-long interest rates and easy market access is generating a situation that, in spite of higher debt levels, interest cost on public debt will remain contained in the foreseeable future. Especially if, as argued in this paper, a more gradual fiscal consolidation path is accompanied with stronger commitments and institutional frameworks that ensure debt is put on a credible downward trajectory once the pandemic is under control. Catalyzing these changes, as well as initiating the debate to design other fiscal reforms to strengthen social protection and increase the progressivity of public finances, would require a broad social consensus and political cohesion around several crucial dimensions of public finances: a fiscal pact. On the other hand, if this agenda is neglected the continuation of low growth, social discontent, and political polarization could drive Latin America towards a very dangerous path of institutional and economic decay.","November 2016 cash corporate","https://openalex.org/W3179498596","article"
"How should we understand the digital economy in Asia? Critical assessment and research agenda","Kai Li; Dan J. Kim; Karl R. Lang; Robert J. Kauffman; Maurizio Naldi","2020","Electronic Commerce Research and Applications","393","True","https://www.ncbi.nlm.nih.gov/pmc/articles/7480531","https://doi.org/10.1016/j.elerap.2020.101004","","November 2016 cash corporate","https://openalex.org/W3084157653","article"
"Blockchain Technology: Benefits, Challenges, Applications, and Integration of Blockchain Technology with Cloud Computing","Gousia Habib; Sparsh Sharma; Sara Ibrahim; Imtiaz Ahmad; Shaima Qureshi; Ishfaq Ahmad Malik","2022","Future Internet","387","True","https://www.mdpi.com/1999-5903/14/11/341/pdf?version=1669018802","https://doi.org/10.3390/fi14110341","The real-world use cases of blockchain technology, such as faster cross-border payments, identity management, smart contracts, cryptocurrencies, and supply chain–blockchain technology are here to stay and have become the next innovation, just like the Internet. There have been attempts to formulate digital money, but they have not been successful due to security and trust issues. However, blockchain needs no central authority, and its operations are controlled by the people who use it. Furthermore, it cannot be altered or forged, resulting in massive market hype and demand. Blockchain has moved past cryptocurrency and discovered implementations in other real-life applications; this is where we can expect blockchain technology to be simplified and not remain a complex concept. Blockchain technology’s desirable characteristics are decentralization, integrity, immutability, verification, fault tolerance, anonymity, audibility, and transparency. We first conduct a thorough analysis of blockchain technology in this paper, paying particular attention to its evolution, applications and benefits, the specifics of cryptography in terms of public key cryptography, and the challenges of blockchain in distributed transaction ledgers, as well as the extensive list of blockchain applications in the financial transaction system. This paper presents a detailed review of blockchain technology, the critical challenges faced, and its applications in different fields. Blockchain in the transaction system is explained in detail with a summary of different cryptocurrencies. Some of the suggested solutions are given in the overall study of the paper.","November 2016 cash corporate","https://openalex.org/W4309737257","article"
"Banks Response to Higher Capital Requirements: Evidence from a Quasi-Natural Experiment","Reint Gropp; Thomas C. Mosk; Steven Ongena; Carlo Wix","2018","Review of Financial Studies","379","True","https://academic.oup.com/rfs/article-pdf/32/1/266/27185080/hhy052.pdf","https://doi.org/10.1093/rfs/hhy052","We study the impact of higher capital requirements on banks’ balance sheets and their transmission to the real economy. The 2011 EBA capital exercise is an almost ideal quasi-natural experiment to identify this impact with a difference-in-differences matching estimator. We find that treated banks increase their capital ratios by reducing their risk-weighted assets, not by raising their levels of equity, consistent with debt overhang. Banks reduce lending to corporate and retail customers, resulting in lower asset, investment, and sales growth for firms obtaining a larger share of their bank credit from the treated banks. Received November 28, 2016; editorial decision March 9, 2018 by Editor Philip Strahan. Authors have furnished an Internet Appendix, which are available on the Oxford University Press Web site next to the link to the final published paper online.","November 2016 cash corporate","https://openalex.org/W3125079544","article"
"Lateral Exchange Markets: How Social Platforms Operate in a Networked Economy","Rebeca Perren; Robert V. Kozinets","2017","Journal of Marketing","374","True","http://scholarworks.calstate.edu/downloads/cn69m471f","https://doi.org/10.1509/jm.14.0250","Lateral exchange markets (LEMs) are sites of technologically intermediated exchange between actors occupying equivalent network positions. To develop an enriched understanding of these markets, the authors develop a more broad-based and differentiated understanding of peer-to-peer, sharing, and access-based markets. They focus on two key axes: the extent of (1) consociality and (2) platform intermediation. Drawing on these attributes, the authors theoretically deduce four ideal types—Forums, Enablers, Matchmakers, and Hubs. Each type provides value in a different way: Forums connect actors, Enablers equip actors, Matchmakers pair actors, and Hubs centralize exchange. Twenty organizational cases reveal insights into the failure, adaptation, and success of LEMs. Lateral exchange markets shift responsibility for personal and exchange security to relevant personal actors, to institutions, or to the governing algorithms of technology platforms. Extending the general proposition that sociality increasingly infuses market logics, the findings suggest a new frontier in which social resources and software platform algorithms interact as operand resources whose negative consequences (e.g., opportunism) require careful management through assurances and institutional arrangements matched to the type of LEM operation.","November 2016 cash corporate","https://openalex.org/W2757209552","article"
"Institutional incentives in circular economy transition: The case of material use in the Dutch textile industry","Aglaia Fischer; Stefano Pascucci","2016","Journal of Cleaner Production","371","True","https://www.sciencedirect.com/science/article/pii/S0959652616320935","https://doi.org/10.1016/j.jclepro.2016.12.038","","November 2016 cash corporate","https://openalex.org/W2564688125","article"
"Central banking and the infrastructural power of finance: the case of ECB support for repo and securitization markets","Benjamin Braun","2018","Socio-Economic Review","366","True","https://academic.oup.com/ser/article-pdf/18/2/395/33840789/mwy008.pdf","https://doi.org/10.1093/ser/mwy008","Abstract The pre-crisis rise and post-crisis resilience of European repo and securitization markets represent political victories for the interests of large banks. To explain when and how finance wins, the literature emphasizes lobbying capacity (instrumental power) and the financial sector’s central position in the economy (structural power). Increasingly, however, finance also enjoys infrastructural power, which stems from entanglements between specific financial markets and public-sector actors, such as treasuries and central banks, which govern by transacting in those markets. To demonstrate the analytical value of this perspective, the article traces how the European Central Bank (ECB), motivated by monetary policy considerations, has shaped post-crisis financial policymaking in the EU. It shows that the ECB has played a key part in fending off a financial transaction tax on repos and in shoring up and rebuilding the securitization market. With market-based forms of state agency on the rise, infrastructural entanglement and power shed new light on the politics of finance.","November 2016 cash corporate","https://openalex.org/W2791159758","article"
"Real Effects of the Sovereign Debt Crisis in Europe: Evidence from Syndicated Loans","Viral V. Acharya; Tim Eisert; Christian Eufinger; Christian Hirsch","2018","Review of Financial Studies","366","True","https://pure.eur.nl/ws/files/47878588/RePub-111941.pdf","https://doi.org/10.1093/rfs/hhy045","We explore the causes of the credit crunch during the European sovereign debt crisis and its impact on the corporate policies of European firms. Our results show that value impairment in banks’ exposures to sovereign debt and the risk-shifting behavior of weakly capitalized banks reduced the probability of firms being granted new syndicated loans by up to 53%. This lending contraction depressed investment, employment, and sales growth of firms affiliated with affected banks. Our estimates based on firm-level data suggest that the credit crunch explains between 44% and 66% of the overall negative real effects suffered by European firms. Received April 5, 2016; editorial decision February 3, 2018 by Editor Andrew Karolyi. Authors have furnished an Internet Appendix, which is available on the Oxford University Press Web site next to the link to the final published paper online.","November 2016 cash corporate","https://openalex.org/W3123541727","article"
"The effect of a worldwide tax system on tax management of foreign subsidiaries","Saskia Kohlhase; Jochen Pierk","2019","Journal of International Business Studies","53","True","https://link.springer.com/content/pdf/10.1057/s41267-019-00287-9.pdf","https://doi.org/10.1057/s41267-019-00287-9","Abstract Under a worldwide tax system, firms pay taxes on their domestic income and repatriated foreign income, whereas under a territorial tax system repatriated foreign income is exempt from taxation. We examine whether worldwide tax systems reduce the incentives of multinational corporations to engage in tax management in their foreign subsidiaries. Using two quasi-natural experiments, we show that multinationals lower the effective tax rates in their foreign subsidiaries after countries switch from a worldwide to a territorial tax system. Thus, multinationals subject to a worldwide tax system face competitive disadvantages compared to competitors from countries with a territorial tax system.","""Tax Cuts and Jobs Act"" ""cash holdings""","https://openalex.org/W2990572151","article"
"Foreign investment of US multinationals: The effect of tax policy and agency conflicts.","James F. Albertus; Brent Glover; Oliver Levine","2021","Journal of Financial Economics","46","False","","https://doi.org/10.1016/j.jfineco.2021.06.004","","""Tax Cuts and Jobs Act"" ""cash holdings""","https://openalex.org/W3168599525","article"
"The new world of philanthropy: How changing financial behavior, public policies, and <scp>COVID</scp>‐19 affect nonprofit fundraising and marketing","Eric Van Steenburg; Nwamaka A. Anaza; Ahmed Ashhar; Andrés Fernando González Barrios; Ashley R. Deutsch; Meryl P. Gardner","2022","Journal of Consumer Affairs","34","True","https://onlinelibrary.wiley.com/doi/pdfdirect/10.1111/joca.12461","https://doi.org/10.1111/joca.12461","Evolving financial behavior, an unpredictable public policy atmosphere, and an unparalleled global pandemic have collaborated to disrupt nonprofit fundraising. The COVID-19 pandemic alone exacerbated consumer demands for nonprofit services while curtailing nonprofit organizations' ability to fundraise. Without fundraising, nonprofit organizations cannot achieve their mission or support their causes, leading to a precarious situation for societal well-being. Meanwhile, consumers are changing their financial behaviors, with younger generations often going cashless. At the same time, governments continue to change policies that affect nonprofit organizations. In keeping with the transformative consumer research movement, the present study provides a conceptual framework for the state of nonprofit fundraising amid the challenges associated with changes in financial behavior and public policy, coupled with the effects of the global pandemic. Marketing strategies for fundraising success are presented to aid nonprofits going forward and serve societal interests.","""Tax Cuts and Jobs Act"" ""cash holdings""","https://openalex.org/W4283075110","article"
"Corporate Debt and Taxes","Michelle Hanlon; Shane Heitzman","2022","Annual Review of Financial Economics","29","True","https://www.annualreviews.org/doi/pdf/10.1146/annurev-financial-101221-103806","https://doi.org/10.1146/annurev-financial-101221-103806","We provide updates to and perspectives on the enduring topic of debt and taxes. The recent decade brought us new empirical strategies, accounting rules, and tax laws. We discuss how these and other developments change our understanding of leverage and taxes. Overall, tax incentives still do not seem to have a consistent, first-order effect on corporate capital structure. This presents a puzzle as governments increasingly limit interest deductibility, citing its contribution to overleverage and distress. We discuss critical empirical challenges such as measurement, highlight issues surrounding assumptions about tax rates and real-world financing decisions, and offer insights and direction for future research. We conclude that rather than asking if taxes are a first-order driver of corporate capital structure, a more productive goal is a greater understanding of when tax incentives yield material effects on corporate capital structure.","""Tax Cuts and Jobs Act"" ""cash holdings""","https://openalex.org/W4290931618","article"
"The Economic Effects of Special Purpose Entities on Corporate Tax Avoidance","Paul Demeré; Michael P. Donohoe; Petro Lisowsky","2019","Contemporary Accounting Research","27","True","https://onlinelibrary.wiley.com/doi/pdfdirect/10.1111/1911-3846.12580","https://doi.org/10.1111/1911-3846.12580","ABSTRACT This study provides the first large‐sample evidence on the economic tax effects of special purpose entities (SPEs). These increasingly common organizational structures facilitate corporate tax savings by enabling sponsor firms to increase tax‐advantaged activities and/or enhance their tax efficiency (i.e., relative tax savings of a given activity). Using path analysis, we find that SPEs facilitate greater tax avoidance such that an economically large amount of cash tax savings from research and development (R&amp;D), depreciable assets, net operating loss carryforwards, intangible assets, foreign operations, and tax havens occur in conjunction with SPE use. We estimate that SPEs help generate over $330 billion of incremental cash tax savings, or roughly 6 percent of total U.S. federal corporate income tax collections during the sample period. Interaction analyses reveal that SPEs enhance the tax efficiency of intangibles and R&amp;D by 61.5 percent to 87.5 percent. Overall, these findings provide economic insight into complex organizational structures supporting corporate tax avoidance.","""Tax Cuts and Jobs Act"" ""cash holdings""","https://openalex.org/W3125789852","article"
"Tax Competition and Employment","Stephen Glaeser; Marcel Olbert; Ann-Catherin Werner","2023","The Accounting Review","24","False","","https://doi.org/10.2308/tar-2020-0575","ABSTRACT We examine how exposure to international tax competition affects domestic firms’ employment. Consistent with prior work, we find evidence that reductions in foreign tax rates affect the domestic competitive environment via increases in import competition and investment in foreign-owned subsidiaries. We posit that these changes in the domestic competitive environment can cause managers to reduce their firms’ employment levels. Consistent with our expectation, we find that relative decreases in foreign tax rates negatively affect total labor compensation at domestic firms ex ante exposed to import competition and competition from foreign-owned peers. The effect of exposure to tax competition is greater for firms more exposed to product-market competition and those that are less able to expand investment without also increasing employment levels. Taken together, our results suggest that foreign tax rate changes can affect managers’ domestic employment decisions by changing the domestic competitive environment. JEL Classifications: E24; F14; F16; H23; H35.","""Tax Cuts and Jobs Act"" ""cash holdings""","https://openalex.org/W4366823153","article"
"Foreign Investment of US Multinationals: The Effect of Tax Policy and Agency Conflicts","James F. Albertus; Brent Glover; Oliver Levine","2018","SSRN Electronic Journal","22","True","https://doi.org/10.2139/ssrn.3172468","https://doi.org/10.2139/ssrn.3172468","","""Tax Cuts and Jobs Act"" ""cash holdings""","https://openalex.org/W2807146376","article"
"<scp>IRS</scp> scrutiny and corporate innovation","Nathan C. Goldman; Niklas Lampenius; Suresh Radhakrishnan; Arthur Stenzel; José Elias Feres de Almeida","2023","Contemporary Accounting Research","17","True","https://onlinelibrary.wiley.com/doi/pdfdirect/10.1111/1911-3846.12905","https://doi.org/10.1111/1911-3846.12905","Abstract The IRS administers tax laws enacted by Congress. As part of the IRS's duties, they often consider taxpayers' financial statements to help ensure accurate tax reporting and payments. We posit that enhanced financial statement disclosures of tax information under FASB Interpretation Number 48 (FIN 48) lead to more IRS scrutiny and alter the incentives for corporate innovation. Using patent applications as a measure of corporate innovation, we employ a difference‐in‐differences research design with publicly listed US firms as the treatment group and privately held US firms not subject to the disclosure requirements as the control group. We find robust evidence that, following the onset of FIN 48, the number of patent applications by publicly listed firms decreased between 15.4% and 24.3% relative to private firms. This decline in patent applications is attributable to incremental innovation, suggesting that firms lower innovation related to projects with tax benefits that are more likely to be scrutinized by the taxing authorities. These findings suggest that there are real effects of IRS scrutiny and, in particular, real effects of tax disclosures under FIN 48 on corporate innovation.","""Tax Cuts and Jobs Act"" ""cash holdings""","https://openalex.org/W4386724091","article"
"BEPS, ATAP and the New Tax Dialogue: A Transatlantic Competition?","Reuven S. Avi-Yonah; Gianluca Mazzoni","2018","SSRN Electronic Journal","17","True","https://doi.org/10.2139/ssrn.3204242","https://doi.org/10.2139/ssrn.3204242","","""Tax Cuts and Jobs Act"" ""cash holdings""","https://openalex.org/W2851760868","article"
"The Real and Financial Effects of Internal Liquidity: Evidence From the Tax Cuts and Jobs Act","James F. Albertus; Brent Glover; Oliver Levine","2023","SSRN Electronic Journal","13","True","https://doi.org/10.2139/ssrn.4471259","https://doi.org/10.2139/ssrn.4471259","","""Tax Cuts and Jobs Act"" ""cash holdings""","https://openalex.org/W4379800097","article"
"Financing Payouts","Joan Farre-Mensa; Roni Michaely; Martin Schmalz","2024","Journal of Financial and Quantitative Analysis","13","True","https://www.cambridge.org/core/services/aop-cambridge-core/content/view/FED73BDE2CDAE11712FD84BC998B7491/S0022109024000231a.pdf/div-class-title-financing-payouts-div.pdf","https://doi.org/10.1017/s0022109024000231","Abstract We find that 43% of firms that make payouts also raise capital during the same year, resulting in 31% of aggregate payouts being externally financed, primarily with debt. Most financed payouts cannot be explained by payout smoothing in response to volatile earnings or investment (rather, they are the result of firms persistently setting payouts above free cash flow). In fact, 25% of aggregate payouts could not have been paid without the firms simultaneously raising capital. Profitable firms with moderate growth use debt-financed payouts to jointly manage their leverage and cash, thus highlighting the close relationship between payout and capital structure decisions.","""Tax Cuts and Jobs Act"" ""cash holdings""","https://openalex.org/W4393388995","article"
"Heterogeneous responses to corporate marginal tax rates: Evidence from small and large firms","Ruhollah Eskandari; Morteza Zamanian","2023","Journal of Applied Econometrics","10","True","https://onlinelibrary.wiley.com/doi/pdfdirect/10.1002/jae.3000","https://doi.org/10.1002/jae.3000","Summary Do small and large firms respond differently to tax cuts? Using new narrative measures of the exogenous variation in corporate marginal tax rates and a unique dataset of US manufacturing firms, we find that the investment of large firms is more sensitive to a marginal tax cut than that of small firms. Furthermore, we show that small firms finance their new investments almost entirely through debt, whereas large firms use both cash and debt. Following a tax cut, the tax advantage of debt financing falls relative to cash financing. This substitution effect is more pronounced for large firms and induces them to rely on cash financing to a larger extent than small firms.","""Tax Cuts and Jobs Act"" ""cash holdings""","https://openalex.org/W4385459564","article"
"Expected effects of the US tax reform on other countries: global and local survey evidence","Dorine Boumans; Clemens Fuest; Carla Krolage; Klaus Wohlrabe","2020","International Tax and Public Finance","10","True","https://link.springer.com/content/pdf/10.1007/s10797-020-09618-1.pdf","https://doi.org/10.1007/s10797-020-09618-1","The Tax Cuts and Jobs Act constitutes the largest change to the US tax system since the 1980s and thoroughly alters the way in which multinational companies are taxed. Current assessments on the reform's international impact vary widely. This article sheds light on the tax reform's expected effects on other countries. We first use representative German business survey data to analyze the impact of the reform on German firms. Many firms with substantial US revenues or capacities in the USA intend to expand US investment in response to the reform, in particular large firms and manufacturing companies. The effects on investment in Germany are ambiguous: While some firms substitute between investment locations, others expand in both countries. We subsequently extend our analysis to a global level using worldwide survey data. The results suggest a negative impact on tax revenues and investment in countries with close economic ties to the USA.","""Tax Cuts and Jobs Act"" ""cash holdings""","https://openalex.org/W2916438584","article"
"Does tax reform affect labor investment efficiency?","Steven E. Kaplan; Eugie Y. Lee","2024","Journal of Corporate Finance","9","False","","https://doi.org/10.1016/j.jcorpfin.2024.102673","","""Tax Cuts and Jobs Act"" ""cash holdings""","https://openalex.org/W4402740568","article"
"Endowment for a rainy day? An empirical analysis of endowment spending by operating public charities","Heng Qu","2020","Nonprofit Management and Leadership","7","True","https://onlinelibrary.wiley.com/doi/pdfdirect/10.1002/nml.21440?download=true","https://doi.org/10.1002/nml.21440","Abstract There has been growing public attention to the accumulation and spending of endowments in recent years. Scholars have offered different theories on the objective of endowments that have different implications for endowment spending. Yet, there are limited empirical studies and they mostly focus on universities. Using the Form 990 data between 2009 and 2016, this study examines how endowments are actually spent for four types of operating charities, including museums, universities, hospitals, and K‐12 schools. The descriptive results show that there are considerable cross‐sectional differences in endowment characteristics across these types of organizations. The fixed effects analyses further demonstrate different types of organizations have different payout responses to changes in endowment returns, non‐endowment income, and contributions to endowment. However, the study does not find any empirical evidence that organizations use endowments as rainy day funds. This article extends the understanding on endowment spending behavior from universities to other types of operating charities that also hold endowments. The findings provide empirical evidence that may inform the existing debate on endowment spending and have practical implications for endowment management.","""Tax Cuts and Jobs Act"" ""cash holdings""","https://openalex.org/W3082209362","article"
"Tax planning and financial default: role of corporate life cycle","Alessandro Gabrielli; Giulio Greco","2023","Management Decision","7","True","https://www.emerald.com/insight/content/doi/10.1108/MD-07-2022-0928/full/pdf?title=tax-planning-and-financial-default-role-of-corporate-life-cycle","https://doi.org/10.1108/md-07-2022-0928","Purpose Drawing on the resource-based view (RBV), this study investigates how tax planning affects the likelihood of financial default in different stages of the corporate life cycle. Design/methodology/approach Collecting a large sample of US firms between 1989 and 2016, hypotheses are tested using a hazard model. Several robustness and endogeneity checks corroborate the main findings. Findings The results show that tax-planning firms are less likely to default in the introduction and decline stages, while they are more likely to default in the growth and maturity stages. The findings suggest that introductory and declining firms use cash resources obtained from tax planning efficiently to meet their needs and acquire other useful resources. In growing and mature firms, tax aggressiveness generates unnecessary slack resources, weakens managerial discipline and increases reputational risks. Practical implications The results shed light on the benefits and costs associated with tax planning throughout firms' life cycle, holding great significance for managers, investors, lenders and other stakeholders. Originality/value This study contributes to the literature that examines resource management at different life cycle stages by showing that cash resources from tax planning are managed in distinctive ways in each life cycle stage, having a varied impact on the likelihood of default. The authors shed light on underexplored cash resources. Furthermore, this study shows the potential linkages between the agency theory and RBV.","""Tax Cuts and Jobs Act"" ""cash holdings""","https://openalex.org/W4388705584","article"
"Codetermination: A Poor Fit for U.S. Corporations","Jens Dammann; Horst Eidenmüller","2021","Columbia Business Law Review","7","True","https://journals.library.columbia.edu/index.php/CBLR/article/download/7809/3950","https://doi.org/10.52214/cblr.v2020i3.7809","The idea that a corporation’s employees should elect some of the corporation’s board members, a system known as codetermination, has moved to the forefront of U.S. corporate law policy. Elizabeth Warren’s Accountable Capitalism Act calls for employees of large firms to elect forty percent of all board members. Bernie Sanders’s Corporate Accountability and Democracy Plan goes even further and states that workers should elect forty-five percent of board members. Both Warren’s and Sanders’s plans are broadly similar to the German law on codetermination, which for many decades has allowed employees of large German corporations to elect up to half of all board members. It is therefore unsurprising that Senator Sanders points to Germany’s successful economic development as evidence that economic progress and mandatory codetermination can go hand in hand. However, this Article argues that codetermination promises to be a poor fit for U.S. corporations. While Germany arguably reaps significant benefits from codetermination, legal, social, and institutional differences between Germany and the United States make it highly unlikely that the United States would be able to replicate those benefits. Furthermore, the costs of codetermination probably would be much higher in the United States than they are in Germany.","""Tax Cuts and Jobs Act"" ""cash holdings""","https://openalex.org/W3134862703","article"
"Germany","International Monetary Fund. European Dept.","2019","IMF Staff Country Reports","6","True","https://www.elibrary.imf.org/doc/IMF002/26217-9781498324632/26217-9781498324632/Other_formats/Source_PDF/26217-9781498324694.pdf","https://doi.org/10.5089/9781498324632.002","Selected Issues","""Tax Cuts and Jobs Act"" ""cash holdings""","https://openalex.org/W4247520142","article"
"IRS Enforcement and Voluntary Tax Disclosure","Anne Ehinger; Joshua Lee; Bridget Stomberg; Erin Towery","2024","Journal of the American Taxation Association","5","True","https://publications.aaahq.org/jata/article-pdf/doi/10.2308/JATA-2022-009/106190/jata-2022-009.pdf","https://doi.org/10.2308/jata-2022-009","ABSTRACT Although voluntary tax disclosures can improve firms’ information environments and reduce financial statement users’ costs of processing complex tax information, they can also inform tax authorities about tax avoidance strategies. This study explores the content of voluntary tax disclosures during quarterly earnings announcements and conference calls to examine the effect of IRS enforcement on managers’ voluntary tax disclosure decisions. We estimate a negative relation between IRS enforcement and voluntary tax disclosures that is concentrated in the subset of firms with high levels of tax avoidance. These results are consistent with managers having concerns about the potential costs of voluntary disclosures to tax authorities. In supplemental analysis, we find results consistent with voluntary tax disclosures benefiting analysts, but at the cost of increasing IRS attention. Collectively, our results suggest an unintended negative effect of IRS enforcement on the information environment. Data Availability: Data are available from the sources cited in the text. JEL Classifications: H25; M41; M48.","""Tax Cuts and Jobs Act"" ""cash holdings""","https://openalex.org/W4394861129","article"
"Home or Away? Profit Shifting with Territorial Taxation","Li Liu; Dominika Langenmayr","2022","IMF Working Paper","4","True","https://www.elibrary.imf.org/downloadpdf/journals/001/2022/177/001.2022.issue-177-en.xml","https://doi.org/10.5089/9798400216992.001","In 2009, the United Kingdom abolished the taxation of profits earned abroad and introduced a territorial tax system. Under the territorial system, firms have strong incentives to shift profits abroad. Using a difference-in-differences research design, we show that the profitability of UK subsidiaries in low-tax countries increased after the reform compared to subsidiaries of non-UK multinationals in the same countries by an average of 2 percentage points. This increase in profit shifting also leads to increases in measured productivity of the foreign affiliates of UK multinationals of between 5 and 9 percent.","""Tax Cuts and Jobs Act"" ""cash holdings""","https://openalex.org/W4296633498","article"
"The Consequences of the 2017 US International Tax Reform: A Survey of the Evidence","Dhammika Dharmapala","2023","SSRN Electronic Journal","4","True","http://dx.doi.org/10.2139/ssrn.4659051","https://doi.org/10.2139/ssrn.4659051","","""Tax Cuts and Jobs Act"" ""cash holdings""","https://openalex.org/W4389583273","article"
"Does local economic freedom matter for the cost of corporate borrowing from the banking sector? Evidence from the US states","Thanh Cong Nguyen; Theodora Bermpei; Antonios Nikolaos Kalyvas","2025","The Journal of Financial Research","3","True","https://onlinelibrary.wiley.com/doi/pdfdirect/10.1111/jfir.12468","https://doi.org/10.1111/jfir.12468","Abstract Using data on large loans to US firms, we show that higher economic freedom in borrowers' headquarters states reduces the cost of bank credit. A one standard deviation increase in economic freedom lowers loan spreads by 12.38 basis points ($1.5 million interest savings for the average loan). We also provide evidence supporting the economic mechanism by which lenders view economic freedom as enhancing borrowers' ability to capitalize on investment and growth opportunities. The main drivers of this effect are freedom from government spending and taxation, while labor market freedom particularly benefits smaller firms and those in high economic growth potential states. Furthermore, higher economic freedom is linked to longer loan maturities, reduced fees, and looser general covenants.","""Tax Cuts and Jobs Act"" ""cash holdings""","https://openalex.org/W4410344711","article"
"The consequences of the 2017 US international tax reform: a survey of the evidence","Dhammika Dharmapala","2024","International Tax and Public Finance","3","True","https://link.springer.com/content/pdf/10.1007/s10797-023-09823-8.pdf","https://doi.org/10.1007/s10797-023-09823-8","Abstract The 2017 US tax legislation—widely referred to as the Tax Cut and Jobs Act (TCJA)—fundamentally transformed the US system of international taxation. It ostensibly ended worldwide taxation but introduced, for instance, a new tax on “Global Intangible Low-Taxed Income”. This paper surveys the emerging empirical literature on the impact of the TCJA’s international provisions. It documents five robust findings in this empirical literature. First, the TCJA led to a general decline in US MNCs’ foreign acquisitions. Second, the TCJA increased US MNCs’ investment in routine foreign tangible assets. Third, the reform did not lead to any change in profit shifting by US MNCs beyond the magnitude that would be expected based on the TCJA’s tax rate reduction. Fourth, The TCJA appears to have reduced the market value of US MNCs relative to domestic US firms. Fifth, the TCJA does not appear to have had any detectable impact on domestic US investment and wages (although there are some contrary results for capital expenditures). The welfare implications of these findings depend crucially on whether US MNCs’ are viewed as having engaged in too much or too little foreign activity prior to the TCJA. This depends on the choice of theoretical framework and the relevant normative benchmark, and cannot readily be resolved empirically.","""Tax Cuts and Jobs Act"" ""cash holdings""","https://openalex.org/W4391511974","article"
"2021 Comprehensive Surveillance Review— Background Paper on The Surveillance Priority Ensuring Economic Sustainability","International Monetary Fund. Strategy, Policy, & Review Department","2021","MF Policy Paper","3","True","https://www.elibrary.imf.org/downloadpdf/journals/007/2021/031/007.2021.issue-031-en.xml","https://doi.org/10.5089/9781513578996.007","""Volume 2021 (2021): Issue 031 (May 2021): 2021 Comprehensive Surveillance Review— Background Paper on The Surveillance Priority Ensuring Economic Sustainability"" published on 18 May 2021 by International Monetary Fund.","""Tax Cuts and Jobs Act"" ""cash holdings""","https://openalex.org/W4206046229","article"
"Opportunity in Ohio: Rethinking Northeast Ohio's Opportunity Zones with Local Legislation","Patrick J. Lipaj","2020","EngagedScholarship @ Cleveland State University (Cleveland State University)","2","True","https://engagedscholarship.csuohio.edu/clevstlrev/vol68/iss4/7","","Welcome to Census Tract 1186.02! Here, in a small sliver of Cleveland’s Glenville neighborhood, tucked between Superior and Hough Avenues, you will uncover a lot. You will discover a rich history of the city’s ethnic and cultural roots. You will also find gang violence, underperforming schools, a median household income of $9,526, and a poverty rate of 66.5 percent. Something you will not find in 1186.02 is investment. Private or public, money is not flowing in to 1186.02 and it has not for a long time. The substantial toll of continuous underinvestment on the residents of this neighborhood, one of Cleveland’s poorest, is palpable and the need for relief is clear. This relief recently became possible when 1186.02 was designated as a Qualified Opportunity Zone by the U.S. Treasury Department. This designation, made available through the Tax Cuts and Jobs Act of 2017, could be a watershed moment for Glenville. By providing significant federal tax benefits to investors, Congress hopes to encourage a massive inflow of investment into low-income communities, like Glenville, that have long suffered from perennial underinvestment. Unfortunately, the hope of relief for Tract 1186.02 and its residents will likely be short-lived. Because the federal Opportunity Zone provision was written too broadly, it not only permitted too many designations, but it also allowed for the designation of numerous not-so-poor neighborhoods. In other words, the law pits communities that need the investment most—like Glenville—against neighborhoods that are much better-off—like Cleveland’s downtown core and trendy Tremont neighborhood. For context, there are tracts in the city’s downtown core and Tremont neighborhood that were designated with median household incomes that septuple (i.e. seven times as much) those in 1186.02. The odds that areas like Glenville can outcompete such better-situated areas for private investment dollars are slim-to-none. As a result, the residents of 1186.02 will be left behind again. But it does not have to be this way. It is not too late for the City of Cleveland and Cuyahoga County to take advantage of the many positive aspects of the Opportunity Zone provision, while ensuring that those benefits are directed towards their most-in-need neighborhoods. By enacting local legislation that targets these underdog tracts for additional services and public investment, this Note argues Cleveland and Cuyahoga County can level the playing field and provide neighborhoods like Glenville and tracts like 1186.02 with the competitive advantages they need to rediscover their potential.","""Tax Cuts and Jobs Act"" ""cash holdings""","https://openalex.org/W3032457633","article"
"Permanent and temporary tax avoidance as a source of financing: How to succeed where the American Jobs Creation Act of 2004 failed","Stephen Campbell","2018","MADOC (University of Mannheim)","2","True","https://escholarship.org/uc/item/00z3p847","","The repatriation tax holiday enacted by the American Jobs Creation Act of 2004 mandated that the proceeds be used for investment. However, the academic literature has found this mandate to be ineffective (Blouin and Krull, 2009). In this paper, I examine the determinants of using tax savings for investment purposes. Using the cash flow statement identity, I estimate how firms allocate permanent tax savings, temporary tax savings, and their other operating cash flows among the following uses: investment, holding as cash, or reducing debt or equity. I find that temporary tax savings are used for investment to a greater extent than permanent tax savings or cash flow from operations, and that investment levels are partially sticky after temporary savings reverse. I also find that financially constrained firms and domestic firms invest a larger portion of their tax savings than fully invested firms or multinational firms. Finally, I show that tax savings from accelerated tax depreciation are invested at a greater rate than savings from the AJCA repatriation tax holiday. My results suggest that policymakers interested in ensuring tax savings are invested should offer temporary tax savings to domestic, financially constrained firms.","""Tax Cuts and Jobs Act"" ""cash holdings""","https://openalex.org/W2886534444","article"
"The impact of national comprehensive medical reform on residents' medical expenses: Evidence from China","Changfei Nie; Yuan Feng","2023","Frontiers in Public Health","2","True","https://www.frontiersin.org/articles/10.3389/fpubh.2022.1038543/pdf","https://doi.org/10.3389/fpubh.2022.1038543","Residents' high medical expenses is the core challenge that needs to be solved urgently in China's medical reform for a long time. Based on the panel data of 30 provinces in Chinese Mainland during 2011-2019, we evaluate the impact of China's national comprehensive medical reform pilot policy on residents' medical expenses by using the difference-in-differences model. The results show that the pilot policy was generally conducive to reducing residents' medical expenses, resulting in a reduction of 2.13% in per capita medical expenses for inpatients, but the effect on per capita medical expenses for outpatients was insignificant. Mechanism analysis shows that hospital competition and institutional environment played a moderating role in the effect of the pilot policy on residents' medical expenses reduction. The more intense the hospital competition and the better the institutional environment, the more significant of the reduction effect. In addition, the reduction effect of the pilot policy was greater in the central provinces, the provinces with poor medical infrastructure, and the provinces with strong financial strength. This study provides useful policy insights for deepening medical reform and reducing residents' medical expenses.","""Tax Cuts and Jobs Act"" ""cash holdings""","https://openalex.org/W4313562147","article"
"Business model digitalization, competition, and tax savings","Elisa Casi; Petro Lisowsky; Barbara Stage; Maximilian Todtenhaupt","2024","SSRN Electronic Journal","2","True","http://dx.doi.org/10.2139/ssrn.4741721","https://doi.org/10.2139/ssrn.4741721","","""Tax Cuts and Jobs Act"" ""cash holdings""","https://openalex.org/W4392398326","article"
"Territorial Tax Reform and Profit Shifting by US and Japanese Multinationals","Makoto Hasegawa","2019","SSRN Electronic Journal","2","True","https://doi.org/10.2139/ssrn.3498964","https://doi.org/10.2139/ssrn.3498964","","""Tax Cuts and Jobs Act"" ""cash holdings""","https://openalex.org/W3122952469","article"
"Income Shifting out of the United States by Foreign Multinational Firms","James F. Albertus","2025","Review of Financial Studies","2","True","https://academic.oup.com/rfs/advance-article-pdf/doi/10.1093/rfs/hhaf021/62900698/hhaf021.pdf","https://doi.org/10.1093/rfs/hhaf021","Abstract I find that foreign multinational firms engage in tax-motivated income shifting out of the United States. The analysis uses novel data on foreign-owned U.S. subsidiaries as well as variation in foreign countries’ tax rates and controlled foreign corporation rules. Foreign multinational firms primarily rely on tax-motivated transfer pricing to shift income out of the United States, and the aggregate amount of shifted income is modest. When foreign tax policy changes inhibit income shifting, foreign-owned U.S. subsidiaries’ investment and employment fall. The results indicate that the U.S. economy has limited exposure to tax policies set abroad through foreign direct investment in the United States.","""Tax Cuts and Jobs Act"" ""cash holdings""","https://openalex.org/W4409289847","article"
"The Interaction Effects of Income Tax Incentives and Environmental Tax Levies on Corporate ESG Performance: Evidence from China","Wenshuai Wang; Fanchen Meng; Shang Gao","2025","Sustainability","2","True","https://www.mdpi.com/2071-1050/17/12/5354/pdf?version=1749618309","https://doi.org/10.3390/su17125354","The enhancements of tax policies and their coordination have emerged as a significant way to promote corporate sustainability, especially in developing economies worldwide. Using panel data from Chinese non-financial A-share listed companies from 2009 to 2022, this study empirically explores the promoting effects of corporate income tax (CIT) incentives and environmental protection tax (EPT) levies on corporate ESG performance. We find that the CIT incentive has a notable positive impact on firms’ ESG behavior, acting on the micro-mechanisms of increasing corporate cash flow and reducing agency costs, and its promoting effect is more salient with regard to the social and governance dimensions. This study also traces the interactive effects between the EPT levy and CIT incentive policies, which boost corporate ESG behavior synergistically. Heterogeneity analyses reveal that these effects are more noticeable in manufacturing firms and non-state-owned firms with severe financing constraints. Environmental tests show that CIT incentive policies have positive effects on green technological innovation, and Chinese enterprises are still experiencing relatively serious negative impacts. The conclusions of this study are conducive to providing theoretical support and policy suggestions for encouraging the sustainable development of companies through the policy combination of environmental regulation and tax incentives.","""Tax Cuts and Jobs Act"" ""cash holdings""","https://openalex.org/W4411178951","article"
"Essays in Public Economics","Emily Horton","2024","Deep Blue (University of Michigan)","1","True","https://hdl.handle.net/2027.42/194515","https://doi.org/10.7302/23863","This dissertation contains three essays in the field of public finance that study the incidence tax and transfer policies. Chapter I measures the effect of homeownership tax deductions on home values using the Tax Cuts and Jobs Act, which substantially reduced the tax benefits to homeownership starting in 2018. Homes vary in exposure to the 2018 changes due to differences in the incomes, mortgage amounts, state income taxes, and property taxes of potential buyers. Event studies comparing the price growth of more and less exposed homes within the same city offer no evidence that home prices fell due to the tax change. Estimated standard errors rule out that even a quarter of the tax increase passed through to lower home prices within two years of the policy change. The tax increase reduced housing supply, as evidenced by a slowdown in new building in relatively exposed areas in cities with relatively elastic housing supply, which dampened the price decrease. Because prices did not fall when taxes increased, the after-tax cost of homeownership increased by roughly the same amount that taxes increased. Chapter II estimates the optimal tax and transfer system when the social planner's objective is to maximize utility of all individuals, including children, and can use household composition as a fixed tag. While existing research has estimated optimal transfer schedules, it has typically done so only in the context of adults, or without considering children's utility as part of the planner's objective function. Given the large extent to which U.S. transfer policy prioritizes redistribution to children, children’s consumption needs are of first order importance to optimal transfer policy analysis. We simulate the optimal tax and transfer system for unmarried households accounting for children’s consumption, adults’ consumption, and adults’ labor supply responses on the intensive and extensive margin. We place particular emphasis on estimating the optimal transfers to non-earning households of different compositions. We show that optimal transfers to single parent households are highly dependent on the level of children's consumption needs relative to adults. We find that current policy is less generous to households with children and households without earnings than is optimal. Chapter III studies the incidence of a tax benefit for banks that invested in tax-exempt debt prior to 1986. Interest paid by U.S. state and local bonds is tax-exempt, making these bonds attractive to investors – though a tax rule limits arbitrage opportunities by restricting associated interest expense deductions. Prior to 1986, U.S. banks were not subject to the interest deduction limitation, making banks preferred holders of tax-exempt debt. U.S. banks used tax-exempt debt to reduce their tax liabilities by roughly 20% in the 1950s and 45% in the 1960s, rising to as much as 80% by the early 1980s. Despite their special exemption, and in part because of their widespread holdings, banks did not benefit from investing in tax-exempt bonds, as competition between banks reduced bond yields to the point of investor indifference. The absence of a tax benefit from arbitrage appears not only in observed bond yields, but also in banks’ considerable unused potential for further tax reductions. After the Tax Reform Act of 1986 removed their special tax exemption, banks significantly reduced their holdings of tax-exempt debt, particularly among banks most severely impacted by the rule change.","""Tax Cuts and Jobs Act"" ""cash holdings""","https://openalex.org/W4402326336","article"
"CEOs’ Prosocial Tendency and Corporate Tax Aggressiveness","Mark J. Kohlbeck; Lin Wang","2025","Journal of the American Taxation Association","1","True","https://publications.aaahq.org/jata/article-pdf/doi/10.2308/JATA-2022-029/125253/jata-2022-029.pdf","https://doi.org/10.2308/jata-2022-029","ABSTRACT Many CEOs are philanthropists who express their passion for social welfare through work with various charities and foundations. However, the consequences of these prosocial behaviors for their firms are unclear. This study investigates whether CEOs’ prosocial tendency, measured by their service on the boards of one or more charities, is associated with corporate tax aggressiveness. We find that firms with CEOs who have prosocial tendency have a lower level of tax aggressiveness than firms with CEOs who do not have this tendency. We further find that financial incentives may diminish the inhibitory effect of CEO prosocial tendency on corporate tax aggressiveness. By contrast, a firm’s positive reputation could strengthen the inhibitory effect of prosocial tendency on tax aggressiveness. Our results provide evidence that CEO prosocial tendency influences a firm’s tax planning and policies. Data Availability: Data are available from the public sources cited in the text. JEL Classifications: D64; H25.","""Tax Cuts and Jobs Act"" ""cash holdings""","https://openalex.org/W4415933017","article"
"Catering and cash savings","Hsuan‐Chi Chen; Robin K. Chou; Chien‐Lin Lu","2023","European Financial Management","1","True","https://onlinelibrary.wiley.com/doi/pdfdirect/10.1111/eufm.12438","https://doi.org/10.1111/eufm.12438","Abstract We examine the catering of managers to investors' preference for cash holdings. We find that cash is positively related to the cash‐holding premium as represented by the difference in the market‐to‐book ratios between cash‐rich and noncash‐rich firms. This positive effect can be attributed to different sources such as internal and external financing, and firms may switch their sources for holding cash when catering to investors' preference. Issuing firms benefit from catering to cash holdings by obtaining higher valuations from the stock market. The catering theory helps explain cash savings especially for firms without a good timing window or financing need.","""Tax Cuts and Jobs Act"" ""cash holdings""","https://openalex.org/W4380028746","article"
"The Effect of Foreign Dividend Exemption on Profit Repatriation through Dividends, Royalties, and Interest: Evidence from Japan","Makoto Hasegawa; Michi Kakebayashi","2023","SSRN Electronic Journal","1","True","https://doi.org/10.2139/ssrn.4454667","https://doi.org/10.2139/ssrn.4454667","","""Tax Cuts and Jobs Act"" ""cash holdings""","https://openalex.org/W3109727965","article"
"Intertemporal Income Shifting for Investment Reasons: Evidence from Private Firms","Cinthia Valle Ruiz; Domenico Campa; María‐del‐Mar Camacho‐Miñano","2023","Journal of the American Taxation Association","1","True","https://publications.aaahq.org/jata/article-pdf/doi/10.2308/JATA-2020-002/98347/jata-2020-002.pdf","https://doi.org/10.2308/jata-2020-002","ABSTRACT This paper examines the intertemporal income-shifting behavior of private firms, as well as the level and efficiency of aggressive intertemporal income shifters’ investments in the wake of corporate tax cuts. Earlier research has focused mainly on public firms. However, research into private firms is especially relevant since these companies tend to finance future growth through internal financing. Using a sample of 2,650 firm-year observations of private Spanish firms, our results thus show that private companies engaged in intertemporal income shifting to gain additional tax savings in the presence of corporate tax cuts. This was particularly observed in the presence of significant investment opportunities and timing pressures to shift income. Additionally, we provide evidence that aggressive intertemporal income shifters invested more in labor capital after tax reforms than other firms and that such investments were efficient. Data Availability: Data are available from the public sources cited in the text. JEL Classifications: M41; M48; H21; H32.","""Tax Cuts and Jobs Act"" ""cash holdings""","https://openalex.org/W4386230840","article"
"Trump's ""Big-League"" Tax Reform: Assessing the Impact of Corporate Tax Changes","Ryan Clements","2017","Michigan Business & Entrepreneurial Law Review","1","True","https://repository.law.umich.edu/cgi/viewcontent.cgi?article=1064&context=mbelr","https://doi.org/10.36639/mbelr.7.1.trumps","This Article reviews and assesses corporate tax reforms advocated by President Donald Trump during his presidential campaign and signed into law since taking office (the Tax Cuts and Jobs Act of 2017), in light of economic theory and the Modigliani-Miller Irrelevance Theorem. The Article argues that companies will adapt policies in light of new taxation measures, thereby impacting the effectiveness of reform. In support of this conclusion, the Article surveys two empirical studies—one in relation to the repatriation efforts of President Bush’s Homeland Investment Act and another in relation to unexpected changes to the taxation of Canadian income trusts—to highlight how reform measures can lead to unanticipated results. The Article then applies the principles of these studies, the general economic theories, and the Modigliani-Miller Irrelevance Theorem to cast uncertainty on the net effect of Trump’s tax reforms. Next, the Article reviews the constitutionality of a “border adjustment tax.” This tax was proposed during the election campaign, but was ultimately jettisoned in the final tax reform bill. Specifically, it analyzes whether such a policy is constitutional or whether it is an unconstitutional direct tax, not apportioned between the States that does not qualify as income under the Sixteenth Amendment. The Article shows that such a constitutional challenge is a difficult undertaking given the substantive arguments in favor of constitutionality, the rarity of judicial intervention in overturning tax laws, and the wide discretion of Congress to levy taxes on income. Finally, the Article concludes by considering the role of economic analysis on constitutional challenges to tax legislation and provides an overview of the arguments, both for and against, utilizing economic analysis in this regard. The conclusion includes a review of the various cases and defining principles (emphasizing the decisions of Judge Richard Posner) where economic analysis has been used in the statutory interpretation of tax laws.","""Tax Cuts and Jobs Act"" ""cash holdings""","https://openalex.org/W2885553284","article"
"Tax Indemnification and the Association Between Unrecognized Tax Benefit Reserves and Future Tax Cash Outflows","Patrick L. Hopkins","2019","Journal of the Arkansas Academy of Science","1","True","https://scholarworks.uark.edu/etd/3455","","Tax indemnification transfers from a firm to an outside party the risk of potential cash settlements associated with uncertain tax positions taken in prior years. The current accounting treatment of tax indemnification under Accounting Standards Codification (ASC) 805 and the required disclosures for uncertain tax positions under ASC 740 provide little or no information regarding this risk transfer in the financial statements or notes. I examine merger and acquisition (M&A) contracts from 2008 through 2013 and find that tax indemnification is commonly present in M&A transactions. I then provide evidence that the association between current uncertain tax benefit reserves and future tax cash outflows is positive for firms that do not have indemnified tax positions but is not significant for firms that do have indemnified tax positions. Because the use of tax indemnification and tax insurance is becoming more common among U.S. firms and this trend is expected to continue, my results suggest that changes in the accounting treatment of uncertain tax positions and/or additional financial statement disclosures may be necessary to allow financial statement users to adequately assess the impact of uncertain tax positions when tax indemnification or tax insurance is present.","""Tax Cuts and Jobs Act"" ""cash holdings""","https://openalex.org/W3001017309","article"
"Signaling Innovation: The Nontax Benefits of Claiming R&D Tax Credits","Hepfer, Bradford F.; Judd, Hannah W.; Rice, Sarah C.","2025","ScholarsArchive  (Brigham Young University)","0","True","https://scholarsarchive.byu.edu/cgi/viewcontent.cgi?article=9359&context=facpub","","Using the IPO setting, we test whether firms signal the quality of their investments in innovation activities by claiming R&D tax credits. We find the presence and amount of the R&D credit are each associated with lower information asymmetry and with higher investor demand at IPO. Conservatively, we estimate that sample firms realize additional IPO proceeds of 32–45 percent of their creditable R&D expenditures, indicating economically significant non-tax benefits associated with the R&D credit. We verify the R&D credit signal by showing its positive association with firms’ future patenting activity, patent citations, and post-IPO stock returns. Results from these tests are concentrated among firms limited in their ability to obtain tax benefits from R&D credits, consistent with the R&D credit providing nontax benefits as a signal of innovation investment quality.","""Tax Cuts and Jobs Act"" ""cash holdings""","https://openalex.org/W7113084857","article"
"THE MODERATING ROLE OF NON-DEBT TAX SHIELD ON PROFITABILITY DETERMINANTS","Diva Nur alifah; Hasan Mukhibad","2026","Riset","0","True","https://ejournal.ibik.ac.id/index.php/riset/article/download/2794/157","https://doi.org/10.37641/riset.v8i1.2794","This study examines the effects of intellectual capital, working capital, and leverage on firm profitability, with non-debt tax shield as a moderating variable. Despite the expansion of national infrastructure development, profitability among construction firms remains uneven, as several firms continue to exhibit weak financial performance despite operating under similar industry conditions. This situation suggests that increased project availability does not automatically translate into improved profitability, highlighting potential inefficiencies in the use of internal resources and financial strategies. The analysis is conducted using unbalanced panel data and a Fixed Effects Model. The findings show that intellectual capital and working capital do not have a significant direct effect on profitability, while leverage positively influences profitability. Furthermore, the non-debt tax shield strengthens the relationships between intellectual capital and profitability, as well as between leverage and profitability, but weakens the effect of working capital on profitability. These results highlight the importance of tax-based internal mechanisms in shaping firm profitability.","""Tax Cuts and Jobs Act"" ""cash holdings""","https://openalex.org/W7143640161","article"
"External Sector Report, July 2018","International Monetary Fund","2018","External Sector Reports","0","True","https://www.elibrary.imf.org/doc/IMF085/25342-9781484367360/25342-9781484367360/Other_formats/Source_PDF/25342-9781484370452.pdf","https://doi.org/10.5089/9781484367360.085","The External Sector Report presents a methodologically consistent assessment of the exchange rates, current accounts, reserves, capital flows, and external balance sheets of the world’s largest economies. The 2018 edition includes an analytical assessment of how trade costs and related policy barriers drive excess global imbalances.","""Tax Cuts and Jobs Act"" ""cash holdings""","https://openalex.org/W4211230580","article"
"Essays on the Nonprofit Sector","Jennifer Mayo","2022","Deep Blue (University of Michigan)","0","True","https://hdl.handle.net/2027.42/172585","https://doi.org/10.7302/4614","This dissertation uses public-use data to examine the ways in which nonprofits respond to information and emerging trends. Chapter I studies responses to charity ratings. Chapter II examines the effect of big gifts on rival charities. Chapter III describes long-run trends in giving in the United States. Chapter I focuses on donor and nonprofit responses to the star rating system designed by Charity Navigator. Using IRS Form 990 data from 2002 to 2019, I find that an increase in a charity's rating from 3- to the highest 4-star rating is associated with a 6% rise in contributions, with larger effects among smaller charities. Some charities respond to the incentives by changing their behavior to try to get themselves above the star thresholds, leading to ""bunching"" at the thresholds. This response is equal to the effect of charities halving spending on administration. I find that some of the response is due to misreporting of expenses in order to achieve a higher star rating. The analysis suggests that a notched rating system induces greater behavioral change than a continuous measure, but affects a smaller number of charities. Which rating system is preferred depends on the relative value placed on these effects. In chapter II, I examine the effect of very large donations on rival charities. Recent work has documented a shift in charitable giving, such that an increasing share of households are ""non-givers"", while major donors are giving more. We know that this has changed the distribution of giving, but we know less about how it is affecting the nonprofit landscape. Using novel information on big gifts, I find evidence of positive spillovers on donations and charitable activities for charities that are ""close"" to the recipient of a big gift, but negative spillovers on organizations that are viewed as substitutes. Positive spillovers are strongest for smaller gifts and smaller charities, suggesting that charities are rst to react when they are less visible to donors. Chapter III, which is co-authored with Nicolas Duquette, describes long-run trends in the distribution of charitable contributions in the United States. Over the past several decades, those who donate the most in any given year have made a rising share of all contributions. These households are also more likely to be married, older, and to have children than those who are not top donors. The concentration of giving across charitable organizations has been more modest, suggesting much of the concentration of donations has happened within, rather than across, charities. We conclude with a review of tax policies that affect the composition of donors and donees and proposals for tax policy reforms that would broaden the donor base.","""Tax Cuts and Jobs Act"" ""cash holdings""","https://openalex.org/W4286836880","article"
"Why States Should Tax the GILTI","David Gamage; Darien Shanske","2019","IUScholarWorks Open (Indiana University)","0","True","https://www.repository.law.indiana.edu/facpub/2746/","","A centerpiece of the 2017 federal tax legislation’s reforms to international corporate income tax rules is the new global intangible low-taxed income regime (or GILTI). In a prior essay, we argued that U.S. state governments should conform to GILTI. But might there be constitutional restrictions preventing state governments from doing so? This essay argues that state governments can constitutionally conform to the federal GILTI rules and thereby tax GILTI income as part of the states’ corporate income tax bases. However, in doing so, we explain that state governments will need to be attentive to background constitutional principles.","""Tax Cuts and Jobs Act"" ""cash holdings""","https://openalex.org/W3125732877","article"
"Summaries of Papers In This Issue","Jennifer Brown; K Lin; Jared Moore; Laura Wellman","2022","Journal of the American Taxation Association","0","True","https://publications.aaahq.org/jata/article-pdf/44/2/1/82058/i1558-8017-44-2-1.pdf","https://doi.org/10.2308/atax-10822","Jennifer L. Brown, K. C. Lin, Jared A. Moore, and Laura A. WellmanThis study examines how tax policy uncertainty impacts analysts and managers as they predict effective tax rates (ETRs). We adopt a news-based measure developed by Baker, Bloom, and Davis (2016) to identify periods of high tax policy uncertainty and show this measure correlates predictability with major tax policymaking activity. Our main analyses show that (1) analysts' implied ETR forecasts are less accurate and more disperse during periods of high tax policy uncertainty, (2) managers' interim ETR estimates are less accurate during periods of high tax policy uncertainty, and (3) more inaccurate management ETR estimates exacerbates the effect of TPU on analysts' ETR forecast inaccuracy and dispersion. Overall, our findings are consistent with the idea that tax policy uncertainty impedes analysts' and managers' ability to predict future tax-related fundamentals.Our research is timely and relevant to policymakers. Press articles suggest tax policy uncertainty is a serious concern for both managers and market participants (McKinnon, Fields, and Saunders 2010; Block 2012; Reddy and Thurm 2012), yet compared to research on the effects of tax policy, relatively little is known about the effects of tax policy uncertainty. Our study helps fill that gap. In an era of deficits, the tax code has become increasingly temporary in nature. The use of sunset provisions allows legislators to behave myopically (Kysar 2011), as seen in the context of the TCJA. Our study provides evidence that when Congress fails to provide stable tax policy, a resulting cost is impairment of managers' and market participants' ability to assess firms' tax-related fundamentals.To our knowledge, our study is also among the first in accounting to define tax policy uncertainty and identify and validate a measure to capture time-varying tax policy uncertainty (TPU). We define tax policy uncertainty as uncertainty about the application of existing tax law as well as uncertainty about what future tax laws will be. We adopt a news-based measure developed by Baker, Bloom, and Davis (2016) to identify periods of high tax policy uncertainty and show this measure correlates predictability with hand-collected data on tax legislation, congressional hearings, and congressional research reports. Our validation tests provide assurance that TPU truly captures tax policy uncertainty rather than general (non-tax) economic policy uncertainty. Most prior empirical studies on tax policy uncertainty examine uncertainty related to passage of specific legislation or uncertainty surrounding elections (e.g., Ayers, Cloyd, and Robinson 2005; Bratten and Hulse 2016; Hoopes 2018). By utilizing and validating a new measure of tax policy uncertainty, we are able to provide broad evidence on how tax policy uncertainty influences analysts and managers.Ann Boyd Davis, Rebekah D. Moore, and Timothy J. RupertPrior literature (Dowling 2014) suggests that a key question that has yet to be addressed is whether the obligation to pay the corporate income tax is considered to be a fundamental aspect of corporate social responsibility (CSR). Further, if it is considered to be an aspect of CSR, how it relates to other aspects of CSR is an additional question that needs to be addressed. Relying on Avi-Yonah's (2005, 2009, 2014) theories of the corporation, we address the call to determine how paying corporate taxes is viewed in relation to CSR by analyzing investors' perceptions of firm-level CSR performance. More importantly, we also develop a measure to capture individual beliefs about the corporate duty to pay (or minimize) taxes. We then use this measure in a model that explores how an investor's individual beliefs about the corporate duty to pay (or minimize) taxes influences his/her perceptions of managerial quality, and thus his/her willingness to invest.To investigate these issues, we conduct an experiment with MBA students. We find that the company's tax management is negatively related to participants' assessments of the company's CSR, suggesting that, on average, participants consider paying taxes to be a socially responsible activity. When we measure the extent of participants' individual beliefs about the corporate duty to pay (minimize) taxes, descriptive statistics on this measure confirm that participants adhere more strongly to the belief that corporations should pay a fair share of taxes than to the view that corporations have a duty to minimize taxes.In additional experimental conditions, we include information about both tax management and the firm's performance in a non-tax CSR issue, and our results suggest both tax management and performance in a non-tax CSR issue affect perceived managerial quality, which in turn impacts the investor's willingness to invest. In this model, the individual beliefs about the corporate tax duty also moderates the relationship between tax management and perceived managerial quality. These results demonstrate that investors' beliefs about the corporate tax duty influence the role of tax management in investing behavior.These findings make several contributions to the developing literature that investigates the interplay between taxes and CSR. First, we contribute to this literature by examining a different perspective, the investor perspective, that so far has received limited attention in the literature. Most of the prior literature has focused on managerial actions and the association between CSR and tax management by examining the actions and decisions of the firm. Second, by investigating the decisions of individual investors, we contribute to the CSR literature by showing that the investor's view of the corporation's tax duty moderates the relation between tax management and perceptions of managerial quality, which ultimately impacts investors' willingness to invest.Aaron J. MandellMaster limited partnerships (“MLPs”) are limited partnerships or limited liability companies with ownership units that are traded on public exchanges. MLPs have long been of interest to researchers in accounting, economics, and finance, both because of the MLP's status as an economically significant organizational form in its own right, and because MLPs provide a unique and fruitful setting for examining questions of broad interest in financial economics. In the former case, researchers have examined an array of topics related to the formation and operation of MLPs, including the valuation effects of MLP formation and their determinants (tax versus non-tax benefits, for example), the determinants of divestiture form choice (spin-off versus carve-out), and the operating performance of MLPs and their corporate parents. In the latter case, researchers have exploited the MLP's status as a publicly-traded partnership with pass-through tax treatment as a means of testing predictions on the role of taxes in the choice of organizational form, in determining capital structure, and in the valuation effects of payout policy, among others.In this paper, I review the research on master limited partnerships in the accounting, economics, and finance literature. I begin by providing institutional background on the structure, taxation, ownership, and governance of master limited partnerships. Next, I describe the various sources from which MLP data are derived and the challenges associated with studying MLPs. I then review the extant research on MLPs, organizing it into four broad categories: (1) taxes and organizational form; (2) taxes, capital structure, and payout policy; (3) valuation; and (4) governance research. Within each section, I present possible avenues for future research and, where applicable, highlight non-MLP research which may bring additional color to the subject matter.Such a review is timely for several reasons. First, the recent passage of the Tax Cuts and Jobs Act of 2017 renders the MLP a useful setting for the renewed study of the effects of tax changes on organizational form and capital structure choice. Next, the study of MLP governance provisions could provide a window into the consequences of their recent spread into other organizational forms (e.g., REITs, venture capital backed start-ups, and tech corporations like Snapchat and Facebook). Finally, the recent wave of MLP reversions to the corporate form provides a new opportunity for researchers to examine the value relevance of restructuring decisions related to master limited partnerships.Paul D. Mason and Steven UtkeWe examine whether tax-sensitive investors play a significant role in options markets by examining whether option prices reflect investor taxes. Existing empirical option pricing literature ignores taxes. Whether option prices reflect investor taxes is an open empirical question due to the fact that options markets fundamentally differ from equity markets, where research generally finds evidence of investor tax effects, because the vast majority of options market participants are dealers who should not consider taxes (Scholes 1976).We exploit a unique setting where “index” options on the S&amp;P 500 Index (SPX) and nearly identical “non-index” options on the exchange traded fund (ETF) tracking the S&amp;P 500 Index (SPY) face different tax treatments. We find that higher investor taxes reduce option prices, indicating tax capitalization in options. We find consistent results when analyzing options around the investor tax changes enacted by the American Taxpayer Relief Act (ATRA) of 2012, and for options on stock indices other than the S&amp;P 500 (e.g., Russell 2000). Altogether, our findings provide new evidence of an additional item—investor taxes—influencing option prices, suggesting that tax-sensitive investors play a non-trivial role in options markets and that taxes warrant consideration in broader options research. We also highlight several areas where overlooking taxes could lead to incorrect or incomplete conclusions in existing options research.Erica L. Neuman and Robert J. SheuThis study investigates taxpayer response to the IRS' use of Big Data analytics in audit procedures. The use of Big Data to supplement traditional data collected for IRS audit selection has dual benefits—the opportunity to better capture noncompliance, and the ability to do so by use of artificial intelligence (AI) and machine learning, requiring fewer costly manpower hours.The IRS already uses advanced technologies to plot relationships among participants in business deals, create heat maps identifying concentrations of non-filers, and test which combinations of contacts are most likely to procure payment. The IRS collects both publicly available data from social media sites such as Facebook and Twitter and holds contracts with data-mining firms to provide the agency with data necessary to functionalize these technologies (Houser and Sanders 2017; Rubin 2020). Though new technologies and data help the IRS to collect revenue more efficiently, the IRS has been criticized on lack of notice to taxpayers, lack of transparency in the algorithms, and privacy concerns (Houser and Sanders 2017).This study experimentally examines individual taxpayer compliance in response to the IRS' use of Big Data analytics in audit procedures. Deterrence theory suggests that the improvement in audit effectiveness will increase compliance but does not recognize in its model the behavioral factors of compliance and, specific to this context, taxpayer perceptions of procedural fairness at the IRS. We test a moderated mediation model examining the mediating role of procedural fairness on the relationship between IRS audit procedures and tax compliance at varying levels of participatory monitoring, which captures how effects vary when participants willingly increase traceability of their income by advertising online. We manipulate IRS audit procedures at two levels: basic technologies, including traditional audit procedures such as document matching, and advanced technologies, including the use of AI and machine learning to analyze new sources of Big Data. Further, we examine how individuals may comply and assess the fairness of the IRS' use of Big Data analytics in their audit procedures differently corresponding to whether participants engage in participatory monitoring. We manipulate how contract income is earned by the taxpayer at two levels: non-participatory, where income was advertised word-of-mouth and thus taxpayers did not increase traceability of their income, and participatory, where income was advertised by publishing on various social media platforms and thus taxpayers did increase the traceability of their income.We find evidence supporting a moderated mediation model where procedural fairness mediates the relationship between audit procedures and tax compliance, moderated by participatory monitoring, which captures how effects vary when taxpayers willingly increase traceability of their income by advertising online. When taxpayers advertise business online, use of advanced technologies in audit selection significantly increases compliance with no significant effect on perceived fairness; when they do not, use of advanced technologies has no effect on compliance, but significantly decreases perceived fairness. Though an increase in tax compliance and tax collections is clearly the goal of the IRS' use of Big Data analytics, the IRS should be aware of the unintended consequences of such procedures on tax morale, particularly as research has documented a negative association between perceptions of fairness and tax compliance (Niesiobędzka 2014). We also contribute to the literature on tax compliance by identifying how fairness can moderate the effectiveness of deterrence efforts.Jennifer Luchs-Nuñz, George A. Plesko, and Steven UtkeThis paper extends the literature on targeted tax benefits by examining market and firm reactions to a rifle-shot transition rule (RSTR) in the Tax Reform Act of 1986 (TRA86) that provided a tax refund to large, but poorly performing, steel firms. This refund, granted only to certain qualifying firms in the steel industry, averaged 15 percent of recipient firms' market value. Overall, we find that tax benefits granted to significant but struggling firms generate limited economic benefits to those firms, underscoring the importance of firms' specific circumstances on the economic effects of targeted tax benefits.We first test the market response to the steel RSTR around key dates in the TRA86 legislative process using the multivariate regression model from Schipper and Thompson (1983). Relative to steel firms not receiving the refund, we find a negative market reaction around (1) the first public mention of the steel RSTR, and (2) approval of the conference committee bill. We find no significant response when the bill's text, including the complete details of the steel RSTR, became publicly available shortly before the bill's final passage. Although the RSTR provided a significant cash infusion for qualifying firms, the market response findings suggest that investors did not view the refund as meaningfully improving these firms' chance of success.We next examine how qualifying firms used the proceeds from the refund. Using a difference-in-differences analysis, we test whether qualifying steel firms adjust their capital expenditures, cash holdings, debt, shareholder payout, acquisitions, or employment following the RSTR, compared to steel firms not receiving the refund. We find that qualifying firms use the proceeds to pay down debt, but we do not find reliable evidence that firms used the refund for other tested uses. This result is consistent with the financial distress of the qualifying firms, in particular, and the downward trends in the overall U.S. steel industry at the time.While prior studies on targeted tax benefits often implicitly focus on provisions for successful or growing firms, the steel RSTR setting allows us to examine the effects of a targeted tax benefit for large but poorly performing firms. The negative or muted market reactions, together with qualifying firms' use of the refund to pay down debt, highlight the importance of considering specific economic circumstances when evaluating the economic effects of a targeted tax benefit.","""Tax Cuts and Jobs Act"" ""cash holdings""","https://openalex.org/W4312895074","article"
"Corporate Taxation in the Global Economy","International Monetary Fund. Fiscal Affairs Dept.;International Monetary Fund. Legal Dept.","2019","MF Policy Paper","55","True","https://www.elibrary.imf.org/doc/IMF007/25835-9781498302197/25835-9781498302197/Other_formats/Source_PDF/25835-9781498302319.pdf","https://doi.org/10.5089/9781498302197.007","policies, exploring options for reform, or reviewing existing IMF policies and operations.","TCJA cash holdings firm","https://openalex.org/W4211051391","article"
"Beyond Borders: Uncertainty in Supragovernmental Tax Enforcement and Corporate Investment","Zackery D. Fox; Martin Jacob; Jaron H. Wilde; Ryan J. Wilson","2022","The Accounting Review","50","True","https://scholarsarchive.byu.edu/context/facpub/article/9583/viewcontent/5_BeyondBorders.pdf","https://doi.org/10.2308/tar-2021-0050","ABSTRACT Amid growing globalization, many countries have offered tax incentives to attract corporate investment. Prior research studies the role such incentives play in firms' location and investment choices. However, we have limited evidence regarding the role that uncertainty about the intensity of future tax enforcement plays in those decisions. In 2013, the European Commission (E.C.) abruptly began investigating the tax-ruling practices of several countries in response to allegations that certain firms received preferential tax treatment (“state aid cases”). We use this setting to study the economic consequences of increased uncertainty about future tax enforcement. We find evidence consistent with significant reductions in U.S. multinational enterprises' subsidiary investments within, firm input purchases from, and aggregate investment of U.S. firms flowing to targeted state aid countries. Specifically, for U.S. multinational enterprises' subsidiary investments, we find fixed assets declined by 1.7 percent of total assets, or $7.6 million per subsidiary. JEL Classifications: M41; M48; H25; H26.","TCJA cash holdings firm","https://openalex.org/W4210681054","article"
"Taxes, institutions, and innovation: Theory and international evidence","Amar Gande; Kose John; Vinay B. Nair; Lemma W. Senbet","2020","Journal of International Business Studies","48","True","https://link.springer.com/content/pdf/10.1057/s41267-020-00375-1.pdf","https://doi.org/10.1057/s41267-020-00375-1","","TCJA cash holdings firm","https://openalex.org/W3100511879","article"
"The Games They Will Play: Tax Games, Roadblocks, and Glitches under the 2017 Tax Legislation","David Kamin; David Gamage; Ari D. Glogower; Rebecca M. Kysar; Darien Shanske; Reuven S. Avi-Yonah","2019","eYLS (Yale Law School)","34","True","https://ir.lawnet.fordham.edu/cgi/viewcontent.cgi?article=2025&context=faculty_scholarship","","The 2017 tax legislation brought sweeping changes to the rules for taxing individuals and business, the deductibility of state and local taxes, and the international tax regime. The complex legislation was drafted and passed through a rushed and secretive process intended to limit public comment on one of the most consequential pieces of domestic policy enacted in recent history. This Article is an effort to supply the analysis and deliberation that should have accompanied the bill’s consideration and passage, and describes key problem areas in the new legislation. Many of the new changes fundamentally undermine the integrity of the tax code and allow well-advised taxpayers to game the new rules through strategic planning. These gaming opportunities are likely to worsen the bill’s distributional and budgetary costs beyond those expected in the official estimates. Other changes will encounter legal roadblocks, while drafting glitches could lead to uncertainty and haphazard increases or decreases in taxes. This Article also describes reform options for policymakers who will inevitably be tasked with enacting further changes to the tax law in order to undo the legislation’s harmful effects on the fiscal system.","TCJA cash holdings firm","https://openalex.org/W3125541428","article"
"Unequal Rewards to Firms: Stock Market Responses to the Trump Election and the 2017 Corporate Tax Reform","Alexander F. Wagner; Richard Zeckhauser; Alexandre Ziegler","2018","AEA Papers and Proceedings","24","True","https://www.aeaweb.org/articles/pdf/doi/10.1257/pandp.20181091","https://doi.org/10.1257/pandp.20181091","Massive dollars shuttled back and forth among firms on the twisted path to and passage of the 2017 tax reform. Prices of individual stocks responded to the difference between initial and revised expectations. From the bill's initiation in the House to final passage, high-tax firms gained significantly, given the dramatic cut from 35 percent to 21 percent in the corporate tax rate. Internationally-oriented firms suffered notably, since investors assessed that the surprisingly high repatriation tax outweighed the benefits from territorial taxation. Daily price movements show that the aggregate market responded positively to lower expected taxes.","TCJA cash holdings firm","https://openalex.org/W2783731123","article"
"Enterprise risk management and corporate tax planning","Evan Eastman; Anne Ehinger; Jianren Xu","2024","Journal of Risk & Insurance","20","True","https://onlinelibrary.wiley.com/doi/pdfdirect/10.1111/jori.12469","https://doi.org/10.1111/jori.12469","Abstract This study examines the impact of enterprise risk management (ERM) programs on corporate tax planning. ERM is a holistic approach to managing an enterprise's entire portfolio of risks. We hand‐collect data on ERM adoption for a sample of Standard &amp; Poor's 500 firms from 1993 to 2016. We empirically document that firms with ERM programs have lower cash effective tax rates than firms without ERM. Additionally, we find that the relation between ERM and tax avoidance is stronger among firms with more business segments. Finally, our results suggest ERM adoption offsets an increase in opacity and tax uncertainty typically associated with tax avoidance strategies. Overall, we provide evidence that ERM allows firms to exploit tax avoidance opportunities through enhanced coordination and communication.","TCJA cash holdings firm","https://openalex.org/W4395456397","article"
"International taxation and the organizational form of foreign direct investment","Harald Amberger; Saskia Kohlhase","2023","Journal of International Business Studies","16","True","https://link.springer.com/content/pdf/10.1057/s41267-023-00614-1.pdf","https://doi.org/10.1057/s41267-023-00614-1","Abstract We investigate the relation between international taxation and the organizational form of foreign direct investment (FDI). Using micro-level data on inbound FDI relations in Germany, we find that a higher tax burden on income earned in a corporate subsidiary increases the probability that a multinational corporation (MNC) conducts foreign investment through a non-corporate flow-through. This effect is economically meaningful and varies with the relative importance of tax-motivated income shifting, a subsidiary’s non-tax benefits of limited liability and legal independence, and an MNC’s local knowledge. Moreover, we examine potential real effects of organizational form choices and document that affiliates established as flow-throughs exhibit a lower loss propensity and are less profitable than affiliates established as subsidiaries. Taken together, our findings inform policy makers about the potential response of MNCs to tax-law changes and suggest that the chosen organizational form can shape the future characteristics of investments abroad.","TCJA cash holdings firm","https://openalex.org/W4381926579","article"
"Optimizing corporate tax strategies and transfer pricing policies to improve financial efficiency and compliance","Oluwafunmike O Elumilade; Ibidapo Abiodun Ogundeji; Godwin Ozoemenam Achumie; Hope Ehiaghe Omokhoa; Bamidele Michael Omowole","2022","Journal of Advance Multidisciplinary Research","16","True","https://synstojournals.com/multi/article/download/147/145","https://doi.org/10.54660/.jhmr.2022.1.2.28-38","in an increasingly globalized economy, multinational corporations (MNCs) face complex challenges in optimizing corporate tax strategies and transfer pricing policies to enhance financial efficiency while ensuring compliance with evolving regulatory frameworks. Effective tax planning is essential for minimizing tax liabilities, improving cash flow, and maintaining competitiveness. Transfer pricing, which governs intra-group transactions, plays a crucial role in determining taxable profits across different jurisdictions. However, improper transfer pricing practices can lead to regulatory scrutiny, tax disputes, and reputational risks. This review explores the strategic integration of tax optimization and transfer pricing policies, emphasizing data-driven decision-making and adherence to international tax standards such as the OECD’s Base Erosion and Profit Shifting (BEPS) framework. By leveraging advanced analytics, artificial intelligence, and real-time financial modeling, corporations can enhance transparency, align intercompany pricing with economic value creation, and mitigate the risks of double taxation. Key considerations include aligning transfer pricing methodologies with arm’s length principles, implementing tax-efficient corporate structures, and navigating jurisdictional differences in tax regulations.Furthermore, the study examines case studies of successful corporate tax optimization strategies and highlights best practices for achieving compliance while maintaining financial sustainability. The role of taxauthorities in increasing scrutiny over profit shifting, the impact of digital taxation trends, and emerging global tax reforms are also discussed. By adopting proactive and adaptive tax policies, businesses can enhance operational efficiency, reduce tax-related uncertainties, and foster a more sustainable approach to corporate financial management. The findings underscore the importance of integrating robust compliance mechanisms with strategic tax planning to balance profitability and regulatory obligations effectively","TCJA cash holdings firm","https://openalex.org/W4407984143","article"
"The price‐to‐rent ratio: A macroprudential application","Sonia Gilbukh; Andrew F. Haughwout; Rebecca J. Landau; Joseph Tracy","2023","Real Estate Economics","13","True","https://onlinelibrary.wiley.com/doi/pdfdirect/10.1111/1540-6229.12431","https://doi.org/10.1111/1540-6229.12431","Abstract We examine the potential for the price‐to‐rent ratio to be used as a macroprudential tool. In addition to using standardized appraisal methods, appraisers could estimate the current market rent for a property. The resulting price‐to‐rent ratio would provide a useful signal for speculative pressures. We show this by estimating price‐to‐rent ratios using the American Housing Survey. The distribution of price‐to‐rent ratios shifted up dramatically during the housing boom with the 75th and 95th percentile reaching a historic peak in 2006 at 22 and 44, respectively. We propose a lending policy that incorporates the price‐to‐rent ratio to generate countercyclical loan‐to‐value ratios.","TCJA cash holdings firm","https://openalex.org/W4319078061","article"
"On the tax efficiency of startup firms","Eric J. Allen; Jeffrey C. Allen; Sharat Raghavan; David H. Solomon","2022","Review of Accounting Studies","13","True","https://link.springer.com/content/pdf/10.1007/s11142-022-09677-1.pdf","https://doi.org/10.1007/s11142-022-09677-1","Abstract We examine the choice of organizational structure for VC-backed startup firms. These firms overwhelmingly organize as C-corporations rather than as tax advantaged limited liability companies (LLCs). This results in foregone tax savings of $43.9 billion, or 4.9% of the total equity invested in the sample firms. The decision is puzzling, given plausible estimates of the direct costs involved, but appears related to “hassle” and other transition costs generated by participants implementing a new form. Firms with more employees and investors are likely to choose the C-corporation. VCs appear to prefer the C-corporation form, as receiving VC money is associated with most LLC firms switching to a C-corporation within 30 days. Greater VC preferences for C-corporations are linked to a preference for familiarity, and less attention to taxes.","TCJA cash holdings firm","https://openalex.org/W4229032931","article"
"Tax Harmony: The Promise and Pitfalls of the Global Minimum Tax","Reuven S. Avi-Yonah; Young Ran Kim","2022","Michigan Journal of International Law","13","True","https://repository.law.umich.edu/cgi/viewcontent.cgi?article=2130&context=mjil","https://doi.org/10.36642/mjil.43.3.tax","The rise of globalization has become a double-edged sword for countries seeking to implement a beneficial tax policy. On one hand, there are increased opportunities for attracting foreign capital and the benefits that increased jobs and tax revenue brings to a society. However, there is also much more tax competition among countries to attract foreign capital and investment. As tax competition has grown, effective corporate tax rates have continued to be cut, creating a “race-to-the-bottom” issue. In 2021, 137 countries forming the OECD/G20 Inclusive Framework on BEPS passed a major milestone in reforming international tax by successfully introducing the framework of a global minimum corporate tax, known as Pillar Two. It aims to set a floor for corporate tax rates with various corrective measures so that multinational enterprises’ income will be taxed once in either source country or residence country at a substantive tax rate. Hence, Pillar Two is the first implementation of the “single tax principle” at the global level. Because Pillar Two requires an unprecedented amount of coordination among countries, it is important to understand Pillar Two thoroughly so that countries can maneuver the challenges of implementation, while still enjoying the ultimate benefit that would come from this global tax harmony. This Article analyzes the issues of tax competition and why most countries in the world have come to the conclusion that a global minimum tax is needed. This Article explains the single tax principle as the theoretical underpinning of Pillar Two, breaks down the principles and policies that comprise Pillar Two, and anticipates what promise and pitfalls passage of the global minimum tax will bring. Because the basis of Pillar Two is a direct extension of the Global Intangible Low Tax Income (GILTI) and Base Erosion and Anti-Abuse Tax (BEAT) provisions of the Tax Cuts and Jobs Act, it is reasonable to anticipate that the global minimum tax will be considered a success if it is implemented by all the G20 countries.","TCJA cash holdings firm","https://openalex.org/W4292607250","article"
"Corporate Taxes and the Earnings Distribution: Effects of the Domestic Production Activities Deduction","Christine L. Dobridge; Paul Landefeld; Jacob Mortenson","2021","Finance and Economics Discussion Series","12","True","https://www.federalreserve.gov/econres/feds/files/2021081pap.pdf","https://doi.org/10.17016/feds.2021.081","This paper investigates how corporate tax changes affect workers’ earnings. We use a dataset of U.S. worker-level W-2 filings matched with corporate tax returns and study the implementation of the Domestic Production Activities Deduction (DPAD). We find the DPAD tax rate reduction has a substantial effect on the distribution of annual wage earnings within a firm. Earnings of workers at the top of their firm’s earnings distribution rise relative to those at the bottom of the distribution. We estimate a semi-elasticity of average earnings of 1.1 with respect to the DPAD marginal tax rate reduction, while the semi-elasticity of median earnings is notably smaller—0.5. Furthermore, we estimate a semi-elasticity of 1.3 at the 95th percentile of workers’ earnings and 2.7 at the 99th percentile. This trend of larger semi-elasticities at the top of the earnings distribution is especially pronounced for small firms. Looking at overall employment effects, we see no change overall, but the number of employees rises at small firms and declines at large firms. In contrast, we find that capital investment rises for large firms, suggesting that the DPAD also resulted in domestic capitallabor substitution for large corporations. Our paper has significant implications for assessing the progressivity of the U.S. tax code and for analyzing the effect of corporate tax policy changes on the U.S. income distribution.","TCJA cash holdings firm","https://openalex.org/W4200076248","article"
"Repatriation Taxes, Internal Agency Conflicts, and Subsidiary-Level Investment Efficiency","Harald Amberger; Kevin Markle; David M. P. Samuel","2018","SSRN Electronic Journal","12","True","https://doi.org/10.2139/ssrn.3138823","https://doi.org/10.2139/ssrn.3138823","","TCJA cash holdings firm","https://openalex.org/W2795952778","article"
"CORPORATE TAX AVOIDANCE PRACTICES OF MULTINATIONALS AND COUNTRY RESPONSES TO IMPROVE QUALITY OF COMPLIANCE","Fazle Rabbi; Saad Saud Almutairi","2021","International Journal for Quality Research","10","True","https://doi.org/10.24874/ijqr15.01-02","https://doi.org/10.24874/ijqr15.01-02","The aim of this systematic review was to review the methods adopted by corporates to avoid corporate tax, factors related to it and responses of countries to improve their compliance. Using Google Scholar with the topic as the search terms and different overlapping timeframes, the search yielded 68 papers. These were listed and briefly described. The common factors in these studies were tabulated for easy reference. It was a revelation in the way the corporates adopted methods to avoid sales tax. Papers dealing with policies, strategies and impact of sales tax on these corporates were in majority.","TCJA cash holdings firm","https://openalex.org/W3127207088","article"
"A Firm Lower Bound: Characteristics and Impact of Corporate Minimum Taxation","Aqib Aslam; Maria Coelho","2021","IMF Working Paper","9","True","https://www.elibrary.imf.org/downloadpdf/journals/001/2021/161/001.2021.issue-161-en.xml","https://doi.org/10.5089/9781513561073.001","This paper examines the role of minimum taxes and attempts to quantify their impact on economic activity. Minimum taxes can be effective at shoring up the corporate tax base and enhancing the perceived equity of the tax system, potentially motivating broader taxpayer compliance. Where political and administrative constraints prevent reforms to the standard corporate income tax, a minimum tax can help mitigate base erosion from excessive tax incentives and avoidance. Using a new panel dataset that catalogues changes in minimum tax regimes over time around the world, firm-level analysis suggests that the introduction or reform of a minimum tax is associated with an increase in the average effective tax rate of just over 1.5 percentage points with respect to turnover and of around 10 percent with respect to operating income. Minimum taxes based on modified corporate income lead to the largest increases in effective tax rates, followed by those based on assets and turnover.","TCJA cash holdings firm","https://openalex.org/W4232598718","article"
"Understanding the Profitability Gap between Euro Area and US Global Systemically Important Banks","Luca Di Vito; João Matos Leite; Natalia Martín Fuentes","2023","SSRN Electronic Journal","7","True","http://dx.doi.org/10.2139/ssrn.4545495","https://doi.org/10.2139/ssrn.4545495","","TCJA cash holdings firm","https://openalex.org/W4386025890","article"
"Nonprofits in Good Times and Bad Times","Christine L. Exley; Nils H. Lehr; Stephen Terry","2022","Journal of Political Economy Microeconomics","7","True","https://dash.harvard.edu/bitstreams/d556cc09-d698-42d8-8194-28af65c3f19e/download","https://doi.org/10.1086/721805","Need fluctuates over the business cycle. We conduct a survey revealing a desire for nonprofit activities to countercyclically expand during downturns. We then demonstrate, using comprehensive US nonprofit data drawn from millions of tax returns, that the public’s hopes are disappointed. Nonprofit expenditure, revenue, and balance sheets fluctuate procyclically: contracting during national and local downturns. This finding is evident even for a narrow group of nonprofits that the public most wishes would expand during downturns, for example, those providing critical needs such as food or housing. Our new facts contribute to the charitable giving, nonprofit, and business cycle literatures.","TCJA cash holdings firm","https://openalex.org/W4289530913","article"
"Key Challenges Facing Modern Finance: Making the Financial Sector Serve Society","Joseph E. Stiglitz","2020","Finance Theory and Practice","7","True","https://financetp.fa.ru/jour/article/download/977/652","https://doi.org/10.26794/2587-5671-2020-24-2-6-21","The purpose of this paper is to discuss the broad issue of how to make the financial sector serve society, at least serve it better than it has until now. Finance has been the centre of attention, for better or for worse, for more than a quartercentury, partly because of its increasing share of GDP, and partly because of the negative behaviour and activities of its professionals. The paper is divided into six parts. The first section concerns the necessity of stopping adverse behaviours (activities). Section II presents some measures aimed at encouraging positive activities and promoting positive behaviour. Section III discusses a crucial issue concerning the urgent need to curb rent-seeking. Section IV discusses taxation in the context of the corrosive effect of tax competition. Section V, using analysis provided, presents measures to enhance the role of government in restoring the public’s eroded trust in financial institutions. Finally, Section VI discusses questions about how we can restore trust.","TCJA cash holdings firm","https://openalex.org/W3018288086","article"
"Protectionist Vector of Trump Administration Trade Policy","S. Dmitriev","2020","World Economy and International Relations","6","True","https://ustr.gov/sites/default/files/files/Press/Reports/2018/AR/2018%20Annual%20Report%20FINAL.PDF","https://doi.org/10.20542/0131-2227-2020-64-2-15-23","The Trump administration&rsquo;s trade war for sole leadership is destroying the 70-plus-year reputation of the United States as the chief architect and founder of the liberal postwar order. The Trump administration&rsquo;s use of tariff-restricting import measures to create greenhouse conditions for U.S. companies and even to generate political dividends during the election campaign has reached undue proportions. The willingness to &ldquo;aggressively enforce&rdquo; U.S. trade laws, to reduce the trade deficit and excessive national security requirements are widely used as a pretext for punitive measures aimed at causing the maximum possible economic damage to competitors. To justify this position, the thesis is used of the need to &ldquo;make America great again&rdquo;, to restore &ldquo;fair and equal&rdquo; conditions of competition and to force competitors to &ldquo;stop receiving benefits&rdquo; at the expense of the United States. Trump sees the trade deficit as proof that other countries are pursuing discriminatory policies against U.S. companies. As grounds for imposing or increasing duties against imports from other countries, such reasons are used as: ensuring national security, leveling the trade balance, protecting the intellectual property rights of American citizens and corporations and even other countries&rsquo; non-compliance with immigration rules. At the same time, any retaliation by trading partners is considered to be unlawful and is used as an excuse for further escalation. Some U. S. protectionist measures run counter to WTO rules, damage multilateral trade system, disrupt global supply chains, slow economic growth, while damaging competitiveness of the United States. It is unlikely that the Trump administration&rsquo;s penchant for protectionism will diminish before the new presidential election. There are also fears that the position of the administration that will replace the incumbent will not be very different. The further escalation of the trade war may also lead to Russia&rsquo;s involvement in the conflict. Against this negative backdrop, it remains to be hoped that the majority of WTO members will continue to operate within the rules of the organization and that relations between trading partners will gradually be restored on the basis of mutual benefit and respect for sovereignty.","TCJA cash holdings firm","https://openalex.org/W3007335300","article"
"US International Corporate Taxation after the Tax Cuts and Jobs Act","Kimberly A. Clausing","2024","The Journal of Economic Perspectives","6","True","https://www.aeaweb.org/articles/pdf/doi/10.1257/jep.38.3.89","https://doi.org/10.1257/jep.38.3.89","The root dilemma that informs the past, present, and future of US international taxation is the tension between two desiderata: protecting the corporate tax base from erosion and ensuring the competitiveness of US multinational firms in the world economy. This article begins by exploring that tension, discussing the evidence behind these competing policy goals. It then considers the international tax provisions of the Tax Cuts and Jobs Act of 2017. TCJA enacted transformative changes in US corporate tax policy, but it did not resolve long held policy concerns. While research on TCJA is in early stages, evidence indicates that TCJA substantially reduced corporate tax revenues, that TCJA’s international provisions (as a whole) raised less revenue than expected, that offshoring and profit shifting remain large policy concerns, that changes in US multinational company competitiveness were mixed, and that underlying trends in wages and investment did not change due to TCJA. While TCJA was unable to resolve the tension between competitiveness and tax base protection, the Pillar 2 international tax agreement shows more promise in that regard. As countries throughout the world implement a “country-by-country” minimum tax on multinational income of 15 percent, this has the potential to disrupt long-standing arguments about international corporate taxation.","TCJA cash holdings firm","https://openalex.org/W4401255266","article"
"Tax Rate Biases in Tax Planning Decisions: Experimental Evidence","Harald Amberger; Éva Eberhartinger; Matthias Kasper","2016","SSRN Electronic Journal","6","True","https://doi.org/10.2139/ssrn.2727680","https://doi.org/10.2139/ssrn.2727680","","TCJA cash holdings firm","https://openalex.org/W2285638217","article"
"Sweeping Changes and an Uncertain Legacy: The Tax Cuts and Jobs Act of 2017","William G. Gale; Jeffrey L. Hoopes; Kyle Pomerleau","2024","The Journal of Economic Perspectives","6","True","https://www.aeaweb.org/articles/pdf/doi/10.1257/jep.38.3.3","https://doi.org/10.1257/jep.38.3.3","The Tax Cuts and Jobs Act (TCJA) of 2017 introduced sweeping changes to individual and corporate taxation. We summarize the major provisions, trace the origins of the Act, and compare it to previous tax changes. We also examine the effects on the government budget, economic activity, and distribution of resources. Based on evidence through 2019, we find that the TCJA clearly raised federal debt and increased after-tax incomes, disproportionately increasing incomes for the most affluent. Its effects on GDP and median wages seem modest at best, although clear counterfactuals are difficult to identify. The impact on investment is less certain, and research is only recently emerging that addresses this question. Empirical analysis of longer-term effects may prove difficult due to the disruptions created by the COVID-19 pandemic starting in 2020.","TCJA cash holdings firm","https://openalex.org/W4401255019","article"
"Are CEOs Rewarded for Luck? Evidence from Corporate Tax Windfalls","Martina Andreani; Atif Ellahie; Lakshmanan Shivakumar","2025","The Journal of Finance","6","True","https://onlinelibrary.wiley.com/doi/pdfdirect/10.1111/jofi.13448","https://doi.org/10.1111/jofi.13448","ABSTRACT Focusing on the one‐off tax gains and losses (i.e., windfalls) associated with the 2017 Tax Cuts and Jobs Act, we reexamine whether CEOs are rewarded for luck. We find that weakly monitored CEOs are compensated for the windfall tax gains but not penalized for the corresponding tax losses. No such pattern is observed for CEOs facing greater pay scrutiny. The pay for windfalls cannot be explained as rewards for CEOs’ efforts, talents, political activities, or as firms sharing their tax gains with all executives. The results are more consistent with rent extraction by CEOs facing weak pay scrutiny.","TCJA cash holdings firm","https://openalex.org/W4409344072","article"
"UNIFORM INTERNATIONAL TAX COLLECTION AND DISTRIBUTION FOR GLOBAL DEVELOPMENT, A UTOPIAN BEPS ALTERNATIVE","Henry Ordower","2021","Columbia Journal of Tax Law","5","True","https://journals.library.columbia.edu/index.php/taxlaw/article/download/8368/4267","https://doi.org/10.52214/cjtl.v12i2.8368","Under the guise of compelling multinational enterprises (MNEs) to pay their fair share of income taxes, the OECD and other multinational agencies have introduced proposals to prevent MNEs from eroding the income tax base of developed economies by continuing to shift income artificially to low or zero tax jurisdictions. Some of the proposals have garnered substantial multinational support, including recent support from the new U.S. presidential administration for a global minimum tax. This Article reviews many of those international proposals. The proposals tend to concentrate the incremental tax revenue from the prevention of base erosion into the treasuries of the developed economies although the minimum tax proposal known as GloBE encourages low tax countries to adopt the minimum rate. The likelihood that and zero tax countries will transition successfully to imposing the minimum tax seems uncertain. Developed economies lack a compelling moral claim to incremental revenue so this Article argues that collecting a fair tax from MNEs and other taxpayers should be a goal that is independent of claims on that revenue. The Article maintains that to prevent tax base erosion, the income tax base and administration must be uniform across national borders and the Article recommends applying uniform rules administered by international taxing agency. The Article explores the convergence of tax rules under such an international taxing agency. Distribution of tax revenue by the international agency should follow contextualized need. In addressing the conundrum of absolute poverty in the undeveloped and developing world vis á vis relative poverty in the developed world, the Article proposes that the taxing agency should distribute all incremental revenue from the uniform tax where the need is greatest to ameliorate absolute poverty and improve living standards without regard to income source. The location of income production, destination of the produced goods and services generating the income, and residence of the income producers should not determine the tax revenue distribution. Rather, the use of contextualized need for distribution determination will enable developed economies to receive sufficient revenue to maintain their existing infrastructures and governmental services. Developed economies should forego new revenue, for which they have not budgeted, in favor of improving worldwide living conditions for all. The proposals for uniform, worldwide taxation and revenue sharing based on contextualized need are admittedly aspirational and utopian but designed to encourage debate on sharing of resources in our increasingly globalized world.","TCJA cash holdings firm","https://openalex.org/W3087179310","article"
"In Pursuit of Economic Justice: The Political Economy of Domestic Violence Laws and Policies","Deborah M. Weissman","2019","eYLS (Yale Law School)","5","True","https://dc.law.utah.edu/cgi/viewcontent.cgi?article=1250&context=ulr","","Violence experienced within the family — perhaps the most intimate of all social arrangements — causes devastating consequences. Recent phenomena, including accounts of perpetrators of mass shootings with a history of domestic violence and the #MeToo movement, have called new attention to the costs and consequences of violence against women. Intimate violence wreaks havoc extending beyond the private spaces of the household, thereupon to lay bare the structural shortcomings of public institutions. The act of domestic violence enters the public imagination principally as an offense of physical abuse. It is more complicated. In fact, intimate partner violence (IPV) is often exercised as an act of coercion by abusers who engage in strategies to interfere with their partners’ ability to engage productively in the workplace and deny them control over economic resources, that is, to deny them agency. Certainly, awareness of the insidious facets of economic coercion of IPV has expanded in recent years. However, attention to the efficacy of legal and policy responses to the economic consequences of such abuse has not received commensurate attention. Federal and state laws designed to address economic abuse are applied haphazardly if at all. The laws themselves, moreover, are ill-suited to address the structural issues that contribute to domestic violence in the first place. Similarly, “economic justice initiatives” promoted by anti-violence advocates to “respond to, address, and prevent financial abuse” related to domestic violence fall far short of their intended goals. The primary programmatic focus of the “economic justice initiatives” tend to privilege personal financial literacy as a means to repair consumer credit and enhance victims’ capacities to bank and save as a strategy of economic independence. These programs ignore the overarching neoliberal underpinnings of the political economy that burden victims with the costs of their own remediation through practices designed to benefit financial markets.The recent attention to remediating domestic violence including economic abuse sets in relief the need to introduce analyses of political economy into law practices and advocacy strategies. This article provides such analysis and considers how legal remedies and advocacy strategies that address economic abuse are constrained and shaped market forces. It argues that without an understanding of political economy, programmatic “advances” may in fact exacerbate the economic circumstances of victims as well as abusers. Those whose lives are shattered by domestic violence should not be subjected to a remediation paradigm more suited for those who possess political and financial power than those who do not.","TCJA cash holdings firm","https://openalex.org/W2954867090","article"
"Accountable Compensation: The Progressive Case for Stakeholder-Focused, Board-Empowering Executive Compensation Laws","Emily Barreca","2020","Yale journal on regulation","4","True","https://digitalcommons.law.yale.edu/cgi/viewcontent.cgi?article=1554&context=yjreg","","Shareholder primacy has long dominated American legal thought and politics across the ideological spectrum. Over the past several years, however, U.S. political progressives have begun to criticize shareholder primacy, arguing that corporations should also serve other stakeholders. This Note conducts the first academic analysis of this emerging movement’s executive compensation policy proposals. This Note finds that stakeholder-primacy progressives have failed to propose policies that would effectively regulate executive compensation. Given the connection between rising executive compensation and economic inequality, this finding is surprising and concerning. The final Part develops an original executive compensation policy proposal for the progressive stakeholder primacy movement.","TCJA cash holdings firm","https://openalex.org/W2998011646","article"
"Designing international tax reform: lessons from TCJA","Mindy Herzfeld","2021","International Tax and Public Finance","4","True","https://link.springer.com/content/pdf/10.1007/s10797-021-09675-0.pdf","https://doi.org/10.1007/s10797-021-09675-0","","TCJA cash holdings firm","https://openalex.org/W3177029169","article"
"Radiologist Side Hustles: A Primer","Janis Yee; Blake C. Steel; Puneet Bhargava","2020","Journal of the American College of Radiology","4","False","","https://doi.org/10.1016/j.jacr.2019.07.022","","TCJA cash holdings firm","https://openalex.org/W2998941470","article"
"Protection of Private Equity Investors under the Dodd-Frank Act","Doris Toyou","2019","Journal of Law and Commerce","4","True","http://jlc.law.pitt.edu/ojs/index.php/jlc/article/download/159/151","https://doi.org/10.5195/jlc.2019.159","In securities law, investor protection means that an issuer of securities, here partnership interests for private equity, must register with the Securities and Exchange Commission (“SEC”) and be subject to disclosure, reporting, record-keeping compliance and examination programs. This Article argues that the Dodd-Frank Act has fulfilled part of its objective to protect private equity investors by forcing private equity managers to disclose information on their operations. Disclosure has provided greater transparency about how the business of private equity is conducted. The increased SEC scrutiny started in 2014 has uncovered unfair practices and violations of fiduciary duties that sophisticated investors could not detect on their own. Notwithstanding this improved transparency, the Dodd-Frank Act still falls short of imposing the main tool securities laws uses to protect investors: that is, full and fair disclosure. In other words, Dodd-Frank does not provide all the required protections that are important for investors to assess the quality of their investments and make informed decisions. This Article offers to expand transparency by additional public disclosure of investment returns, fees, and managers’ income.For other policy issues unrelated to the protection of investors, that is, jobs or tax, Title IV of the Dodd-Frank Act does not offer the appropriate setting. Applying or enacting legislation concerning tax, labor or bankruptcy laws can better curve the controversial practices of private equity firms.","TCJA cash holdings firm","https://openalex.org/W2941772101","article"
"THE POLITICAL ECONOMY OF GLOBAL VALUE CHAINS RESTRUCTURING","Oleksandr Rogach","2020","ACTUAL PROBLEMS OF INTERNATIONAL RELATIONS","4","True","http://apir.iir.edu.ua/index.php/apmv/article/download/3739/3411","https://doi.org/10.17721/apmv.2020.142.1.62-73","The article analyzes the international production of multinational enterprises (MNEs). It presents some theoretical approaches to the analysis of international production, such as fragmentation theory, global value chains (GVCs) theory. The article argues that at the present stage of the world economy internationalization, there are two trends in the localization of MNEs global chains. The first trend indicates a slowdown of GVCs growth in the last seven years. The second trend characterizes the restructuring of GVCs. It indicates the backward movement of certain international production fragments to the MNEs home countries. Among the major factors that have slowed the growth of international MNEs production, the article analyzes the political instability and low economic dynamics of some FDI exporting countries. Changes in the location of global value chains are driven by technological, economic and geopolitical factors. Fourth industrial revolution, the robotization of production and new technologies for shale oil and gas in the US are changing the traditional determinants for GVCs localization. They have caused the relocation of many businesses from countries with the cheap labour to MNEs home countries. The article also highlights that the important factors of GVCs restructuring are the fiscal mechanisms implemented by the US administration, including tax reform. But the short-term and long-term effects of such measures differ significantly. Finally, the third important factor in the dynamics and restructuring of multinational enterprise network production is the geopolitical risk and political uncertainty. The trade war between the US and China has had a particularly significant impact on the current global value chains rebuilding.","TCJA cash holdings firm","https://openalex.org/W3040060033","article"
"Ireland: Selected Issues","International Monetary Fund. European Dept.","2018","IMF Staff Country Reports","4","True","https://www.elibrary.imf.org/doc/IMF002/25303-9781484363874/25303-9781484363874/Other_formats/Source_PDF/25303-9781484365205.pdf","https://doi.org/10.5089/9781484363874.002","Assessing the business cycle in Ireland is complicated by the open character of its labor market and large presence of globally active multinationals. This chapter takes into account these features of the Irish economy when estimating potential output and the cyclical position. Results point to a strong recent rebound of potential growth as well as a currently advanced cyclical position, with a positive and widening output gap.","TCJA cash holdings firm","https://openalex.org/W4238780110","article"
"U.S. Corporations' Repatriation of Offshore Profits: Evidence from 2018","Michael Smolyansky; Gustavo Suárez; Alexandra Tabova","2019","FEDS Notes","13","True","https://doi.org/10.17016/2380-7172.2396","https://doi.org/10.17016/2380-7172.2396","We investigate how companies with large holdings of cash abroad have used those funds following the Tax Cuts and Jobs Act (TCJA), which eliminated prior tax disincentives on the repatriation of foreign earnings.","TCJA repatriation cash holdings","https://openalex.org/W2971941381","article"
"Governing Global Tax Dodgers: The “Group of Four” and the Taxation of Multinational Corporations, 1970s–1980s","Vanessa Ogle","2023","The Business History Review","4","True","https://www.cambridge.org/core/services/aop-cambridge-core/content/view/C524CB4BAC1814EF27F34E91A4E88FC5/S0007680523000673a.pdf/div-class-title-governing-global-tax-dodgers-the-group-of-four-and-the-taxation-of-multinational-corporations-1970s-1980s-div.pdf","https://doi.org/10.1017/s0007680523000673","During the 1970s, governments increasingly expressed concerns about the loss of revenue through the use of tax havens by both individuals and corporations. This article explores a covert international working group (the Group of Four) set up between France, Germany, the United Kingdom, and the United States in 1969 in response to such concerns. At regular meetings, officials exchanged information gathered by their respective tax authorities in auditing multinational companies. In the 1980s, under increasing pressure from governments in a now much more hostile climate to tax authorities, the Group’s work shifted away from multinationals and toward more general, technical questions. The history of the Group of Four illustrates the importance of the 1960s and 1970s as a period for regulating economic actors and the impact of broader circumstances on the success or failure of anti-tax avoidance measures.","TCJA repatriation cash holdings","https://openalex.org/W4388928870","article"
"Canada: Selected Issues","International Monetary Fund. Western Hemisphere Dept.","2018","IMF Staff Country Reports","3","True","https://www.elibrary.imf.org/doc/IMF002/25353-9781484368398/25353-9781484368398/Other_formats/Source_PDF/25353-9781484368459.pdf","https://doi.org/10.5089/9781484368398.002","This paper reviews, and suggests possible improvements to, Canada's system of business taxation-focusing particularly on the implications of wider developments in the global tax environment. Section 1 provides an overview of current arrangements, 2 and identifies some sources of concern. Section 2 describes and considers the likely impact on Canada of recent developments in, and pressures on, the international tax order, including the landmark reform (known as the Tax Cuts and Jobs Act, TCJA) in the United States. Section 3 sets out some options for reform.","TCJA repatriation cash holdings","https://openalex.org/W4245215259","article"
"The role of the dual holder in mitigating underinvestment","Roman Bohdan; Tarun K. Mukherjee","2023","The Journal of Financial Research","3","True","https://onlinelibrary.wiley.com/doi/pdfdirect/10.1111/jfir.12376","https://doi.org/10.1111/jfir.12376","Abstract The literature on dual holding focuses exclusively on cases where the holder is primarily a creditor and buys the firm's stocks to reduce potential wealth transfer. However, wealth transfer is not a concern when the dual holder is a stockholder first and becomes a bondholder later. We hypothesize that the principal motive behind such dual holdings is to provide debt funding to an otherwise successful firm that cannot fund good projects because of internal capital allocation problems coupled with external capital constraints. We select samples from multinational corporations based on evidence that these firms are exposed to domestic underinvestment because they are reluctant to bring back foreign profits to avoid repatriation taxes. We choose hedge funds (HFs) as dual holders. The treatment group comprises firms where HFs are dual owners, and the control group comprises firms in which HFs own stocks only. The treatment group experiences steeper financial constraints, leading to deeper underinvestment problems and causing target firms to seek HF funding. The funding corresponds well to the amount of underinvestment. Targets improve investment efficiency by alleviating underinvestment, surpassing their predual performance and the control group's postdual performance.","TCJA repatriation cash holdings","https://openalex.org/W4390058498","article"
"Tax Reforms, Investor Sentiment and Closed-End Fund Performance","Umesh Kumar","2022","International Journal of Finance","2","True","https://carijournals.org/journals/index.php/IJF/article/download/1040/1257","https://doi.org/10.47941/ijf.1040","Purpose: Tax reforms have a significant impact on asset prices and shareholders’ wealth. The Tax Cuts and Jobs Act 2017 (TCJA) reduces the tax obligations for both households and businesses. This paper investigates the relationship between closed-end funds performance and investor sentiment induced by tax reforms.&#x0D; Methodology: Two proxies of investor sentiment are used to measure the impact on closed-end fund (CEF) performance.&#x0D; Results: The results reveal that overall, tax reforms have a positive effect on the closed-end fund valuations. Institutional investors’ sentiment takes a differential view from individual investors on CEF returns. Institutional investors’ sentiment does not show a relationship with fund returns. Medium size CEFs benefit more from tax reforms.&#x0D; Unique Contribution to Theory, Policy and Practice: Despite mixed signals, the results suggest that TCJA has influenced the investors’ sentiment resulting in excessive optimism.","TCJA repatriation cash holdings","https://openalex.org/W4296946476","article"
"United States","International Monetary Fund. Western Hemisphere Dept.","2019","IMF Staff Country Reports","2","True","https://www.elibrary.imf.org/doc/IMF002/26157-9781498320993/26157-9781498320993/Other_formats/Source_PDF/26157-9781498321877.pdf","https://doi.org/10.5089/9781498320993.002","The U.S. economy is in the longest expansion in recorded history. Unemployment is at levels not seen since the late 1960s, real wages are rising, and inflationary pressures remain subdued. Economic activity, while still growing above potential, is expected to slow to around 2.6 percent this year and 1.9 percent in 2020.","TCJA repatriation cash holdings","https://openalex.org/W4238166611","article"
"Western Corporate Fiscal Citizenship in the 21st Century","Alex Freund","2019","","2","True","https://scholarlycommons.law.northwestern.edu/njilb/vol40/iss1/4","","For the Western world, the challenges of the 21st Century are numerous, from climate change’s effects on food production and coastal cities to underfunded social safety nets to automation’s impact on the middle class. To handle such costly problems, government intervention will be required. Government intervention, however, always comes at a cost to either individuals or corporations. To determine who should bear these costs, scholars and experts should turn to notions of fiscal citizenship – the social contract between the state and private parties through taxation and the provision of goods and services. By applying principles of individual fiscal citizenship to corporations, which have traditionally not been included in notions of fiscal citizenship, a strong case emerges for corporations to bear the costs of these impending 21st century harms.","TCJA repatriation cash holdings","https://openalex.org/W2994958139","article"
"Hybrid Mismatch.com: Neutralizing the Tax Effects of Hybrid Mismatch Arrangements","M. Soledad Domingo","2019","DigitalCommons - Fairfield (Fairfield University)","1","True","https://digitalcommons.fairfield.edu/cgi/viewcontent.cgi?article=1219&context=nealsb","","","TCJA repatriation cash holdings","https://openalex.org/W3016228766","article"
"United States: 2018 Article IV Consultation - Press Release; Staff Report and Statement by the Executive Director for United States","International Monetary Fund. Western Hemisphere Dept.","2018","IMF Staff Country Reports","1","True","https://www.elibrary.imf.org/doc/IMF002/25321-9781484366073/25321-9781484366073/Other_formats/Source_PDF/25321-9781484366226.pdf","https://doi.org/10.5089/9781484366073.002","The near-term outlook. Unemployment is low, inflation is well contained, and growth is set to accelerate. During the course of this administration, the economy is expected to enter the longest expansion in recorded U.S. history.","TCJA repatriation cash holdings","https://openalex.org/W4253922815","article"
"The Realization Rule as a Legal Standard","Sloan G. Speck","2024","Columbia Journal of Tax Law","1","True","https://journals.library.columbia.edu/index.php/taxlaw/article/download/12712/6484","https://doi.org/10.52214/cjtl.v16i1.12712","The realization “rule” in tax law is better characterized as a legal standard. This characterization matters after the Supreme Court’s decision in Moore v. United States, which sets the stage for future courts to decide that the Constitution mandates realization—an identifiable event before accrued income is reportable by taxpayers. The stakes of a constitutional realization requirement are underappreciated. Because current statutory law embeds realization as a background principle, a constitutional realization requirement would operate as a taxpayer-initiated antiabuse doctrine—a sword that taxpayers could use selectively to invalidate parts of the Internal Revenue Code and Treasury Regulations. This novel constitutional tool has adverse, and underappreciated, implications for the U.S. tax system’s structure and complexity. Through the lens of the longstanding academic literature on legal rules and standards, the dangers of a constitutional realization requirement extend beyond top-down risks to individual Internal Revenue Code provisions or, as the Moore majority posited, entire taxing regimes. Instead, a constitutional realization requirement threatens to erode federal income tax law from the bottom up, through incremental public and private challenges to the fundamental mechanics of taxation. Realization and nonrealization permeate business entity taxation in deeply technical ways. In these areas, a constitutional realization requirement may facilitate aggressive private planning, undermine the law’s coherence, and dampen reform efforts. Even Moore’s whisper of a constitutional realization requirement ventures into poorly charted territory, with potentially detrimental consequences that may prove difficult to unwind. Moreover, a constitutional realization requirement portends increased complexity in tax law. Government-asserted antiabuse doctrines constrain complexity by allowing lawmakers to write simpler rules that cover high-frequency transactions. Low-frequency transactions, including those that reflect inappropriate tax planning, are addressed through (and discouraged by) open-ended standards in the enforcement process. As a taxpayer-initiated antiabuse doctrine, a constitutional realization requirement would have the reverse effect, increasing complexity by increasing the frequency of tax-planned transactions, encouraging more costly government responses to taxpayer abuse, and changing the dynamics of enforcement. The resulting complexity would be systemic—and could increase over time.","TCJA repatriation cash holdings","https://openalex.org/W4405519170","article"
"Engineering Pass-Throughs in International Tax: The Case of Private Equity Funds","Young Ran Kim","2019","","1","True","https://dc.law.utah.edu/scholarship/175","","Fund investment, or indirect investment, does not entail entity-level taxation domestically, so investors enjoy “tax neutrality” between direct and indirect investments made within a country. In contrast, when investments are made across borders, tax neutrality cannot be guaranteed because current international tax regimes are built upon bilateral tax treaties and lack pass-through tax rules for multinational fund investment schemes. This may put investors in a worse tax position than had they invested directly.In response, investors have created many strategies to reduce tax liabilities internationally when investing indirectly. Sometimes those strategies enable investors to pay even less taxes than they would with a tax-neutral benchmark. Recognizing that systematic pass-through taxation more likely would achieve tax neutrality goals, the OECD, through its limited rule-making power, developed several proposals for pass-through treatment. Unfortunately, none of them have been effective, either because of too narrow implementation or because they supply bilateral solutions to a multilateral problem.As an alternative, this Article proposes an innovative multilateral approach in which both the source country and the residence country may look-through certain fund vehicles in intermediary countries and will collect tax as if the investment was made directly from the residence country to the source country. This Article further develops the proposal by demonstrating its feasibility for private equity funds (PEFs). PEFs offer unique opportunities to reform international pass-through taxation because they tend to have only a handful of high-profile investors who rarely change during the fund’s lifetime. Although information about PEF investors notoriously has been less available to tax authorities, new public and private databases as well as a newly enhanced system for the exchange of tax information make such information now more accessible to governments. Tax authorities will be able to obtain information on the considerably small and manageable number of investors behind PEFs and implement pass-through taxation to realize robust tax neutrality goals.","TCJA repatriation cash holdings","https://openalex.org/W2980718393","article"
"Allocation of taxing rights in international corporate income taxation – comparing the current system, residual profit allocation, and OECD Pillar One","Atte Jonatan Kanervo","2021","Työväentutkimus Vuosikirja","1","True","http://hdl.handle.net/10138/334142","","Tutkielma käsittelee veropohjan ja kansainvälisen verotusoikeuden jakoon liittyviä kysymyksiä ja arvioi toisiaan vasten kolmea eri verojärjestelmää ja niiden vaikutuksia. Nämä kolme verojärjestelmää ovat: nykyjärjestelmä, jäännösvoiton jakoon perustuva järjestelmä (residual profit allocation), ja OECD:n Pilari I.&#13;\n&#13;\nKansainvälisen yritysverotuksen toteutuksella on merkittävä vaikutus kansainvälisen talouden toimintaan ja tämän kautta yksilöiden hyvinvointiin. Järjestelmän toimivuuden varmistaminen on täten ensiarvoisen tärkeää. Tutkielmassa esitetään, että kansainvälinen yritysverojärjestelmä tulisi suunnitella perustuen tiettyihin hyvän verotuksen periaatteisiin, jotka ovat: 1) reiluus ja tasapuolisuus, 2) taloudellinen tehokkuus, 3) välttelyn vaikeus, 4) hallinnon helppous, ja 5) kannustimien yhteensopivuus. Mainittuja kolmea verojärjestelmää arvioidaan suhteessa näihin kriteereihin.&#13;\n&#13;\nTutkielmassa havaitaan, että nykyjärjestelmä kärsii konseptuaalisista heikkouksista, jotka altistavat sen monille ongelmille suhteessa asetettuihin kriteereihin. Tämän perusteella argumentoidaan, että järjestelmän uudistaminen on välttämätöntä sen toiminnan varmistamiseksi myös tulevaisuudessa. Yksi mahdollinen uudistus on tutkielmassa esitettävä jäännösvoiton jakoon perustuva järjestelmä. OECD:n Pilari I -ehdotus sisältää elementtejä jäännösvoiton jaosta, mutta tutkielmassa osoitetaan, että OECD:n esitys ei ole tarpeeksi laaja saavuttaakseen samoja hyötyjä kuin laajempi jäännösvoiton jakoon perustuva järjestelmä.","TCJA repatriation cash holdings","https://openalex.org/W3199422975","article"
"The Contemporary Tax Journal Volume 7, No. 2 – Summer 2018","","2018","The Contemporary Tax Journal","0","True","https://scholarworks.sjsu.edu/cgi/viewcontent.cgi?article=1114&context=sjsumstjournal","https://doi.org/10.55917/2381-3679.1114","","TCJA repatriation cash holdings","https://openalex.org/W4409449875","article"
"GAAP Earnings Forecast Quality: Implications for Research","Novia Chen; Allison Koester","2025","The Accounting Review","0","True","https://publications.aaahq.org/accounting-review/article-pdf/doi/10.2308/TAR-2021-0646/123294/tar-2021-0646.pdf","https://doi.org/10.2308/tar-2021-0646","ABSTRACT We examine the implications of GAAP earnings forecast quality for accounting research. Using a tax law change with an estimable and material GAAP earnings impact, we find that analysts’ GAAP forecasts generally fail to incorporate this impact, whereas investors respond promptly, suggesting that GAAP forecasts omit earnings information deemed relevant by investors and are of low quality. Analyzing quarterly GAAP forecasts from 2004–2019 and classifying GAAP forecasts that equal their street counterparts when GAAP and street actuals differ as low quality, we again find widespread low GAAP forecast quality. Low quality GAAP forecasts affect research inferences: they dampen GAAP earnings response coefficient (ERC) estimates, reduce the explanatory power of GAAP surprises for returns, affect inferences regarding market rewards for meeting-or-beating via exclusions, and understate the extent that GAAP forecasts incorporate exclusion components. We propose two strategies to mitigate the adverse effects of low quality GAAP forecasts on research inferences. Data Availability: Data are from publicly available sources as identified within the manuscript. JEL Classifications: G14; M40; M41.","TCJA repatriation cash holdings","https://openalex.org/W4414787267","article"
"The Tax Effect on Capital Structure: An empirical investigation of tax shield utilization following the Tax Cuts and Jobs Act","A. Rodin; Patrik K. E. Magnusson","2020","Lund University Publications Student Papers (Lund University)","0","True","http://lup.lub.lu.se/student-papers/record/9023721","","Mixed support regarding firm capital structure reaction to the Tax Cut and Jobs Act is found. In the main difference-in-differences estimation, support is found for the predictions of trade-off theory after the inclusion of control variables aiming to capture shareholder distribution and capital structure optimization. These results do not prove robust to a more granular matching procedure. A unique contribution is made through the results indicating that even large tax changes may be unable to provoke a downward reaction in leverage ratios. Further, this study exemplifies that to draw meaningful conclusions from policy changes on taxes, standard difference-in-differences estimations may not suffice.","TCJA repatriation cash holdings","https://openalex.org/W3094203510","article"
"A ROCKET WITH NO FUEL: HOW THE TAX CUTS AND JOBS ACT CREATES MORE LOOPHOLES FOR CORPORATIONS TO EXPLOIT THE U.S. ECONOMY","Varun Kukreja","2020","eYLS (Yale Law School)","0","True","https://digitalcommons.law.scu.edu/cgi/viewcontent.cgi?article=2898&context=lawreview","","A ROCKET WITH NO FUEL: HOW THE TAX CUTS AND JOBS ACT CREATES MORE LOOPHOLES FOR CORPORATIONS TO EXPLOIT THE U.S. ECONOMY","TCJA repatriation cash holdings","https://openalex.org/W3043415715","article"
"Does corporate social responsibility reduce financial distress risk?","Sabri Boubaker; Alexis Cellier; Riadh Manita; Asif Saeed","2020","Economic Modelling","484","True","https://www.sciencedirect.com/science/article/am/pii/S0264999319300367?via%3Dihub","https://doi.org/10.1016/j.econmod.2020.05.012","","tariff ""cash holdings"" firm 2018","https://openalex.org/W3027113516","article"
"A New Era of Pollution Progress in Urban China?","Siqi Zheng; Matthew E. Kahn","2017","The Journal of Economic Perspectives","204","True","https://www.aeaweb.org/articles/pdf/doi/10.1257/jep.31.1.71","https://doi.org/10.1257/jep.31.1.71","Over the last 30 years, China's economy has boomed. This trend has lifted hundreds of millions of Chinese out of poverty but it has also sharply increased local, regional, and global pollution levels. We look at the rise in air pollution over recent decades, and the perhaps surprising finding that in many of China's urban areas, levels of particulates (of less than 10 microns) have been decreasing during the last 10 to 15 years. We then turn to the costs and tradeoffs of air pollution, including costs to human health, reductions in worker productivity, and how people are seeking to reduce their exposure to pollution as shown by compensating differentials in real estate prices and purchases of masks and air filters. We discuss how rising incomes tend to raise the demand for environmental amenities and thus increase political pressure for environmental protection, and then we turn to the policy tools that China has used to reduce pollution. We conclude by arguing that as China's government is preparing for an additional 300 million people to move to urban areas over the next 30 years, it will have a number of opportunities for China to reduce pollution through a shift from manufacturing to services, along with various steps to improve energy efficiency and resource conservation. Overall, it seems that China is on track to improve its environmental performance in the years ahead.","tariff ""cash holdings"" firm 2018","https://openalex.org/W2580719731","article"
"Information flows among rivals and corporate investment","Darren Bernard; Terrence Blackburne; Jacob R. Thornock","2019","Journal of Financial Economics","177","True","https://lbsresearch.london.edu/id/eprint/1197/1/InformationFlows_FullManu_08.04.2019.pdf","https://doi.org/10.1016/j.jfineco.2019.11.008","","tariff ""cash holdings"" firm 2018","https://openalex.org/W2990897023","article"
"Product Market Competition and Voluntary Corporate Social Responsibility Disclosures†","Ji Woo Ryou; Albert Tsang; Kun Tracy Wang","2021","Contemporary Accounting Research","170","True","https://onlinelibrary.wiley.com/doi/pdfdirect/10.1111/1911-3846.12748","https://doi.org/10.1111/1911-3846.12748","ABSTRACT This study examines whether and how firms' voluntary forward‐looking nonfinancial disclosure, specifically their corporate social responsibility (CSR) disclosure, is associated with the intensity of product market competition (PMC). Despite the importance of the proprietary cost argument in explaining corporate disclosure incentives, there is little empirical evidence of the relationship between firms' proprietary cost concerns and their voluntary nonfinancial disclosure decisions. Using a reduction in industry‐level import tariffs as an exogenous shock to competition intensity, we find that the likelihood, frequency, and length of stand‐alone CSR reports decrease in response to heightened PMC. We also find that higher PMC intensity is associated with a reduced likelihood of CSR disclosure with external assurance, CSR disclosure in accordance with the Global Reporting Initiative guidelines, and CSR disclosure integrated with financial statements. Our results are robust to multiple alternative measures of PMC—namely, the level of nonprice competition, product similarity, and managers' perceptions of competition. Further analysis suggests that firms facing intense competition tend to commit more resources to advertising activities after reducing their CSR disclosure, presumably to mitigate the effect of this reduction. Overall, our findings suggest that proprietary cost concerns reduce firms' incentive to report their competition‐sensitive CSR activities.","tariff ""cash holdings"" firm 2018","https://openalex.org/W3217390284","article"
"Legal Systems, National Governance and Renewable Energy Investment: Evidence from Around the World","Jia Liu; Dayong Zhang; Jing Cai; John Davenport","2019","British Journal of Management","127","True","https://onlinelibrary.wiley.com/doi/pdfdirect/10.1111/1467-8551.12377","https://doi.org/10.1111/1467-8551.12377","Abstract This paper examines renewable energy (RE) investment and the role of a country's legal system in shaping investment decisions. Analysing data from 236 renewable energy companies between 2000 and 2017 across the world, our study establishes that those in a common law system are more responsive to growth opportunities in RE investment, while facing greater financial constraints than their counterparts in civil law systems. Our study demonstrates that the global imbalance in RE development is caused by the influence of a country's legal system, which determines the regulatory and business ethos that impacts on the trajectory of investment, and by the varying degrees of accountability implicit in a country's governance environment. Our research raises the implication that the opportunity costs of forgone economic gains are in direct conflict with long‐term environmental goals, retarding the transition from carbon‐based to sustainable sources of energy, and provides insights into how development can be stimulated by fiscal incentives, favourable regulations, societal engagement, improved access to finance and the alignment of national strategies. Our findings contribute to the economic literature of legal origin theory and establish fundamental principles for refining global RE development strategy and confronting the challenge of climate change.","tariff ""cash holdings"" firm 2018","https://openalex.org/W2948142859","article"
"Does customer-base structure influence managerial risk-taking incentives?","Jie Chen; Xunhua Su; Xuan Tian; Bin Xu","2021","Journal of Financial Economics","98","True","https://centaur.reading.ac.uk/122715/1/JFE_SSRN.pdf","https://doi.org/10.1016/j.jfineco.2021.07.015","","tariff ""cash holdings"" firm 2018","https://openalex.org/W3183831255","article"
"Competitive pressure and firm investment efficiency: Evidence from corporate employment decisions","Sabri Boubaker; Viet Anh Dang; Syrine Sassi","2021","European Financial Management","95","True","https://onlinelibrary.wiley.com/doi/pdfdirect/10.1111/eufm.12335","https://doi.org/10.1111/eufm.12335","Abstract This study examines the link between product market competition and labour investment efficiency. We find that competitive pressure distorts the efficiency of corporate employment decisions by creating an underinvestment problem. This finding withstands a battery of robustness checks and remains unchanged after accounting for endogeneity concerns. Additional analysis shows that the relationship between product market competition and labour investment efficiency is stronger for firms facing higher competitive threats, greater financial constraints, higher information asymmetry and higher labour adjustment costs. Our results suggest that as competition increases bankruptcy risk, it leads managers to underinvest in labour to avoid incurring labour‐related costs.","tariff ""cash holdings"" firm 2018","https://openalex.org/W3152850303","article"
"The effect of corporate sustainability performance on leverage adjustments","Ly Ho; Min Bai; Yue Lu; Yafeng Qin","2021","The British Accounting Review","91","True","https://mro.massey.ac.nz/bitstreams/6b5d5764-93fe-49bd-bb8c-c3f918936540/download","https://doi.org/10.1016/j.bar.2021.100989","","tariff ""cash holdings"" firm 2018","https://openalex.org/W3128312230","article"
"The role of political ties and political uncertainty in corporate innovation","Nieves Lidia Díaz Díaz; Félix J. López‐Iturriaga; Domingo Javier Santana Martín","2021","Long Range Planning","70","True","https://doi.org/10.1016/j.lrp.2021.102111","https://doi.org/10.1016/j.lrp.2021.102111","We examine the relationship between firms' political connections and corporate innovation in a European context. We also consider the moderating effect of political connections on the relationship between political uncertainty and firms' innovation. We use two different metrics of innovation: R&D (an input measure), and patent counts (an output measure). We find that firms with former politicians on their board of directors invest less in R&D than their counterpart firms. However, the presence of this type of director on the board is positively associated with the number of a firm's patent applications. It seems that, although political ties reduce the amount of resources devoted to R&D activities, they increase the effectiveness of intellectual rights protection. Results also show that political uncertainty decreases R&D investment but exacerbates the need for legal protection of innovation through patents. According to our results, political connections attenuate the effect of political uncertainty on firm innovation such that the negative (positive) effect of uncertainty on R&D intensity (patents) weakens when the firm is politically connected.","tariff ""cash holdings"" firm 2018","https://openalex.org/W3161074877","article"
"A bird in the hand is worth two in the bush: Technology search strategies and competition due to import penetration","Raffaele Morandi Stagni; Andréa Fosfuri; Juan Santaló","2021","Strategic Management Journal","61","True","https://e-archivo.uc3m.es/bitstreams/559a511c-525d-4fd6-ac85-ea9d17a23165/download","https://doi.org/10.1002/smj.3277","Abstract Research Summary Do firms respond to tougher competition by searching for completely new technological solutions (exploration), or do they work to defend their position by improving current technologies (exploitation)? Considering the different times to fruition for exploration versus exploitation, in the presence of heightened competition, we argue that firms might not be able to wait for the benefits of technological exploration to materialize. With a panel data set of U.S. manufacturing firms, we show that tougher competition, due to import penetration, leads to a decrease in technological exploration and an increase in technological exploitation. These effects are heterogeneous across industries, firms, and time. To obtain exogenous variation in competition we rely on both instrumental variable regressions and a difference‐in‐differences design exploiting large changes in import tariffs. Managerial Summary A firm's R&amp;D strategy is one of the fundamental determinants of success or failure when responding to competitive threats. In this study, we examine how firms change the knowledge sources used in their R&amp;D efforts in response to substantial increases in import penetration in their domestic market. We find that in the years that immediately follow an increase in import penetration, firms tend to rely more on familiar knowledge in the development of innovations and less on knowledge sources that were not previously used. This switch in R&amp;D strategy also appears to be temporary (reversed in later years), and it is positively associated with an increased likelihood of survival.","tariff ""cash holdings"" firm 2018","https://openalex.org/W3134912564","article"
"Managerial overconfidence: promoter of or obstacle to organizational resilience?","Jennifer Kunz; Lara Sonnenholzner","2022","Review of Managerial Science","57","True","https://link.springer.com/content/pdf/10.1007/s11846-022-00530-y.pdf","https://doi.org/10.1007/s11846-022-00530-y","Abstract Organizational resilience provides firms with the capability to face adverse circumstances successfully. Therefore, it constitutes an indispensable capability for each company. As indicated by Upper Echelon Theory, particularly executives and their personal traits exert a major impact on organizational capabilities, decision-making as well as action taking. Thus, they also should play an important role in promoting organizational resilience. However, so far literature lacks a comprehensive understanding regarding these relations. Accordingly, the present paper strives to add to such a comprehensive understanding with a particular focus on managerial overconfidence, one of the most widely and controversially discussed personality trait of executives. To pursue this goal, we develop a model comprising the relevant components of organizational resilience in terms of important resources, conduct a systematic literature review to identify the major corporate areas that are affected by managerial overconfidence and draw conclusions for the identified findings on the relation between organizational resilience and overconfidence. The analysis indicates a positive impact on social resources, a rather negative impact on procedural resources and a mixed impact on financial resources, where e.g. the effect on takeover activities is negative while the impact on financing preferences is at least partly positive. Moreover, the identified literature in large parts provides evidence regarding material resources, while social and procedural resources are covered to a lesser extent, indicating a need for further research.","tariff ""cash holdings"" firm 2018","https://openalex.org/W4214902471","article"
"Financial inclusion and green economic performance for energy efficiency finance","Zhen Liu; Trong Lam Vu; Thi Thu Hien Phan; Thanh Quang Ngo; Nguyen Ho Viet Anh; Ahmad Romadhoni Surya Putra","2022","Economic Change and Restructuring","53","True","https://link.springer.com/content/pdf/10.1007/s10644-022-09393-5.pdf","https://doi.org/10.1007/s10644-022-09393-5","","tariff ""cash holdings"" firm 2018","https://openalex.org/W4220994109","article"
"Financing Energy Innovation: Internal Finance and the Direction of Technical Change","Joëlle Noailly; Roger Smeets","2021","Environmental and Resource Economics","48","True","https://link.springer.com/content/pdf/10.1007/s10640-021-00602-9.pdf","https://doi.org/10.1007/s10640-021-00602-9","Abstract Achieving the goals of the Paris Agreement and of climate neutrality by 2050 in the European Union will require mobilizing financial investments towards clean energy innovation. This study examines the role of internal finance (cash flows and cash holdings) and financing constraints for innovation in energy technologies. We construct a dataset for 1,300 European firms combining balance-sheet information and patenting activities in renewable (REN) and fossil-fuel (FF) technologies and estimate the sensitivity of patenting activities to firms’ internal finance. We use count estimation techniques and control for a large set of firm-specific characteristics and market developments in REN and FF technologies. We find that patenting activities of firms specialized in REN innovation are significantly more sensitive to a shock in cash flows than firms specializing in FF innovation. Hence, our results emphasize that innovative firms in clean energy may be particularly vulnerable to financing constraints. We discuss the implications of these results for energy transition policies aiming to redirect finance towards clean energy R&amp;D.","tariff ""cash holdings"" firm 2018","https://openalex.org/W3199228360","article"
"Environmental sustainability practices and offshoring activities of multinational corporations across emerging and developed markets","Theophilus Lartey; Joseph Amankwah‐Amoah; Albert Danso; Samuel Adomako; Zaheer Khan; Shlomo Y. Tarba","2020","International Business Review","47","True","http://hdl.handle.net/10454/18281","https://doi.org/10.1016/j.ibusrev.2020.101789","","tariff ""cash holdings"" firm 2018","https://openalex.org/W3110673698","article"
"Maintaining stability while boosting growth? The long-term impact of environmental accreditations on firms' financial risk and sales growth","Yuxiao Ye; Andy C.L. Yeung; Baofeng Huo","2020","International Journal of Operations & Production Management","46","True","https://pure.ulster.ac.uk/ws/files/79875614/IJOPM_Environmental.pdf","https://doi.org/10.1108/ijopm-05-2019-0407","Purpose In this research, we examine the impact of ISO 14001, an international environmental management accreditation, on the long-term financial risk and sales growth of firms. Design/methodology/approach We employ a quasi-experimental design and construct 682 treated and control firms that are matched using propensity score matching. We then test our hypotheses using the difference in difference model. Findings We find that, although ISO 14001 leads to lower financial risk, standard management systems such as ISO 14001 actually hinder the sales growth of firms, an unanticipated outcome. In particular, this trade-off worsens over time, becoming particularly more severe among firms that adopt ISO 14001 early and operate in less-polluting industries. Research limitations/implications We present a hidden side of environmental accreditations, indicating a potential trade-off in the long-term efficacy of environmental standard management systems. Practical implications Firms must be cautious about adopting environmental management systems. Over time, a focus on environmental certification could potentially hinder firms' long-term growth. Firms should also be aware of certification timing and levels of industry pollution to resolve the tension in the trade-off. Originality/value This research is one of the first studies demonstrating that environmental accreditations result in a trade-off between reducing financial risk and improving sales growth.","tariff ""cash holdings"" firm 2018","https://openalex.org/W3036862204","article"
"The impact of oil and global markets on Saudi stock market predictability: A machine learning approach","Hussein A. Abdou; Ahmed A. Elamer; Mohammad Zoynul Abedin; Bassam A. Ibrahim","2024","Energy Economics","35","True","https://doi.org/10.1016/j.eneco.2024.107416","https://doi.org/10.1016/j.eneco.2024.107416","This study investigates the predictability power of oil prices and six international stock markets namely, China, France, UK, Germany, Japan, and the USA, on the Saudi stock market using five Machine Learning (ML) techniques and the Generalized Method of Moments (GMM). Our analysis reveals that prior to the 2006 collapse, oil exerted the least influence on the Saudi market, while the UK and Japan were the most influential stock markets. However, after the collapse, oil became the most influential factor, highlighting the strong dependence of Saudi Arabia's economic structure on oil production. This finding is particularly noteworthy given Saudi Arabia's efforts to reduce its reliance on oil through Vision 2030. We further demonstrate that China's influence on the Saudi market increased significantly after the 2006 collapse, surpassing that of the UK. This is attributable to the substantial trade between China, Japan, and Saudi Arabia, as well as the rise in Saudi foreign direct investment in China, and the decline in such investment in the UK post-collapse. Our results carry important implications for stock market investors and policymakers alike. We suggest that policymakers in Saudi Arabia should continue to diversify their economy away from oil and strengthen economic ties with emerging markets, particularly China, to reduce their vulnerability to oil price fluctuations and ensure sustainable economic growth.","tariff ""cash holdings"" firm 2018","https://openalex.org/W4391953017","article"
"The Impact of the ECB's Targeted Long-Term Refinancing Operations on Banks’ Lending Policies: The Role of Competition","Desislava Andreeva; Miguel García-Posada","2020","SSRN Electronic Journal","34","True","https://doi.org/10.2139/ssrn.3519195","https://doi.org/10.2139/ssrn.3519195","","tariff ""cash holdings"" firm 2018","https://openalex.org/W2913856208","article"
"The Double Materiality of Climate Physical and Transition Risks in the Euro Area","Régis Gourdel; Irene Monasterolo; Nepomuk Dunz; Andrea Mazzocchetti; Laura Parisi","2022","SSRN Electronic Journal","32","True","https://papers.ssrn.com/sol3/Delivery.cfm?abstractid=4115997","https://doi.org/10.2139/ssrn.4115997","","tariff ""cash holdings"" firm 2018","https://openalex.org/W4285300632","article"
"Geopolitical risk and corporate cash Holdings in China: Precautionary motive and agency problem perspectives","Xueting Wang; Man Wang; Haoran Wu","2024","International Review of Financial Analysis","31","True","https://purehost.bath.ac.uk/ws/files/321350983/Manuscript.pdf","https://doi.org/10.1016/j.irfa.2024.103235","","tariff ""cash holdings"" firm 2018","https://openalex.org/W4392975919","article"
"Navigating through geopolitical risk: the role of supply chain concentration","Minghao Zhu; Shucheng Miao; Hugo K.S. Lam; Chen Liang; Andy C.L. Yeung","2024","International Journal of Operations & Production Management","30","True","http://ira.lib.polyu.edu.hk/bitstream/10397/110538/1/Zhu_Navigating_Through_Geopolitical.pdf","https://doi.org/10.1108/ijopm-03-2024-0248","Purpose This study aims to investigate the impact of geopolitical risk (GPR) on supply chain concentration (SCC) and the roles of operational capabilities and resources in this relationship. Design/methodology/approach Secondary longitudinal data from multiple sources is collected and combined to test for a direct impact of GPR on SCC. We further examine the moderating effects of firms’ operational capabilities and resources (i.e. firm resilience, operational slack and cash holding). Fixed-effect regression models are applied to test the hypotheses, followed by a series of robustness tests to check the consistency of the results. Findings Consistent with the tenets of resource dependence theory, our analysis reveals a significant negative impact of GPR on SCC. Moreover, we find that this adverse effect is attenuated for firms with higher levels of resilience, more operational slack and greater cash holdings. Further analysis suggests that maintaining a diversified supply chain base during heightened GPR is associated with a firm’s improved financial performance. Originality/value This study contributes to the supply chain management (SCM) literature by integrating GPR into the supply chain risk management framework. Additionally, it demonstrates the roles of diversification and operational resources in addressing GPR-induced challenges.","tariff ""cash holdings"" firm 2018","https://openalex.org/W4404366001","article"
"Does Trade Openness Affect Bank Risk-Taking Behavior? Evidence from BRICS Countries","Mohammed Mizanur Rahman; Munni Begum; Badar Nadeem Ashraf; Md. Abdul Kaium Masud","2020","Economies","30","True","https://www.mdpi.com/2227-7099/8/3/75/pdf?version=1600086697","https://doi.org/10.3390/economies8030075","In this paper, we examine the impact of trade openness on bank risk-taking behavior employing a panel dataset of 899 banks from the BRICS (i.e., Brazil, Russia, India, China, and South Africa) countries over the period 2000–2017. We find that higher trade openness lowers bank risk-taking. Our results are robust when we use alternative proxies of trade openness and bank risk-taking, estimate country-wise regressions, or use alternative estimation methods such as system Generalized Methods of Moments (GMM), fixed effects, pooled Ordinary Least Square (OLS), and Vector Error Correction Model (VECM) models. We also observe higher trade openness decreases bank risk-taking in both the short and long run. Moreover, banks in more open countries perform relatively better during the crisis period further signifying the diversification benefits of openness. Together, our findings imply the beneficial impact of trade openness for financial sector stability.","tariff ""cash holdings"" firm 2018","https://openalex.org/W3086298173","article"
"Does institutional quality matter for renewable energy promotion in <scp>OECD</scp> economies?","Shuddhasattwa Rafiq; Sudharshan Reddy Paramati; Md Samsul Alam; Khalid Hafeez; Muhammad Shafiullah","2024","International Journal of Finance & Economics","27","True","https://onlinelibrary.wiley.com/doi/pdfdirect/10.1002/ijfe.2926","https://doi.org/10.1002/ijfe.2926","Abstract This study examines the effect of institutional quality on renewable energy promotion in OECD economies. The study employs annual data from 1980 to 2014 on 18 OECD economies. The robust panel unit root tests show that all the considered variables have a similar order of integration, indicating that they are nonstationary at their levels but stationary at the first‐order differences. The panel cointegration test with structural breaks and cross‐section dependence confirms a long‐run equilibrium association between institutional quality, renewable energy consumption and control variables. The analysis of long‐run estimations displays that better institutional quality makes a unique and substantial contribution to promoting renewable energy consumption. Overall, the study findings offer important policy implications highlighting the importance of institutional quality for the growth of renewable energy and a sustainable world.","tariff ""cash holdings"" firm 2018","https://openalex.org/W4390696161","article"
"A large central bank balance sheet? Floor vs corridor systems in a New Keynesian environment","Óscar Arce; Galo Nuño; Dominik Thaler; Carlos Thomas","2019","Journal of Monetary Economics","27","True","https://repositorio.bde.es/bitstream/123456789/8850/1/dt1851e.pdf","https://doi.org/10.1016/j.jmoneco.2019.05.001","","tariff ""cash holdings"" firm 2018","https://openalex.org/W2912631411","article"
"Green gold or carbon beast? Assessing the environmental implications of cryptocurrency trading on clean water management and carbon emission SDGs","Fairouz Mustafa; Chima Mordi; Ahmed A. Elamer","2024","Journal of Environmental Management","26","True","https://doi.org/10.1016/j.jenvman.2024.122059","https://doi.org/10.1016/j.jenvman.2024.122059","This study addresses the ongoing debate concerning the environmental implications of cryptocurrencies. Specifically, it investigates the impact of Bitcoin trading volume on water and sanitation (Sustainable Development Goal (SDG) 6) and climate action (SDG 13). The research employs Ordinary Least Squares (OLS) panel data analysis to examine these relationships using a sample of 32 countries with available Bitcoin trading volume data from 2013 to 2020. The findings indicate that Bitcoin trading significantly and positively impacts progress towards SDG 6, suggesting potential benefits for water and sanitation initiatives. However, the study reveals a significant negative impact of higher Bitcoin trading volume on increased carbon emissions, underscoring the environmental costs associated with cryptocurrency activities. Similar impacts are observed for gold reserves, as their mining necessitates substantial energy consumption. These results highlight the need to regulate cryptocurrency trading and promote voluntary sustainable practices, particularly given the disparities between developed and emerging markets based on their governance frameworks. Additionally, the study considers the disparities between countries based on technology exports and economic policy uncertainty as influential determinants. The study's results emphasize the importance of proactive measures to ensure the responsible and sustainable use of cryptocurrencies. While cryptocurrencies offer significant economic returns, their early adoption stage necessitates further investigation into environmentally friendly approaches. Potential strategies include directing financial returns from cryptocurrencies towards alternative energy projects and supporting other environmental SDGs, thereby fostering a positive impact on the overall ecosystem. The study's implications extend to policymakers, regulators, and stakeholders, advocating for comprehensive and collaborative efforts to integrate sustainability into the rapidly evolving cryptocurrency market. This integration is crucial to ensure that the economic benefits of cryptocurrencies do not come at the cost of our environment.","tariff ""cash holdings"" firm 2018","https://openalex.org/W4401283502","article"
"Group subsidiaries, tax minimization and offshore financial centres: Mapping organizational structures to establish the ‘in-betweener’ advantage","Richard Phillips; Hannah Petersen; Ronen Palan","2020","Journal of International Business Policy","26","True","https://link.springer.com/content/pdf/10.1057/s42214-020-00069-3.pdf","https://doi.org/10.1057/s42214-020-00069-3","Abstract International business and public policy research have examined the techniques that multinational enterprises (MNEs) use to shift revenues to subsidiaries in offshore financial centres (OFCs) in order to minimize tax liability and arbitrage for their advantage. While study of such tax arbitrage strategies has looked to geographical locations and legal dimensions to better understand these strategies, it has ignored the structural and organizational relationship between MNEs and their subsidiaries. We define two distinct types of OFC-based corporate entities based on their location among and apparent control over other MNE affiliates: ‘stand-alone’ OFCs at the end of a chain of MNE subsidiaries; and ‘in-betweener’ OFCs with equity control over further entities and hence apparent flexibility to redirect profits to other MNE subsidiaries further down the chain. We hypothesize that when MNEs have in-betweener OFCs controlling a substantial share of overall MNE profits, this indicates greater MNE interest in aggressive tax planning (ATP). We then evaluate empirical support for our claims based on an ‘equity mapping’ approach identifying stand-alone and in-betweener OFCs in 100 of the largest MNEs operating globally. This study demonstrates that a key factor determining tax arbitrage is not the amount of value registered on OFC subsidiaries’ balance sheets, but rather the portion of the group’s operating revenues and net income controlled by OFC subsidiaries. National taxing authorities could benefit from tracking in-betweener OFC locations and behaviour to counter ATP strategies, decrease sovereign arbitrage, and increase MNE tax revenue.","tariff ""cash holdings"" firm 2018","https://openalex.org/W3092162110","article"
"21st-century capitalism: structural challenges for universal health care","Susan K. Sell","2019","Globalization and Health","26","True","https://globalizationandhealth.biomedcentral.com/track/pdf/10.1186/s12992-019-0517-3","https://doi.org/10.1186/s12992-019-0517-3","The structural perspective outlined here sheds light on some of the fundamental challenges involved in achieving Universal Health Care (UHC) in this twenty-first-century era of trade and financialized capitalism. This commentary explores connections between the structure of twenty-first-century capitalism and challenges to achieving UHC, discussing three features of today's capitalism: financialized capitalism; trade, intangibles and global value chains; and inequality (as exacerbated by the first two features). The final section discusses the various opportunities for reform to facilitate UHC-from tinkering with the status quo, to deeper regulatory reform and fundamental structural change.","tariff ""cash holdings"" firm 2018","https://openalex.org/W2990216969","article"
"Corporations’ ESG for Sustainable Investment in China: The Moderating Role of Regional Marketization","Nicole Kong; Yu Bao; Yiyuan Sun; Yawen Wang","2023","Sustainability","25","True","https://www.mdpi.com/2071-1050/15/4/2905/pdf?version=1675674456","https://doi.org/10.3390/su15042905","This paper aims to investigate corporations’ ESG for sustainable investment in China, with the moderating role of regional marketization. ESG is a form of business value for enterprises, including the three pillars of environmental, social, and governance, aimed at promoting the sustainable development of the economy and society. ESG is vital for corporations’ sustainable investment, but such influence is always limited by the level of regional marketization, which has been rarely studied by the previous literature. In this study, we use data from Chinese A-share listed companies from 2009 to 2021 to conduct an empirical analysis to examine whether ESG performance can improve firm investment and if the degree of regional marketization plays a moderating role. Furthermore, we identify the underlying mechanism of ESG performance influencing corporate investment. It has been discovered that ESG performance improves firm investment, and the impact of ESG performance on investment level enhancement is stronger in places with a higher level of marketization. The further tests still support our results. This study provides a reference to develop ESG and regional marketization to push corporations’ sustainable development.","tariff ""cash holdings"" firm 2018","https://openalex.org/W4319316859","article"
"Finance Leases: In the Shadow of Banks","Jeffery Chang; Ting Yang; Yan‐Ping Shi","2021","European Finance Review","24","True","https://academic.oup.com/rof/advance-article-pdf/doi/10.1093/rof/rfab037/42243119/rfab037.pdf","https://doi.org/10.1093/rof/rfab037","Abstract By analyzing a hand-collected transaction-level dataset on the finance leases of China’s public firms for the period 2007–19, this article sheds light on China’s leasing market, the second largest in the world. We find that banks use their affiliated leasing firms to provide credit to clients in order to circumvent the government’s targeted credit tightening policy. In contrast to conventional view of regulatory arbitrage, our evidence shows that, rather than hiding risk and gambling for profit, banks-affiliated leasing firms have prudent risk control and efficient pricing. These bank-affiliated institutions are used by banks to play strategic role in relationship banking. Moreover, the ownership of the lessor also matters for the financing choice of the lessee.","tariff ""cash holdings"" firm 2018","https://openalex.org/W4206709640","article"
"Board cultural diversity and firm performance under competitive pressures","Olga Dodd; Bart Frijns; Robin Kaiji Gong; Shushu Liao","2023","Financial Review","24","True","https://onlinelibrary.wiley.com/doi/pdfdirect/10.1111/fire.12365","https://doi.org/10.1111/fire.12365","Abstract We examine the impact of board cultural diversity, based on directors' ancestry, on firm performance conditional on product market competition. We argue that culturally diverse boards foster critical thinking and offer creative solutions that help firms thrive in competitive environments. We document that culturally diverse boards are associated with superior performance for firms operating in highly competitive industries. To address potential endogeneity issues, we use a quasi‐natural experiment of the U.S. import tariff cuts. The positive impact of board cultural diversity on firm performance in competitive markets manifests itself in firms that innovate more, require creative inputs, and face heightened predation risk due to their high interdependence with industry rivals, in line with culturally diverse boards effectively performing their advisory role. Lastly, we find no evidence that board cultural diversity is associated with enhanced monitoring as its benefits fade in the presence of powerful CEOs.","tariff ""cash holdings"" firm 2018","https://openalex.org/W4386169217","article"
"Interplay between Competing and Coexisting Policy Regimens within Supply Chain Configurations","Jagjit Singh Srai; Nitin Joglekar; Naoum Tsolakis; Sandeep Kapur","2021","Production and Operations Management","23","True","https://onlinelibrary.wiley.com/doi/pdfdirect/10.1111/poms.13553","https://doi.org/10.1111/poms.13553","Competing and coexisting policies (CACPs) may arise from the incompatibility of incentives, standards, and regulatory models between a local state and a federal government, or between two government jurisdictions across which supply networks operate. Traditional studies of supply chain dynamics typically explore the impact of policy regimens as standalone instruments. This study explores how the interplay between CACP regimens can affect the supply dynamics between producers, customers, and their intermediaries. We use a supply network configuration lens to assess implications for supply chain actors and system-level outcomes. Our work is motivated by the federal-state dissonance in the current dispute between India's farmers and the federal government regarding new laws that impact agricultural supply chains in India. In this case, alternative and coexisting policy interventions, ostensibly aimed at modernizing and transforming production and distribution, can lead to significant supply chain netting and inventory pooling reconfigurations in terms of material, information, and financial flows among Indian agricultural stakeholders, along with inventory repositioning and market creation options. In addition, of significance is the consequent shift in the balance between state/nation and federal/supranational equity and bargaining power, an increasingly relevant context where supply chains operate across a common but multi-jurisdictional territory, and implications for system-level outcomes, in this particular case equity, welfare economics, and food security. We conclude by pointing to the implications of CACP regimens, and their interplay, for the broader field of operations management and supply chain research.","tariff ""cash holdings"" firm 2018","https://openalex.org/W3197978440","article"
"Does corruption sand the wheels of sustainable development? Evidence through green innovation","Muhammad Ansar Majeed; Tanveer Ahsan; Ammar Ali Gull","2024","Business Strategy and the Environment","22","True","https://onlinelibrary.wiley.com/doi/pdfdirect/10.1002/bse.3719","https://doi.org/10.1002/bse.3719","Abstract This study investigates the impact of corruption on green innovation, as corruption may impede or foster green innovation in developing economies due to their weak governance systems. We develop a dataset of Chinese non‐financial firms listed between 2007 and 2020 and apply static and dynamic regression techniques. The results indicate a highly significant negative association between corruption and green innovation. This supports the notion that corruption culture reduces corporate legitimacy concerns ( institutional theory ), increases managerial rent‐seeking ( agency theory ), and hinders green innovation, thus impeding sustainable development and supporting the “ sand the wheels ” hypothesis. Our analysis also reveals that corruption's negative impact on green innovation is particularly significant for firms with lower media and analyst coverage, non‐state‐owned firms, and firms in heavy‐polluting industries. These results are robust to alternate proxies of green innovation and corruption as well as econometric specifications that account for endogeneity issues and industry, region, and time‐fixed effects.","tariff ""cash holdings"" firm 2018","https://openalex.org/W4392774996","article"
"The Impact of Economic Policy Uncertainty on Industrial Output: The Regulatory Role of Technological Progress","Songping Zhu; Gaofeng Yu","2022","Sustainability","22","True","https://www.mdpi.com/2071-1050/14/16/10428/pdf?version=1661243628","https://doi.org/10.3390/su141610428","Since the 2008 financial crisis, EPU has become an important issue for the stable and healthy development of the economy and society. The existing research has not analyzed the nonlinear impact of economic policy uncertainty (EPU) on output at the industrial level, and it has also ignored the regulatory role of technological progress in the impact of EPU on economic growth. Based on panel data of China’s industry from 2005 to 2017, this paper makes an empirical analysis on the nonlinear impact of EPU on industry output. The results show that: (1) Different from the existing research, this paper finds that EPU has a significant inverted “U”-type nonlinear effect on industrial output, and when the EPU index is close to 221, this is best for output growth. This paper firstly finds that technological progress has a positive regulatory effect in the impact of EPU on industrial output. Technological progress can promote industrial output when EPU is low, and it can reduce the adverse impact of economic policy fluctuations when the EPU index is high. (2) The regulatory effect of technological progress only exists in the industries dominated by state-owned enterprises, and the impact of EPU on the output of non-state-owned enterprises’ leading industries is greater than that of state-owned enterprises. (3) The impact of EPU on the output of cyclical industries shows a significant inverted “U” shape, but there is no regulatory effect of technological progress. Its impact on the output of noncyclical industries is not significant, but it will work together with technological progress. (4) The influence of EPU on the output of the tertiary industry is characterized by an inverted “U” shape, in which technological progress can play a positive regulatory role. However, its impact on the output of primary and secondary industries is not significant.","tariff ""cash holdings"" firm 2018","https://openalex.org/W4293252896","article"
"Determinants of financial inclusion in sub-Saharan Africa and OECD countries","Samuel Fiifi Eshun; Evžen Kočenda","2024","Borsa Istanbul Review","21","True","https://doi.org/10.1016/j.bir.2024.11.004","https://doi.org/10.1016/j.bir.2024.11.004","Using a dynamic panel data analysis, we explore the factors that influence financial inclusion in sub-Saharan Africa (SSA) and other regions, using member countries of the Organization for Economic Cooperation and Development (OECD) as a benchmark. We employ a system generalized methods of moments estimator and assess 31 SSA and 38 OECD countries from 2000 to 2021. We show that the literacy rate, trade openness, political stability, bank efficiency, income, and remittances are key factors with various impacts across regions. We further show that various dimensions of a financial system (access, usage, and quality) are impacted by different indicators and to varying extent. We account for events during the period, such as the global financial crisis and COVID-19 outbreak. We highlight the importance of quality literacy policies and a more efficient financial system in promoting financial inclusion. We recommend improving trade regulatory frameworks that promote trade openness through stronger institutions.","tariff ""cash holdings"" firm 2018","https://openalex.org/W4404446715","article"
"The China syndrome affects banks : the credit supply channel of foreign import competition","Sergio Mayordomo; Omar Rachedi","2019","LA Referencia (Red Federada de Repositorios Institucionales de Publicaciones Científicas)","18","True","https://repositorio.bde.es/bitstream/123456789/8861/1/dt1908e.pdf","","Este artículo estudia el efecto del aumento en la competencia de las importaciones chinas a principios de la década de los 2000 en las políticas de oferta de crédito de los bancos españoles. El uso de información a nivel banco-empresa del universo de préstamos concedidos a empresas no financieras españolas nos permite explotar la heterogeneidad existente entre los bancos, en términos de la exposición de sus carteras de préstamos a empresas que compiten con las importaciones chinas. Los bancos más expuestos a este último grupo de empresas equilibraron sus carteras reduciendo la oferta de crédito a las empresas afectadas por la competencia china y, a su vez, aumentando el crédito a los sectores no afectados. Esta reasignación del crédito deprimió, aún más, la actividad económica de las empresas que competían con las importaciones chinas","tariff ""cash holdings"" firm 2018","https://openalex.org/W3122910018","article"
"The Transmission Mechanisms and Impacts of Oil Price Fluctuations: Evidence from DSGE Model","Bei Zhang; Xiaoqing Ai; Xingming Fang; Shi Chen","2022","Energies","18","True","https://www.mdpi.com/1996-1073/15/16/6038/pdf?version=1660983862","https://doi.org/10.3390/en15166038","This paper constructs an open economy dynamic stochastic general equilibrium (DSGE) model with oil to investigate the transmission mechanism and impact effects of oil price fluctuations driven by different factors on China’s macroeconomy using quarterly data from 1996 to 2019. The results show that the international crude oil supply-driven oil price decline promotes positive output growth in the short run through the positive cost effect of the supply channel, and the production regulation cost will dampen the incentive to invest in the new energy sector in the long run. Domestic economic development demand-driven oil price increases act on the demand channel, driving output and oil prices to fluctuate in the same direction, generating a negative real balance effect on the economy through the interest rate channel. The oil-specific demand driven by foreign nominal interest rate shocks is transmitted through the exchange rate channel, triggering imported inflation, lower aggregate demand, and lower output. Different sources of oil price fluctuations have different transmission mechanisms and thus differential effects. For this reason, based on the root causes of oil price fluctuations, policy recommendations to deal with international oil price fluctuations in the new situation are proposed at the supply level, demand level, and international level.","tariff ""cash holdings"" firm 2018","https://openalex.org/W4300484387","article"
"Excess corporate payouts and financial distress risk","Dimitris Andriosopoulos; Amedeo De Cesari; Konstantinos Stathopoulos","2020","European Financial Management","18","True","https://research.manchester.ac.uk/en/publications/e4e42f99-fd7c-48d4-b5e5-5259feabd173","https://doi.org/10.1111/eufm.12291","Abstract Firms that follow excessive payout policies (over‐payers) are higher on the financial distress spectrum and have lower survival rates than under‐payers. In addition, over‐payers endure lower future sales and asset growth than under‐payers and experience negative abnormal returns in the bond and stock markets. Exogenous import tariff reductions and commodity price jumps reduce the likelihood of overpayment. We interpret this as evidence consistent with financial flexibility considerations, rather than risk‐shifting, explaining the decision to overpay. We also find that CEO overconfidence and catering incentives affect overpayment.","tariff ""cash holdings"" firm 2018","https://openalex.org/W3121227727","article"
"Impact of geopolitical risk on target debt ratio","Keshab Shrestha; Sheena Sara Suresh Philip; Karren Lee‐Hwei Khaw","2023","Finance research letters","17","True","https://doi.org/10.1016/j.frl.2023.104964","https://doi.org/10.1016/j.frl.2023.104964","Geopolitical risks (GPR) expose firms to uncertainties that can affect business operations, corporate decisions, and outcomes. We hypothesize that higher GPR is associated with a lower firm's target debt ratio (TDR) because a higher GPR increases the probability of default. Consistent with our hypothesis, we find a significant negative association between GPR and TDR. Additionally, we observe a significant negative association between GPR and distance-to-default score, supporting our view that higher GPR is linked to a greater probability of default. Further heterogeneity analysis indicates that high-tech firms are more vulnerable to the adverse impact of GPR than low-tech firms.","tariff ""cash holdings"" firm 2018","https://openalex.org/W4390460461","article"
"Impact of geopolitical risk on green international technology spillovers: FDI and import channels","Pengfei Cheng; Kanyong Li; Baekryul Choi; Guo Xiao; Mengzhen Wang","2024","Heliyon","17","True","http://www.cell.com/article/S2405844024130034/pdf","https://doi.org/10.1016/j.heliyon.2024.e36972","This study investigates the impact of geopolitical risk (GPR) on green international technology spillovers through foreign direct investment (FDI) and import channels. The research aims to understand how GPR influences the transfer of green technologies, which are crucial for sustainable development, particularly in developing countries. Utilizing data from 30 Chinese provinces from 2003 to 2019, our findings indicate that increased GPR significantly hinders green technology spillovers through both FDI and imports. Additionally, the research demonstrates that advancements in local green technology levels (GTL), marketization (Mark), and intellectual property rights protection (IPRP) can mitigate the adverse effects of GPR. These results underscore the critical importance of political stability and robust internal mechanisms in promoting international technological exchanges. This study contributes to the literature on the intersection of political risks and technological advancement and provides actionable insights for policymakers to enhance resilience against geopolitical uncertainties, thereby fostering sustainable economic development.","tariff ""cash holdings"" firm 2018","https://openalex.org/W4401921186","article"
"Crypto Assets and CBDCs in Latin America and the Caribbean: Opportunities and Risks","Sandra Marcelino; Weicheng Lian; Nan Geng; Yorbol Yakhshilikov; Takuji Komatsuzaki; Maximiliano Appendino","2023","IMF Working Paper","17","True","https://www.elibrary.imf.org/downloadpdf/journals/001/2023/037/001.2023.issue-037-en.xml","https://doi.org/10.5089/9798400234804.001","After providing a general overview of the nature, pros, and cons of crypto assets and CBDCs, this paper focuses on documenting their recent experience in LAC. The region records a high interest in unbacked crypto assets and stablecoins and its authorities' policy responses have varied substantially, ranging from the introduction of Bitcoin as legal tender in El Salvador to their prohibition in many other countries worried about their impact on financial stability, currency/asset substitution, tax evasion, corruption, and money laundering. This paper also describes briefly the results of a survey on CBDCs' introduction plans and crypto assets regulation. Finally, this paper presents some general lessons and policy recommendations for the region on the regulation of cypto assets, digital currencies and cross-border payments, and on the potential introduction of CBDCs.","tariff ""cash holdings"" firm 2018","https://openalex.org/W4322505473","article"
"The Downstream Impact of Upstream Tariffs: Evidence from Investment Decisions in Supply Chains","Thorsten Martin; Clemens A. Otto","2023","Journal of Financial and Quantitative Analysis","16","True","https://www.cambridge.org/core/services/aop-cambridge-core/content/view/434D831D025DBD538DEBE08226D7EB14/S0022109023000777a.pdf/div-class-title-the-downstream-impact-of-upstream-tariffs-evidence-from-investment-decisions-in-supply-chains-div.pdf","https://doi.org/10.1017/s0022109023000777","Abstract We study how U.S. manufacturing firms’ investment responds to tariff reductions in supplier industries. Our estimates, based on tariff reductions following multinational trade agreements, suggest that a hypothetical 10% reduction of all upstream tariffs would increase downstream investment by 4% to 6%. This estimate is not explained by decreasing uncertainty and stems from tariff reductions for homogeneous and low-R&amp;D inputs, consistent with the investment response resulting from cost reductions rather than superior foreign technology embodied in imported inputs. Evidence from an instrumental variable estimation using the sudden increase in Chinese import penetration suggests that import competition also increases downstream investment.","tariff ""cash holdings"" firm 2018","https://openalex.org/W4380882434","article"
"Product Market Competition and FDI Decisions","Tiago Loncan","2022","Journal of Financial and Quantitative Analysis","16","True","https://doi.org/10.1017/s0022109022000679","https://doi.org/10.1017/s0022109022000679","Abstract I examine whether competition from domestic industry rivals affects firms’ proclivity to undertake foreign direct investment (FDI) and their country location choices. I find that competition affects foreign production decisions and the geography of international investments. While firms enduring stiffer competition are significantly less likely to undertake FDI, this effect is heterogeneous across firms. Competition deters FDI more strongly when costs are heavier, whereas it has weaker effects when efficiency is higher, growth opportunities are valuable, and cash reserves are higher. FDI location models suggest that when going abroad, firms facing stronger competition are more likely to pursue economies of productivity and taxation.","tariff ""cash holdings"" firm 2018","https://openalex.org/W4285729362","article"
"Role of public and private investments for green economic recovery in the post-COVID-19","Xiaoqing Dai; Fangping Rao; Zhen Liu; Muhammad Mohsin; Farhad Taghizadeh–Hesary","2022","Economic Research-Ekonomska Istraživanja","15","True","https://www.tandfonline.com/doi/pdf/10.1080/1331677X.2022.2081865?needAccess=true","https://doi.org/10.1080/1331677x.2022.2081865","This study evaluates the outlook of government expenditure through public and private financing for the green economic revitalization after COVID-19 in Canada. The various econometric estimations are used to measure the impact of government expenditure on green economic recovery. The implementation of public investment is explicitly associated with private funding. The results suggest that the government policy incentives and non-government financing influence fossil fuel energy sources proportions on non-government investment, which is additional than the feed-in tariffs. According to fixed effects results, the distribution of fossil fuel energy sources is an essential obstacle in solar energy investment. In contrast, the presence of varied types of renewable energy encourages non-government climate investment. Throughout the study period after the breakout of the pandemic phase, neither fossil fuel energy sources nor economic policy is marginally efficient. The different macroeconomic programs in green economic recovery might be ideal for attaining the needed impact. The critical policy conclusion of the results of this research is that an influential role of the public and private investment may be part of an optimal firm innovation plan for green economic recovery in the post-COVID-19 period.","tariff ""cash holdings"" firm 2018","https://openalex.org/W4282979776","article"
"Impact of institutional and regulatory quality on FDI inflow: case of a developing Indian economy","Leena Ajit Kaushal","2021","Cogent Economics & Finance","14","True","https://www.tandfonline.com/doi/pdf/10.1080/23322039.2021.1985201?needAccess=true","https://doi.org/10.1080/23322039.2021.1985201","The study examines the impact of regulatory & institutional quality (IQ) on FDI inflows, focusing on select factors to explain evolving FDI patterns in India over 2006-2019. India, one of the top 5 FDI attracting nations in the Asian region, is taking various measures to improve IQ and encourages FDI. The reforms facilitating the Ease of starting business and reduction in EPU significantly and positively impacts FDI; however, the measures easing trade across border and resolving insolvency has a positive but insignificant impact of FDI. In addition, deteriorating Labor Freedom significantly inhibits FDI. The results demonstrate that improvement in IQ positively influences FDI; however, the IQ impact is insignificant in some cases due to the weak institutional structure. The study suggests that IQ factors tend to be pivotal in attracting FDI inflows, but India is yet to arrive.","tariff ""cash holdings"" firm 2018","https://openalex.org/W3208946512","article"
"Greening (Runnable) Brown Assets with a Liquidity Backstop","Éric Jondeau; Benoı̂t Mojon; Cyril Monnet","2021","SSRN Electronic Journal","13","True","https://papers.ssrn.com/sol3/Delivery.cfm?abstractid=3800034","https://doi.org/10.2139/ssrn.3800034","","tariff ""cash holdings"" firm 2018","https://openalex.org/W3134159947","article"
"Environmental Regulation and Corporate Cash Holdings: Evidence From China’s New Environmental Protection Law","Chao Zhang; Jinkai Cheng","2022","Frontiers in Environmental Science","13","True","https://www.frontiersin.org/articles/10.3389/fenvs.2022.835301/pdf","https://doi.org/10.3389/fenvs.2022.835301","Exploiting the 2014 Environmental Protection Law (EPL) in China as quasi-natural experiments, we adopt a difference-in-differences approach to examine the impact of environmental regulation on corporate cash holdings. We document that heavy-polluting firms increase their cash holdings 15% more than non-heavy-polluting firms due to stringent environmental regulation. Further tests show that the heightened environmental uncertainty, the limited access to bank loans, and the decline in obtaining government subsidies for heavy-polluting firms are three plausible channels that allow environmental regulation to increase corporate cash holdings. The effects of environmental regulation on cash holdings are stronger for firms without political backgrounds and those in regions with less dependent on the secondary sector. Overall, our results offer original evidence showing how environmental regulation in emerging economies affects firms’ liquidity management decisions and support the precautionary effect of cash holdings.","tariff ""cash holdings"" firm 2018","https://openalex.org/W4210385440","article"
"Nexus Between Economic Development and Energy Poverty to Gain Energy Efficiency: Empirical Evidence From China","Muhammad Khalid Anser; Zulkornain Yusop; Shujaat Abbas; Sajid Ali; Munir Ahmad","2022","Frontiers in Energy Research","12","True","https://www.frontiersin.org/articles/10.3389/fenrg.2022.843765/pdf","https://doi.org/10.3389/fenrg.2022.843765","Mediating the nexus between economic development, energy poverty, and energy efficiency has become a major issue for governments. Evidence from China shows that both sectors have an important role in determining economic development policies and alleviating poverty. Economic development in China is examined experimentally in this research. This study makes use of the Data Envelopment Analysis and the entropy approach between 2007/08 and 2010/11 on the 17 provinces of china. For every unit increase in economic growth pressure, the development indicator of energy efficiency falls by 3.4 percent. Energy poverty and energy efficiency in China are strongly linked to economic development, according to the model’s economic development findings. Economic inequalities in China have increased as a result of greater economic development or China’s economic development to be of high quality, we believe that our results will be useful in understanding the function of national economic growth management and coordination in wealth distribution and energy use. For rural and male-headed families, the economic development is more consistent. Employees are most likely to be economic developmentt from an increase in economic development, which is expected to reduce energy poverty the most and improve energy efficiency the most.","tariff ""cash holdings"" firm 2018","https://openalex.org/W4320076238","article"
"Mandatory CSR and sustainability reporting: economic analysis and literature review","Hans Bonde Christensen; Luzi Hail; Christian Leuz","2021","Review of Accounting Studies","1504","True","https://link.springer.com/content/pdf/10.1007/s11142-021-09609-5.pdf","https://doi.org/10.1007/s11142-021-09609-5","Abstract This study collates potential economic effects of mandated disclosure and reporting standards for corporate social responsibility (CSR) and sustainability topics. We first outline key features of CSR reporting. Next, we draw on relevant academic literatures in accounting, finance, economics, and management to discuss and evaluate the potential economic consequences of a requirement for CSR and sustainability reporting for U.S. firms, including effects in capital markets, on stakeholders other than investors, and on firm behavior. We also discuss issues related to the implementation and enforcement of CSR and sustainability reporting standards as well as two approaches to sustainability reporting that differ in their overarching goals and materiality standards. Our analysis yields a number of insights that are relevant for the current debate on mandatory CSR and sustainability reporting. It also points scholars to avenues for future research.","trade war cash holdings firm","https://openalex.org/W3159759907","article"
"Information Avoidance","Russell Golman; David Hagmann; George Loewenstein","2017","Journal of Economic Literature","800","True","https://www.aeaweb.org/articles/pdf/doi/10.1257/jel.20151245","https://doi.org/10.1257/jel.20151245","We commonly think of information as a means to an end. However, a growing theoretical and experimental literature suggests that information may directly enter the agent's utility function. This can create an incentive to avoid information, even when it is useful, free, and independent of strategic considerations. We review research documenting the occurrence of information avoidance, as well as theoretical and empirical research on reasons why people avoid information, drawing from economics, psychology, and other disciplines. The review concludes with a discussion of some of the diverse (and often costly) individual and societal consequences of information avoidance. (JEL D82, D83)","trade war cash holdings firm","https://openalex.org/W4238212557","article"
"Intermediary asset pricing: New evidence from many asset classes","Zhiguo He; Bryan Kelly; Asaf Manela","2017","Journal of Financial Economics","793","True","http://www.nber.org/papers/w21920.pdf","https://doi.org/10.1016/j.jfineco.2017.08.002","","trade war cash holdings firm","https://openalex.org/W2257048727","article"
"Beyond carbon pricing: The role of banking and monetary policy in financing the transition to a low-carbon economy","Emanuele Campiglio","2016","Archivio istituzionale della ricerca (Alma Mater Studiorum Università di Bologna)","743","False","","https://doi.org/10.1016/j.ecolecon.2015.03.020","It is widely acknowledged that introducing a price on carbon represents a crucial precondition for filling the current gap in low-carbon investment. However, as this paper argues, carbon pricing in itself may not be sufficient. This is due to the existence of market failures in the process of creation and allocation of credit that may lead commercial banks the most important source of external finance for firms not to respond as expected to price signals. Under certain economic conditions, banks would shy away from lending to low-carbon activities even in the presence of a carbon price. This possibility calls for the implementation of additional policies not based on prices. In particular, the paper discusses the potential role of monetary policies and macroprudential financial regulation: modifying the incentives and constraints that banks face when deciding their lending strategy through, for instance, a differentiation of reserve requirements according to the destination of lending may fruitfully expand credit creation directed towards low-carbon sectors. This seems to be especially feasible in emerging economies, where the central banking framework usually allows for a stronger public control on credit allocation and a wider range of monetary policy instruments than the sole interest rate. (C) 2015 Elsevier B.V. All rights reserved.","trade war cash holdings firm","https://openalex.org/W2240034294","article"
"Achieving sustainable aquaculture: Historical and current perspectives and future needs and challenges","Claude E. Boyd; Louis R. D’Abramo; Brent D. Glencross; David C. Huyben; Lorenzo Mariano Juárez; George S. Lockwood","2020","Journal of the World Aquaculture Society","728","True","https://onlinelibrary.wiley.com/doi/pdfdirect/10.1111/jwas.12714","https://doi.org/10.1111/jwas.12714","Abstract Important operational changes that have gradually been assimilated and new approaches that are developing as part of the movement toward sustainable intensive aquaculture production systems are presented via historical, current, and future perspectives. Improved environmental and economic sustainability based on increased efficiency of production continues to be realized. As a result, aquaculture continues to reduce its carbon footprint through reduced greenhouse gas emissions. Reduced use of freshwater and land resources per unit of production, improved feed management practices as well as increased knowledge of nutrient requirements, effective feed ingredients and additives, domestication of species, and new farming practices are now being applied or evaluated. Successful expansion into culture of marine species, both off and on shore, offers the potential of substantial increases in sustainable intensive aquaculture production combined with integrative efforts to increase efficiency will principally contribute to satisfying the increasing global demand for protein and food security needs.","trade war cash holdings firm","https://openalex.org/W3037377642","article"
"Research On Degrowth","Giorgos Kallis; Vasilis Kostakis; Steffen Lange; Barbara Muraca; Susan Paulson; Matthias Schmelzer","2018","Annual Review of Environment and Resources","624","True","https://www.annualreviews.org/doi/pdf/10.1146/annurev-environ-102017-025941","https://doi.org/10.1146/annurev-environ-102017-025941","Scholars and activists mobilize increasingly the term degrowth when producing knowledge critical of the ideology and costs of growth-based development. Degrowth signals a radical political and economic reorganization leading to reduced resource and energy use. The degrowth hypothesis posits that such a trajectory of social transformation is necessary, desirable, and possible; the conditions of its realization require additional study. Research on degrowth has reinvigorated the limits to growth debate with critical examination of the historical, cultural, social, and political forces that have made economic growth a dominant objective. Here we review studies of economic stability in the absence of growth and of societies that have managed well without growth. We reflect on forms of technology and democracy com-patible with degrowth and discuss plausible openings for a degrowth transition. This dynamic and productive research agenda asks inconvenient questions that sustainability sciences can no longer afford to ignore.","trade war cash holdings firm","https://openalex.org/W2805150611","article"
"Public health and international drug policy","Joanne Csete; Adeeba Kamarulzaman; Michel Kazatchkine; Frederick Altice; Marek Balicki; Julia Buxton","2016","The Lancet","599","True","https://research-information.bris.ac.uk/ws/files/104543461/JHU_Lancet_Commission_on_Drug_Policy_and_Health_18FEB16.pdf","https://doi.org/10.1016/s0140-6736(16)00619-x","","trade war cash holdings firm","https://openalex.org/W2308305288","article"
"Low‐carbon transition risks for finance","Gregor Semieniuk; Emanuele Campiglio; Jean-François Mercure; Ulrich Volz; Neil R. Edwards","2020","Wiley Interdisciplinary Reviews Climate Change","411","True","https://wires.onlinelibrary.wiley.com/doi/pdfdirect/10.1002/wcc.678","https://doi.org/10.1002/wcc.678","Abstract The transition to a low‐carbon economy will entail a large‐scale structural change. Some industries will have to expand their relative economic weight, while other industries, especially those directly linked to fossil fuel production and consumption, will have to decline. Such a systemic shift may have major repercussions on the stability of financial systems, via abrupt asset revaluations, defaults on debt, and the creation of bubbles in rising industries. Studies on previous industrial transitions have shed light on the financial transition risks originating from rapidly rising “sunrise” industries. In contrast, a similar conceptual understanding of risks from declining “sunset” industries is currently lacking. We substantiate this claim with a critical review of the conceptual and historical literature, which also shows that most literature either examines structural change in the real economy, or risks to financial stability, but rarely both together. We contribute to filling this research gap by developing a consistent theoretical framework of the drivers, transmission channels, and impacts of the phase‐out of carbon‐intensive industries on the financial system and on the feedback from the financial system into the rest of the economy. We also review the state of play of policy aiming to protect the financial system from transition risks and spell out research implications. This article is categorized under: Climate Economics &gt; Economics and Climate Change","trade war cash holdings firm","https://openalex.org/W2998183603","article"
"Hayek, Local Information, and Commanding Heights: Decentralizing State-Owned Enterprises in China","Zhangkai Huang; Lixing Li; Guangrong Ma; Lixin Colin Xu","2017","American Economic Review","389","True","https://www.aeaweb.org/articles/pdf/doi/10.1257/aer.20150592","https://doi.org/10.1257/aer.20150592","Hayek (1945) argues that local information is key to understanding the efficiency of alternative economic systems and whether production should be centralized or decentralized. The Chinese experience of decentralizing SOEs confirms this insight: when the distance to the government is farther, the SOE is more likely to be decentralized, and this distance-decentralization link is more pronounced with higher communication costs and greater firm-performance heterogeneity. However, when the Chinese central government oversees SOEs in strategic industries, the distance-decentralization link is muted. We also consider alternative agency-cost-based explanations, and do not find much support. (JEL D22, D83, L25, L32, L33, O14, P31)","trade war cash holdings firm","https://openalex.org/W2780136400","article"
"Deciphering the Fall and Rise in the Net Capital Share: Accumulation or Scarcity?","Matthew Rognlie","2016","Brookings Papers on Economic Activity","378","True","https://muse.jhu.edu/pub/11/article/611902","https://doi.org/10.1353/eca.2016.0002","In the postwar era, developed economies have experienced two substantial trends in the net capital share of aggregate income: a rise during the last several decades, which is well known, and a fall of comparable magnitude that continued until the 1970s, which is less well known. Overall, the net capital share has increased since 1948, but once disaggregated this increase turns out to come entirely from the housing sector: the contribution to net capital income from all other sectors has been zero or slightly negative, as the fall and rise have offset each other. Several influential accounts of the recent rise emphasize the role of increased capital accumulation, but this view is at odds with theory and evidence: it requires empirically improbable elasticities of substitution, and it presumes a correlation between the capital-income ratio and capital share that is not visible in the data. A more limited narrative that stresses scarcity and the increased cost of housing better fits the data. These results are clarified using a new, multisector model of factor shares.","trade war cash holdings firm","https://openalex.org/W2303461539","article"
"The Society of Algorithms","Jenna Burrell; Marion Fourcade","2021","Annual Review of Sociology","369","True","https://escholarship.org/uc/item/3xv4b9dm","https://doi.org/10.1146/annurev-soc-090820-020800","The pairing of massive data sets with processes—or algorithms—written in computer code to sort through, organize, extract, or mine them has made inroads in almost every major social institution. This article proposes a reading of the scholarly literature concerned with the social implications of this transformation. First, we discuss the rise of a new occupational class, which we call the coding elite. This group has consolidated power through their technical control over the digital means of production and by extracting labor from a newly marginalized or unpaid workforce, the cybertariat. Second, we show that the implementation of techniques of mathematical optimization across domains as varied as education, medicine, credit and finance, and criminal justice has intensified the dominance of actuarial logics of decision-making, potentially transforming pathways to social reproduction and mobility but also generating a pushback by those so governed. Third, we explore how the same pervasive algorithmic intermediation in digital communication is transforming the way people interact, associate, and think. We conclude by cautioning against the wildest promises of artificial intelligence but acknowledging the increasingly tight coupling between algorithmic processes, social structures, and subjectivities.","trade war cash holdings firm","https://openalex.org/W3167983954","article"
"Banking sector performance during the COVID-19 crisis","Asli Demirgüç‐Kunt; Álvaro Pedraza; Claudia Ruiz‐Ortega","2021","Journal of Banking & Finance","362","True","http://hdl.handle.net/10986/34369","https://doi.org/10.1016/j.jbankfin.2021.106305","","trade war cash holdings firm","https://openalex.org/W3080055864","article"
"The long-term effect of digital innovation on bank performance: An empirical study of SWIFT adoption in financial services","Susan Scott; John Van Reenen; Markos Zachariadis","2017","Research Policy","357","True","https://www.sciencedirect.com/science/article/pii/S0048733317300616","https://doi.org/10.1016/j.respol.2017.03.010","","trade war cash holdings firm","https://openalex.org/W2605182707","article"
"The Cost of Political Connections","Marianne Bertrand; Françis Kramarz; Antoinette Schoar; David Thesmar","2018","European Finance Review","341","True","https://academic.oup.com/rof/article-pdf/22/3/849/27721616/rfy008.pdf","https://doi.org/10.1093/rof/rfy008","Abstract Using plant-level data from France, we document a potential cost of political connections for firms that is not offset by other benefits. Politically connected CEOs alter corporate employment decisions to help (regional) politicians in their re-election efforts by having higher job and plant creation rates, and lower rates of destruction in election years, especially in politically contested areas. There is little evidence that connected firms benefit from preferential access to government resources, such as subsidies or tax exemptions. Connected firms are less profitable in the cross-section and also experience a drop in profitability when a connected CEO comes to power.","trade war cash holdings firm","https://openalex.org/W2790630030","article"
"Payment instruments, finance and development","Thorsten Beck; Haki Pamuk; Ravindra Ramrattan; Burak Uras","2018","Journal of Development Economics","340","True","https://doi.org/10.1016/j.jdeveco.2018.01.005","https://doi.org/10.1016/j.jdeveco.2018.01.005","This paper studies the effects of a payment technology innovation (mobile money) on entrepreneurship and economic development in a quantitative dynamic general equilibrium model. In the model mobile money dominates fiat money as a medium of exchange, since it avoids the risk of theft, but comes with electronic transaction costs. We show that entrepreneurs with higher productivity and access to trade credit are more likely to adopt mobile money as a payment instrument vis-a-vis suppliers. Calibrating the stationary equilibrium of the model to match firm-level data from Kenya, we show significant quantitative implications of mobile money for entrepreneurial growth and macroeconomic development.","trade war cash holdings firm","https://openalex.org/W2789152355","article"
"Fintech: what’s old, what’s new?","Arnoud W. A. Boot; Peter Hoffmann; Luc Laeven; Lev Ratnovski","2020","Journal of Financial Stability","336","True","https://pure.uva.nl/ws/files/53806187/Boot_et_al._2020_Fintech_What_s_Old_What_s_New_Submission_JFS_final_dec2020.pdf","https://doi.org/10.1016/j.jfs.2020.100836","","trade war cash holdings firm","https://openalex.org/W3117086259","article"
"Foreign Safe Asset Demand and the Dollar Exchange Rate","Zhengyang Jiang; Arvind Krishnamurthy; Hanno Lustig","2021","The Journal of Finance","321","True","https://onlinelibrary.wiley.com/doi/pdfdirect/10.1111/jofi.13003","https://doi.org/10.1111/jofi.13003","ABSTRACT We develop a theory that links the U.S. dollar's valuation in FX markets to the convenience yield that foreign investors derive from holding U.S. safe assets. We show that this convenience yield can be inferred from the Treasury basis, the yield gap between U.S. government and currency‐hedged foreign government bonds. Consistent with the theory, a widening of the basis coincides with an immediate appreciation and a subsequent depreciation of the dollar. Our results lend empirical support to models that impute a special role to the United States as the world's provider of safe assets and the dollar as the world's reserve currency.","trade war cash holdings firm","https://openalex.org/W2795328435","article"
"Do Risk Preferences Change? Evidence from the Great East Japan Earthquake","Chie Hanaoka; Hitoshi Shigeoka; Yasutora Watanabe","2018","American Economic Journal Applied Economics","321","True","https://www.aeaweb.org/articles/pdf/doi/10.1257/app.20170048","https://doi.org/10.1257/app.20170048","We investigate whether individuals' risk preferences change after experiencing a natural disaster, specifically, the 2011 Great East Japan Earthquake. Exploiting the panels of nationally representative surveys on risk preferences, we find that men who experienced greater intensity of the earthquake became more risk tolerant a year after the Earthquake. Interestingly, the effects on men's risk preferences are persistent even five years after the Earthquake at almost the same magnitude as those shortly after the Earthquake. Furthermore, these men gamble more, which is consistent with the direction of changes in risk preferences. We find no such pattern for women. (JEL D12, D81, J16, Q54)","trade war cash holdings firm","https://openalex.org/W3122664019","article"
"A tug of war: Overnight versus intraday expected returns","Dong Lou; Christopher Polk; Spyros Skouras","2019","Journal of Financial Economics","315","True","https://www.sciencedirect.com/science/article/pii/S0304405X19300650","https://doi.org/10.1016/j.jfineco.2019.03.011","","trade war cash holdings firm","https://openalex.org/W2797315895","article"
"From Cashews to Nudges: The Evolution of Behavioral Economics","Richard H. Thaler","2018","American Economic Review","303","True","https://pubs.aeaweb.org/doi/pdfplus/10.1257/aer.108.6.1265","https://doi.org/10.1257/aer.108.6.1265","Richard H. Thaler delivered his Prize Lecture on 8 December 20167 at the Aula Magna, Stockholm University.","trade war cash holdings firm","https://openalex.org/W2786022849","article"
"Disclosure incentives when competing firms have common ownership","Jihwon Park; Jalal Sani; Nemit Shroff; Hal D. White","2019","Journal of Accounting and Economics","298","True","https://dspace.mit.edu/bitstream/1721.1/136172/2/SSRN-id3333451.pdf","https://doi.org/10.1016/j.jacceco.2019.02.001","","trade war cash holdings firm","https://openalex.org/W2900807150","article"
"The invisible politics of Bitcoin: governance crisis of a decentralised infrastructure","Primavera De Filippi; Benjamin Loveluck","2016","Internet Policy Review","289","True","https://policyreview.info/node/427/pdf","https://doi.org/10.14763/2016.3.427","A trustless technology, Bitcoin tries to solve issues of social coordination and economic exchange by relying exclusively on technological means. Is technology alone able to resolve the social and political concerns affecting the Bitcoin network?","trade war cash holdings firm","https://openalex.org/W2559876587","article"
"Finance and Corporate Innovation: A Survey","Jie He; Xuan Tian","2018","Asia-Pacific Journal of Financial Studies","282","True","https://onlinelibrary.wiley.com/doi/pdfdirect/10.1111/ajfs.12208","https://doi.org/10.1111/ajfs.12208","Abstract Corporate innovation is an increasingly important topic that has attracted great attention from academic researchers in financial economics in recent years. Although the top three finance journals (i.e. the Journal of Finance , the Journal of Financial Economics , and the Review of Financial Studies ) together published a total of only five papers on corporate innovation from 2000 to 2008, the number of such papers published by these three journals skyrocketed to 56 from 2009 to the third quarter of 2017. The purpose of this survey is to provide a synthetic and evaluative monograph of academic papers that examine the drivers and financing sources of corporate innovation.","trade war cash holdings firm","https://openalex.org/W3125801563","article"
"Future (post-COVID) digital, smart and sustainable cities in the wake of 6G: Digital twins, immersive realities and new urban economies","Zaheer Allam; David S. Jones","2020","Land Use Policy","282","True","https://www.sciencedirect.com/science/article/am/pii/S0264837720325394?via%3Dihub","https://doi.org/10.1016/j.landusepol.2020.105201","","trade war cash holdings firm","https://openalex.org/W3106873359","article"
"Supply chain resilience in a developing country context: a case study on the interconnectedness of threats, strategies and outcomes","Benjamin Tukamuhabwa; Mark Stevenson; Jerry Busby","2017","Supply Chain Management An International Journal","277","True","https://eprints.lancs.ac.uk/id/eprint/87454/1/Tukamuhabwa_et_al_SCMIJ_2017.pdf","https://doi.org/10.1108/scm-02-2017-0059","Purpose In few prior empirical studies on supply chain resilience (SCRES), the focus has been on the developed world. Yet, organisations in developing countries constitute a significant part of global supply chains and have also experienced the disastrous effects of supply chain failures. The purpose of this paper is therefore to empirically investigate SCRES in a developing country context and to show that this also provides theoretical insights into the nature of what is meant by resilience. Design/methodology/approach Using a case study approach, a supply network of 20 manufacturing firms in Uganda is analysed based on a total of 45 interviews. Findings The perceived threats to SCRES in this context are mainly small-scale, chronic disruptive events rather than discrete, large-scale catastrophic events typically emphasised in the literature. The data reveal how threats of disruption, resilience strategies and outcomes are inter-related in complex, coupled and non-linear ways. These interrelationships are explained by the political, cultural and territorial embeddedness of the supply network in a developing country. Further, this embeddedness contributes to the phenomenon of supply chain risk migration, whereby an attempt to mitigate one threat produces another threat and/or shifts the threat to another point in the supply network. Practical implications Managers should be aware, for example, of potential risk migration from one threat to another when crafting strategies to build SCRES. Equally, the potential for risk migration across the supply network means managers should look at the supply chain holistically because actors along the chain are so interconnected. Originality/value The paper goes beyond the extant literature by highlighting how SCRES is not only about responding to specific, isolated threats but about the continuous management of risk migration. It demonstrates that resilience requires both an understanding of the interconnectedness of threats, strategies and outcomes and an understanding of the embeddedness of the supply network. Finally, this study’s focus on the context of a developing country reveals that resilience should be equally concerned both with smaller in scale, chronic disruptions and with occasional, large-scale catastrophic events.","trade war cash holdings firm","https://openalex.org/W2763928992","article"
"Sustainable Agro-Food Systems for Addressing Climate Change and Food Security","Akila Wijerathna‐Yapa; Ranjith Pathirana","2022","Agriculture","259","True","https://www.mdpi.com/2077-0472/12/10/1554/pdf?version=1665482253","https://doi.org/10.3390/agriculture12101554","Despite world food production keeping pace with population growth because of the Green Revolution, the United Nations (UN) State of Food Security and Nutrition in the World 2022 Report indicates that the number of people affected by hunger has increased to 828 million with 29.3% of the global population food insecure, and 22% of children under five years of age stunted. Many more have low-quality, unhealthy diets and micronutrient deficiencies leading to obesity, diabetes, and other diet-related non-communicable diseases. Additionally, current agro-food systems significantly impact the environment and the climate, including soil and water resources. Frequent natural disasters resulting from climate change, pandemics, and conflicts weaken food systems and exacerbate food insecurity worldwide. In this review, we outline the current knowledge in alternative agricultural practices for achieving sustainability as well as policies and practices that need to be implemented for an equitable distribution of resources and food for achieving several goals in the UN 2030 Agenda for Sustainable Development. According to the UN Intergovernmental Panel on Climate Change, animal husbandry, particularly ruminant meat and dairy, accounts for a significant proportion of agricultural greenhouse gas (GHG) emissions and land use but contributes only 18% of food energy. In contrast, plant-based foods, particularly perennial crops, have the lowest environmental impacts. Therefore, expanding the cultivation of perennials, particularly herbaceous perennials, to replace annual crops, fostering climate-smart food choices, implementing policies and subsidies favoring efficient production systems with low environmental impact, empowering women, and adopting modern biotechnological and digital solutions can help to transform global agro-food systems toward sustainability. There is growing evidence that food security and adequate nutrition for the global population can be achieved using climate-smart, sustainable agricultural practices, while reducing negative environmental impacts of agriculture, including GHG emissions.","trade war cash holdings firm","https://openalex.org/W4297268512","article"
"The role of bitcoin in well diversified portfolios: A comparative global study","Anton Kajtazi; Andrea Moro","2018","International Review of Financial Analysis","257","True","https://dspace.lib.cranfield.ac.uk/bitstreams/4e455248-6fd5-4365-b16e-894f2204bcdb/download","https://doi.org/10.1016/j.irfa.2018.10.003","","trade war cash holdings firm","https://openalex.org/W2896197579","article"
"The governance of global wealth chains","Leonard Seabrooke; Duncan Wigan","2017","Review of International Political Economy","239","True","https://www.tandfonline.com/doi/pdf/10.1080/09692290.2016.1268189?needAccess=true","https://doi.org/10.1080/09692290.2016.1268189","This article offers a theoretical framework to explain how Global Wealth Chains (GWCs) are created, maintained, and governed. We draw upon different strands of literature, including scholarship in International Political Economy and Economic Geography on Global Value Chains, literature on finance and law in Institutional Economics, and work from Economic Sociology on network dynamics within markets. This scholarship assists us in highlighting three variables in how GWCs are articulated and change according to: (1) the complexity of transactions, (2) regulatory liability, and (3) innovation capacities among suppliers of products used in wealth chains. We then differentiate five types of GWC governance – Market, Modular, Relational, Captive, and Hierarchy – which range from simple ‘off shelf’ products shielded from regulators by advantageous international tax laws to highly complex and flexible innovative financial products produced by large financial institutions and corporations. This article highlights how GWCs intersect with value chains, and provides brief case examples of wealth chains and how they interact.","trade war cash holdings firm","https://openalex.org/W2505005136","article"
"Factors Affecting the Organizational Adoption of Blockchain Technology: Extending the Technology–Organization–Environment (TOE) Framework in the Australian Context","Saleem Malik; Mehmood Chadhar; Savanid Vatanasakdakul; Madhu Chetty","2021","Sustainability","237","True","https://www.mdpi.com/2071-1050/13/16/9404/pdf?version=1629874910","https://doi.org/10.3390/su13169404","Blockchain technology (BCT) has been gaining popularity due to its benefits for almost every industry. However, despite its benefits, the organizational adoption of BCT is rather limited. This lack of uptake motivated us to identify the factors that influence the adoption of BCT from an organizational perspective. In doing this, we reviewed the BCT literature, interviewed BCT experts, and proposed a research model based on the TOE framework. Specifically, we theorized the role of technological (perceived benefits, compatibility, information transparency, and disintermediation), organizational (organization innovativeness, organizational learning capability, and top management support), and environmental (competition intensity, government support, trading partners readiness, and standards uncertainty) factors in the organizational adoption of BCT in Australia. We confirmed the model with a sample of adopters and potential adopter organizations in Australia. The results show a significant role of the proposed factors in the organizational adoption of BCT in Australia. Additionally, we found that the relationship between the influential factors and BCT adoption is moderated by “perceived risks”. The study extends the TOE framework by adding factors that were ignored in previous studies on BCT adoption, such as perceived information transparency, perceived disintermediation, organizational innovativeness, organizational learning capability, and standards uncertainty.","trade war cash holdings firm","https://openalex.org/W3193536233","article"
"The Rise of Income and Wealth Inequality in America: Evidence from Distributional Macroeconomic Accounts","Emmanuel Saez; Gabriel Zucman","2020","The Journal of Economic Perspectives","233","True","https://www.aeaweb.org/articles/pdf/doi/10.1257/jep.34.4.3","https://doi.org/10.1257/jep.34.4.3","This paper studies inequality in America through the lens of distributional macroeconomic accounts—comprehensive distributions of the aggregate amount of income and wealth recorded in the official macroeconomic accounts of the United States. We use these distributional macroeconomic accounts to quantify the rise of income and wealth concentration since the late 1970s, the change in tax progressivity, and the direct redistributive effects of government intervention in the economy. Between 1978 and 2018, the share of pre-tax income earned by the top 1% rose from 10% to about 19%, and the share of wealth owned by the top 0.1% rose from 7% to about 18%. In 2018, the tax system was regressive at the top-end; the top 400 wealthiest Americans paid a lower average tax rate than the macroeconomic tax rate of 29%. We confront our methods and findings with those of other studies, pinpoint the areas where more research is needed, and describe how additional data collection could improve inequality measurement.","trade war cash holdings firm","https://openalex.org/W3205658093","article"
"Determinants of environmental social and governance (ESG) performance: A systematic literature review","Alice Martiny; Jonathan Taglialatela; Francesco Testa; Fabio Iraldo","2024","Journal of Cleaner Production","230","True","https://doi.org/10.1016/j.jclepro.2024.142213","https://doi.org/10.1016/j.jclepro.2024.142213","Understanding the determinants of firms' ESG performance is not only a key goal of the strategic management field, but it is also fundamental for addressing the world's most pressing environmental and social challenges and guarantee the survival of ESG as well. To date, no comprehensive overview has been carried out of the determinants that have the greatest impact on ESG criteria. In this work, internal and external determinants are identified and analysed, and the potential causes of the discrepancies in research findings are explored. This Systematic Literature Review was developed in accordance with the PRISMA guidelines, whose process led to a content analysis of the results. The current study proves that the discrepancies in literature findings are a direct consequence of the lack of consideration by scholars of the different usage of ESG data providers as well as the variance among countries. Not only does this study represent the first pioneering framework on the topic, but it could also serve as a guidebook for firms wishing to improve their ESG performance.","trade war cash holdings firm","https://openalex.org/W4395449608","article"
"Firms' cash reserve, financial constraint, and geopolitical risk","Chien‐Chiang Lee; Chih‐Wei Wang","2020","Pacific-Basin Finance Journal","226","False","","https://doi.org/10.1016/j.pacfin.2020.101480","","trade war cash holdings firm","https://openalex.org/W3109147350","article"
"Crypto Collectibles, Museum Funding and OpenGLAM: Challenges, Opportunities and the Potential of Non-Fungible Tokens (NFTs)","Foteini Valeonti; Antonis Bikakis; Melissa Terras; Chris Speed; Andrew Hudson‐Smith; Konstantinos Kryptos Chalkias","2021","Applied Sciences","223","True","https://www.mdpi.com/2076-3417/11/21/9931/pdf?version=1635158533","https://doi.org/10.3390/app11219931","Non-fungible tokens (NFTs) make it technically possible for digital assets to be owned and traded, introducing the concept of scarcity in the digital realm for the first time. Resulting from this technical development, this paper asks the question, do they provide an opportunity for fundraising for galleries, libraries, archives and museums (GLAM), by selling ownership of digital copies of their collections? Although NFTs in their current format were first invented in 2017 as a means for game players to trade virtual goods, they reached the mainstream in 2021, when the auction house Christie’s held their first-ever sale exclusively for an NFT of a digital image, that was eventually sold for a record 69 million USD. The potential of NFTs to generate significant revenue for artists and museums by selling effectively a cryptographically signed copy of a digital image (similar to real-world limited editions, which are signed and numbered copies of a given artwork), has sparked the interest of the financially deprived museum and heritage sector with world-renowned institutions such as the Uffizi Gallery and the Hermitage Museum, having already employed NFTs in order to raise funds. Concerns surrounding the environmental impact of blockchain technology and the rise of malicious projects, exploiting previously digitised heritage content made available through OpenGLAM licensing, have attracted criticism over the speculative use of the technology. In this paper, we present the current state of affairs in relation to NFTs and the cultural heritage sector, identifying challenges, whilst highlighting opportunities that they create for revenue generation, in order to help address the ever-increasing financial challenges of galleries and museums.","trade war cash holdings firm","https://openalex.org/W3210183926","article"
"The COVID‐19 Pandemic and Its Impact on the Global Economy: What Does It Take to Turn Crisis into Opportunity?","Ligang Song; Yixiao Zhou","2020","China & World Economy","220","True","https://onlinelibrary.wiley.com/doi/pdfdirect/10.1111/cwe.12349","https://doi.org/10.1111/cwe.12349","Abstract The COVID‐19 pandemic broke out at a time when there were heightened uncertainties in the global economy. Understanding these uncertainties provides an important background for analyzing the impact of the pandemic on the global economy, assessing the effectiveness of policy measures in combating the pandemic and reviving the global economy, and predicting the trajectory of the economic recovery in the post‐pandemic era. We analyze how COVID‐19 would likely deepen an existing malaise in the global economy, and what could be done to address these problems while managing the economic recovery. We argue that three fundamental factors that could lead to a solid recovery in the post pandemic era are structural reform, new technology and re‐integration. They could be managed by instituting a new “global social contract.” Supported by strong public policies at all levels, especially at national level, these three factors could bring about the salvation of the global economy as it recovers or re‐emerges from the pandemic crisis.","trade war cash holdings firm","https://openalex.org/W3040658373","article"
"Economics of invasive species policy and management","Rebecca S. Epanchin‐Niell","2017","Biological Invasions","219","True","https://link.springer.com/content/pdf/10.1007%2Fs10530-017-1406-4.pdf","https://doi.org/10.1007/s10530-017-1406-4","This article examines the use of economic analysis to inform bioinvasion management, with particular focus on forest resources. Economics is key for understanding invasion processes, impacts, and decision-making. Biological invasions are driven by and affect economic activities at multiple scales and stages of an invasion. Bioeconomic modeling seeks to inform how resources can be optimally allocated across invasion management activities-including prevention, surveillance programs for early detection and management, and controlling invasion populations and spread-to minimize the long-term costs and damages. Economic analysis facilitates understanding of decisions by public and private decision-makers, gaps between these, and the design of policies to achieve socially desirable outcomes. Private decisionmakers may undercontrol invasions relative to socially optimal levels, because they generally account for their own costs and benefits of control but less often for broader ecosystem impacts or future spread across the landscape. Economic analysis considers approaches for increasing private invasion management and evaluates feedbacks between ecological and economic systems that can affect policy outcomes. Future research should continue evaluation and design of control strategies across the biosecurity continuum and across species to enhance cost-effectiveness, better incorporate uncertainty into policy design, increase focus on incentives and behavioral tools to influence private behaviors that affect invasion spread, and incorporate invasive species consideration within broader systems-focused science. In addition, challenges in valuing biodiversity and ecosystem service impacts and the costs and effectiveness of control measures are key data gaps. Greater collaboration between decision-makers and researchers will facilitate development and communication of usable economic research.","trade war cash holdings firm","https://openalex.org/W2595374266","article"
"Chinese control over African and global mining—past, present and future","Magnus Ericsson; Olof Löf; Anton Löf","2020","Mineral Economics","215","True","https://link.springer.com/content/pdf/10.1007/s13563-020-00233-4.pdf","https://doi.org/10.1007/s13563-020-00233-4","Abstract Chinese companies are far from taking control over African or global mining. In 2018, they control less than 7% of the value of total African mine production. Chinese investments in African mining of non-fuel minerals between 1995 and 2018 have contributed to production growth but it has also increased Chinese control over African mineral and metal production. There is evidence pointing to a continued Chinese expansion in African minerals and metals but at a slower pace than in the past decade. Through a detailed analysis of every mine, fully or partially controlled by Chinese interest in Africa and all other parts of the world the paper also measures total Chinese control over global mine production to be around 3% of the total value.","trade war cash holdings firm","https://openalex.org/W3045363791","article"
"The transmission of monetary policy through bank lending: The floating rate channel","Filippo Ippolito; Ali K. Ozdagli; Ander Pérez-Orive","2018","Journal of Monetary Economics","212","True","https://www.federalreserve.gov/econres/feds/files/2017026pap.pdf","https://doi.org/10.1016/j.jmoneco.2018.02.001","","trade war cash holdings firm","https://openalex.org/W1043676963","article"
"Amazon's Antitrust Paradox","Lina Khan","2016","","205","True","https://digitalcommons.law.yale.edu/cgi/viewcontent.cgi?article=5785&context=ylj","","A B ST R AC T. Amazon is the titan of twenty-first century commerce.In addition to being a retailer, it is now a marketing platform, a delivery and logistics network, a payment service, a credit lender, an auction house, a major book publisher, a producer of television and films, a fashion designer, a hardware manufacturer, and a leading host of cloud server space.Although Amazon has clocked staggering growth, it generates meager profits, choosing to price below-cost and expand widely instead.Through this strategy, the company has positioned itself at the center of ecommerce and now serves as essential infrastructure for a host of other businesses that depend upon it.Elements of the firm's structure and conduct pose anticompetitive concerns -yet it has escaped antitrust scrutiny.This Note argues that the current framework in antitrust -specifically its pegging competition to ""consumer welfare,"" defined as short-term price effects -is unequipped to capture the architecture of market power in the modern economy.We cannot cognize the potential harms to competition posed by Amazon's dominance if we measure competition primarily through price and output.Specifically, current doctrine underappreciates the risk of predatory pricing and how integration across distinct business lines may prove anticompetitive.These concerns are heightened in the context of online platforms for two reasons.First, the economics of platform markets create incentives for a company to pursue growth over profits, a strategy that investors have rewarded.Under these conditions, predatory pricing becomes highly rational -even as existing doctrine treats it as irrational and therefore implausible.Second, because online platforms serve as critical intermediaries, integrating across business lines positions these platforms to control the essential infrastructure on which their rivals depend.This dual role also enables a platform to exploit information collected on companies using its services to undermine them as competitors.This Note maps out facets of Amazon's dominance.Doing so enables us to make sense of its business strategy, illuminates anticompetitive aspects of Amazon's structure and conduct, and underscores deficiencies in current doctrine.The Note closes by considering two potential regimes for addressing Amazon's power: restoring traditional antitrust and competition policy principles or applying common carrier obligations and duties.","trade war cash holdings firm","https://openalex.org/W3122148702","article"
"COVID-19 and the Cross-Section of Equity Returns: Impact and Transmission","Lorenzo Bretscher; Alex Hsu; Peter Simasek; Andrea Tamoni","2020","The Review of Asset Pricing Studies","103","True","https://academic.oup.com/raps/article-pdf/10/4/705/34416900/raaa017.pdf","https://doi.org/10.1093/rapstu/raaa017","Abstract Using the first reported case of COVID-19 in a given U.S. county as the event day, we find that firms headquartered in an affected county experience, on average, a 27-bps lower return in the 10-day post-event window. This negative effect nearly doubles in magnitude for firms in counties with a higher infection rate (−50 bps). We test a number of transmission channels. Firms belonging to labor-intensive industries and those located in counties with a large mobility decline have worse stock performance. Firms sensitive to COVID-19-induced uncertainty also exhibit more negative returns. Finally, more negative stock returns are associated with downward revisions in earnings forecasts.","""firm-level political risk"" ""cash holdings"" Trump","https://openalex.org/W3040715873","article"
"Firm-level political risk and corporate tax avoidance","Mahmud Hossain; Gerald J. Lobo; Santanu Mitra","2022","Review of Quantitative Finance and Accounting","27","False","","https://doi.org/10.1007/s11156-022-01095-3","","""firm-level political risk"" ""cash holdings"" Trump","https://openalex.org/W4292336819","article"
"Firm‐level political risk and implied cost of equity capital","Dev R. Mishra","2023","International Review of Finance","23","True","https://onlinelibrary.wiley.com/doi/pdfdirect/10.1111/irfi.12411","https://doi.org/10.1111/irfi.12411","Abstract I find a strong positive association between firms' implied cost of equity capital and firm‐level political risk. This effect is above and beyond the firm‐level cost of equity implications of economywide political risk. Firm‐level political risk contributes to elevating stock illiquidity, increases dispersion of analyst forecasts and dampens analyst coverage and these attributes, in turn, have positive cost of equity capital implications. Overall, the findings of this study suggest firm‐level political risk has a non‐trivial effect on increasing equity market illiquidity, increasing dispersion of earnings forecasts and decreasing analyst coverage thus increasing financing costs.","""firm-level political risk"" ""cash holdings"" Trump","https://openalex.org/W4320480498","article"
"How government procurement shapes corporate climate disclosures, commitments, and actions","Omri Even-Tov; Guoman She; Lynn Linghuan Wang; DY Yang","2025","Review of Accounting Studies","17","True","https://link.springer.com/content/pdf/10.1007/s11142-024-09866-0.pdf","https://doi.org/10.1007/s11142-024-09866-0","Abstract This study examines how government procurement impacts firms’ environmental disclosures and whether they have tangible effects. Using a triple-difference research design that exploits the exogenous increase in federal funding allocations to counties based on population census revisions, we find that firms with high exposure to government contracts significantly increase climate disclosure following expanded procurement opportunities. We also document that enhanced disclosure is characterized by a positive tone that emphasizes firms’ green investment and commitment to climate adaptation. The effect is more pronounced in counties with a greater increase in procurement volume and when firms have lower ex ante sustainability performance. Finally, we find firms that increase climate disclosure are more likely to earn government contracts, and they undertake real actions by reducing toxic emissions and enhancing the development of green products. Overall our results suggest government procurement promotes corporate climate responsibility by incentivizing firms to undertake climate mitigation actions.","""firm-level political risk"" ""cash holdings"" Trump","https://openalex.org/W4406625212","article"
"Firm-level political risk and equity issuance","Dewan Rahman; Anamul Haque; Muhammad Kabir; Shehub Bin Hasan","2024","Journal of International Financial Markets Institutions and Money","5","True","https://doi.org/10.1016/j.intfin.2024.101944","https://doi.org/10.1016/j.intfin.2024.101944","We examine whether firm-level political risk influences the issuance of equity (debt) to finance corporate investment. With a sample of 64,693 firm-quarter observations from 2002–2020, we find that firm-level political risk is significantly and positively associated with subsequent equity issuance as opposed to debt issuance. To mitigate endogeneity, we estimate firm fixed-effects regression, perform nearest-neighbor score matching technique and Heckman’s (1979) two-step correction procedure, and employ gubernatorial elections in different states of the U.S. as a shock to the firm-level political risk. We also test for two potential economic mechanisms, financial flexibility and information asymmetry, and find that our baseline results are more pronounced for these channels. Our study presents new evidence on firms’ financing choices in the presence of firm-level political risk.","""firm-level political risk"" ""cash holdings"" Trump","https://openalex.org/W4390920142","article"
"Taxes under stress: bank stress tests and corporate tax planning","Bill B. Francis; Raffi E. García; Jyothsna G. Harithsa","2024","China Accounting and Finance Review","3","True","https://www.emerald.com/cafr/article-pdf/27/1/1/9658800/cafr-03-2024-0035.pdf","https://doi.org/10.1108/cafr-03-2024-0035","Purpose This paper aims to examine how bank stress tests affect bank tax planning. Design/methodology/approach The study uses US bank stress test bank size thresholds and a regression discontinuity design to investigate the effect of the Dodd-Frank Act and the instituted bank stress tests on bank tax planning. We use different measures of tax planning, including bank-specific measures and measures of tax avoidance, tax aggressiveness, and effective tax planning from recent literature. Our regression discontinuity and difference-in-differences regression analyses include bank and year fixed-effects and lagged bank characteristics to control for potential endogeneity. Findings This study finds that stress tests have the unintended consequences of intensifying tax planning and increasing tax avoidance. Stress-test banks increase tax avoidance by accelerating charge-offs, net interest, and non-interest expenses. However, this increase in tax planning is not optimally maximized, leading to lower effective tax planning compared to non-stress-test banks. Banks with a substantial increase in tax avoidance under the Dodd–Frank Act tend to increase their risk, investing in high-risk-weight assets and lending in riskier loan categories. These findings are consistent with tax minimization conditions under added regulatory attention and policy uncertainty. Originality/value Literature on bank tax planning is limited. Most tax avoidance literature excludes financial institutions such as bank holding companies mainly due to differences in business practices and regulatory frameworks. This study is the first to investigate tax planning behavior among US banks. The current study thus extends the research field by examining the effect of bank transparency regulations, such as bank stress tests, on bank tax planning activities. Our findings have a direct bank policy implication. They show that stress testing has the unintended consequences of increasing tax planning activities and consequently increasing risk-taking on banks with high tax avoidance, which goes against the goals of stress testing regulations.","""firm-level political risk"" ""cash holdings"" Trump","https://openalex.org/W4404198338","article"
"The impact of U.S. economic sanctions on corporate innovation and fraud","Ameneh Bazrafshan","2024","Public Administration and Development","3","True","https://onlinelibrary.wiley.com/doi/pdfdirect/10.1002/pad.2077","https://doi.org/10.1002/pad.2077","Abstract Economic sanctions have increasingly become a pivotal tool in modern foreign policy, especially in the context of U.S. international strategy. Despite their growing significance, there is a notable lack of empirical research on how these sanctions affect corporate behavior. This study aims to explore the impact of U.S. economic sanctions on innovation and fraudulent activities within Iranian firms subjected to these measures. Utilizing a difference‐in‐differences approach, the findings reveal a weak and negative relationship between sanctions and innovation, while no significant link is found between sanctions and fraudulent activities. Notably, the study uncovers a substantial divergence in companies' responses to sanctions based on their innovation background. Companies with a strong innovation background experience a significant increase in innovation efforts and a corresponding decline in fraudulent behavior upon facing sanctions. In contrast, companies lacking an established innovation background exhibit a reduction in innovation and, in turn, an escalation in fraudulent practices in response to sanctions. These findings remain robust across various sensitivity analyses. This research contributes to the expanding body of empirical literature on sanction outcomes by highlighting the profound impact of innovation background on the responsible and ethical decisions made by sanctioned companies.","""firm-level political risk"" ""cash holdings"" Trump","https://openalex.org/W4403783077","article"
"Political Uncertainty and the Timing of Mass Layoffs","Varouj A. Aivazian; Tzu-Ting Chiu; Miguel Minutti-Meza; Dushyantkumar Vyas","2025","Production and Operations Management","1","True","https://doi.org/10.1177/10591478251331149","https://doi.org/10.1177/10591478251331149","This study examines the relation between political uncertainty arising from state-level election cycles and the timing of employee dismissal and plant closure notices filed by US firms under the Worker Adjustment and Retraining Notification (WARN) Act of 1988 (hereafter, WARN notices). We appeal to a real options framework to predict that firms delay layoff decisions and the issuance of WARN notices until the resolution of political uncertainty. Using establishment-level data on layoffs disclosed in WARN notices and state elections occurring between 1994 and 2022, we document that the likelihood of issuing WARN notices declines during the election quarter but increases in the subsequent quarter. Cross-sectional findings show that political uncertainty plays a significant role in the timing of WARN notices during election periods while other factors, including partisanship, economic conditions, union strength, and firm visibility, may also play a role. Further, firms that delay WARN notices do not experience a significant deterioration in their medium-term financial performance. Overall, our findings provide evidence that firms delay labor adjustment decisions and the announcements of such decisions in response to political uncertainty.","""firm-level political risk"" ""cash holdings"" Trump","https://openalex.org/W4409109860","article"
"Does firm-level political risk affect cash holdings?","Shehub Bin Hasan; Md. Samsul Alam; Sudharshan Reddy Paramati; Md. Shahidul Islam","2022","Review of Quantitative Finance and Accounting","46","True","https://discovery.dundee.ac.uk/ws/files/72540740/Accepted_Version.pdf","https://doi.org/10.1007/s11156-022-01049-9","","""PRisk"" ""cash holdings"" 2016","https://openalex.org/W4214910058","article"
"The Impact of Firm‐Level Political Risk on Eco‐Innovation: The Moderating Effect of CEO Power","Ayotola Owolabi; Mohammad Mahdi Mousavi; Giray Gözgör; Jing Li","2024","Business Strategy and the Environment","19","True","https://onlinelibrary.wiley.com/doi/pdfdirect/10.1002/bse.4124","https://doi.org/10.1002/bse.4124","ABSTRACT This study examines the impact of firm‐level political risk on eco‐innovation at the firm level, particularly emphasizing the moderating role of CEO power in this relationship. Using a dataset from 33 countries from 2006 to 2022, we employ two‐step dynamic panel data estimations to address endogeneity concerns. The findings highlight a positive impact of political risk on eco‐innovation, which is further strengthened in the presence of a powerful CEO. This evidence implies that effective leadership from CEOs can assist firms in navigating political risks and advancing sustainable initiatives. The results remain robust across various specifications, including alternative measurements for firm‐level political risk. The study highlights the crucial role of CEOs in managing political risks and facilitating eco‐innovative practices within firms.","""PRisk"" ""cash holdings"" 2016","https://openalex.org/W4405884597","article"
"Is firm-level political risk priced in the corporate bond market?","Luis Ceballos; Vanja Piljak; Laurens Swinkels","2024","Journal of Empirical Finance","8","True","https://doi.org/10.1016/j.jempfin.2024.101562","https://doi.org/10.1016/j.jempfin.2024.101562","· Company-specific political risk is measured using textual analysis quarterly earning calls · We document a positive and significant political risk premium in corporate bond markets · Riskier and less liquid bonds exhibit a larger political risk premium · The political risk premium is positively associated with monetary policy shocks We investigate whether political risk is priced in the cross-section of corporate bond returns by using a text-based measure of firm-level political risk. We document a positive and significant political risk premium after controlling for bond and firm characteristics, conventional risk factors, and exposure to aggregate economic policy uncertainty. Bonds with higher political and credit risk, as well as smaller, more illiquid, and longer maturity corporate bonds exhibit a larger political risk premium. Time-series analysis indicates that monetary policy shocks and common shocks in the equity and bond market exhibit a statistically significant and positive association with the political risk premium. Our findings reveal the importance of idiosyncratic political risk beyond common risk factors and aggregate economic policy uncertainty.","""PRisk"" ""cash holdings"" 2016","https://openalex.org/W4403712025","article"
"Firm political risk and corporate social responsibility","Shuhui Wang","2024","Financial Review","5","True","https://onlinelibrary.wiley.com/doi/pdfdirect/10.1111/fire.12423","https://doi.org/10.1111/fire.12423","Abstract We explore the impact of political risk on firms' corporate social responsibility (CSR) and find a negative effect, especially on CSR strengths. Firms facing higher political risk tend to prioritize compliance‐driven CSR concerns over proactive CSR initiatives. This effect is more pronounced in firms with limited financial and operational flexibility, suggesting that CSR decisions align with overall investment strategies and are influenced by financial resources. We also show that political risk negatively affects CSR activities more during financial crises and gubernatorial elections. Overall, our study highlights the role of political risk and financial flexibility in shaping firms' CSR strategies.","""PRisk"" ""cash holdings"" 2016","https://openalex.org/W4405337878","article"
"When Politics Meets Finance: The Moderating Role of Political Uncertainty on Investment–Cash Flow Sensitivity","Imen Fakhfakh","2025","Journal of Public Affairs","2","True","https://onlinelibrary.wiley.com/doi/pdfdirect/10.1002/pa.70088","https://doi.org/10.1002/pa.70088","ABSTRACT This study investigates how political uncertainty influences the relationship between internal cash flow and corporate investment decisions among US firms. Using a dataset of 5817 firm‐year observations from 1079 publicly listed companies between 2013 and 2021, we analyze the moderating effect of both firm‐level political risk (PRISK) and country‐level economic policy uncertainty (EPU) on investment–cash flow sensitivity (ICFS). The empirical evidence indicates a positive and statistically significant relationship between cash flow and corporate investment. However, when interacted with political uncertainty metrics, both at the macroeconomic level (EPU) and firm‐specific level (PRISK), this relationship experiences a significant reduction in magnitude. This attenuation of ICFS persists regardless of whether political uncertainty is measured as a systematic or idiosyncratic risk factor. This negative moderating effect remains robust across various specifications, including controls for financial constraints, different PRISK components, and alternative estimation methods (GMM and 2SLS) using R&amp;D expenditures as an instrumental variable. These results highlight the complex interplay between political uncertainty and firm investment behavior, particularly for financially constrained firms. The findings have important practical implications for corporate managers, investors, and policymakers, who must consider political uncertainty as a critical factor influencing investment strategies and capital allocation. This research contributes to the literature by integrating multiple dimensions of political uncertainty into the analysis of ICFS, offering new perspectives on how external risk factors alter internal financial decision‐making dynamics.","""PRisk"" ""cash holdings"" 2016","https://openalex.org/W4415643078","article"
"Why Don't Firms Lobby? How Information Shapes the Market for Lobbying Services","Benjamin C. K. Egerod; Lasse Aaskoven","2024","SSRN Electronic Journal","1","True","https://doi.org/10.2139/ssrn.4973604","https://doi.org/10.2139/ssrn.4973604","","""PRisk"" ""cash holdings"" 2016","https://openalex.org/W4403071700","article"
"Green Signals or Red Flags? The Impact of Greenhouse Gas Disclosure on Product Market Threats Under Political Risk","Wenbin Sun","2025","Corporate Social Responsibility and Environmental Management","1","True","https://onlinelibrary.wiley.com/doi/pdfdirect/10.1002/csr.70347","https://doi.org/10.1002/csr.70347","ABSTRACT Despite the growing emphasis on corporate climate transparency, the strategic implications of greenhouse gas emission disclosure (GHGD) for product market threats remain underexplored. This study develops a theoretical model proposing that GHGD influences the level of competitive threat firms face, with the effect moderated by firms' broader political environments. Specifically, we argue that political risk strengthens the protective role of GHGD by amplifying the value of credible environmental transparency in volatile institutional contexts. Drawing on a panel dataset of 19,990 firm‐year observations from 1606 firms between 2006 and 2022, we apply a comprehensive set of robust estimation techniques to empirically evaluate these relationships. The results provide strong support for both the main effect of GHGD and the moderating role of political risk. These findings contribute to the literatures on sustainability, strategic CSR, and strategic management by offering new insights into how environmental disclosure interacts with political risk and shapes firms' competitive positioning, underscoring the need for a more context‐sensitive approach to sustainability strategy in complex institutional environments.","""PRisk"" ""cash holdings"" 2016","https://openalex.org/W4417292358","article"
"Is Firm-level Political Risk Priced in the Corporate Bond Market?","Luis Ceballos; Vanja Piljak; Laurens Swinkels","2024","SSRN Electronic Journal","1","True","http://dx.doi.org/10.2139/ssrn.4691029","https://doi.org/10.2139/ssrn.4691029","","""PRisk"" ""cash holdings"" 2016","https://openalex.org/W4391582341","article"
"Firm-level political uncertainty and corporate financial policies","Daniel Strozzi Soares","2020","LA Referencia (Red Federada de Repositorios Institucionales de Publicaciones Científicas)","0","True","http://hdl.handle.net/10362/105981","","Acontecimentos políticos em diferentes países têm efeito significativos em políticas financeiras corporativas. A literatura sugere que não somente a incerteza política agregada tem importância, mas também ao nível da firma. Índices de risco político e dados de empresas públicas nos Estados Unidos entre 2002 e 2019 resultando em 117.049 observações são utilizados para uma estimação de seus efeitos sobre investimento e disponibilidades como variáveis dependentes. Resultados demonstram que o risco político ao nível da firma é sensível ao modelo estatístico utilizado e que disponibilidades são positivamente correlacionadas com o risco político ao nível da firma.","""PRisk"" ""cash holdings"" 2016","https://openalex.org/W3093151150","article"
"Idiosyncratic Political Risk and Bad News Hoarding","Gönül Çolak; Georgios Loukopoulos; Panagiotis Loukopoulos","2025","Financial Review","0","True","https://doi.org/10.1111/fire.70036","https://doi.org/10.1111/fire.70036","ABSTRACT Managers may respond to greater political risk by suppressing unfavorable news from outsiders to manage investors’ perceptions about firm risk and protect their careers. However, they may also avoid engaging in bad news hoarding activities because exposure to political risk increases firm visibility and attracts greater scrutiny. Using a novel measure of firm‐specific risk, we document that idiosyncratic variation in political risk motivates firms to hide bad news from investors, which manifests in greater stock price crash risk. Exploiting the redrawing of electoral districts as a source of plausibly exogenous variation in firm‐level political risk, we show that our documented relationships are causal. Additional tests indicate that stringent monitoring constrains the opportunistic behavior induced by exposure to political risk, while firms actively pursuing political or ESG strategies are less prone to crashes. Finally, we uncover that the path from firm‐level political risk to crash risk is mediated by real earnings management and corporate disclosure readability.","""PRisk"" ""cash holdings"" 2016","https://openalex.org/W4415901232","article"
"How Did Depositors Respond to COVID-19?","Ross Levine; Chen Lin; Mingzhu Tai; Wensi Xie","2021","Review of Financial Studies","108","True","https://academic.oup.com/rfs/article-pdf/34/11/5438/40724138/hhab062.pdf","https://doi.org/10.1093/rfs/hhab062","Abstract Why did banks experience massive deposit inflows during the pandemic? We discover that deposit interest rates at bank branches in counties with higher COVID-19 infection rates fell by more than rates at branches—even branches of the same bank—in counties with lower infection rates. Credit drawdowns, national policies, such as the Payment Protection Program, and a flight-to-safety do not account for these cross-branch changes in deposit rates. Evidence suggests that higher local COVID-19 infection rates are associated with households’ greater anxiety about future job and income losses, anxiety that induces households to reduce spending and increase deposits.","""corporate cash holdings"" Trump","https://openalex.org/W4206686905","article"
"Impact of COVID-19 on different business models of European airlines","László Kökény; Zsófia Kenesei; Gábor Neszveda","2021","Current Issues in Tourism","56","True","https://www.tandfonline.com/doi/epdf/10.1080/13683500.2021.1960284?needAccess=true&role=button","https://doi.org/10.1080/13683500.2021.1960284","In addition to social damage, the first wave of the COVID-19 pandemic also caused huge economic losses in the beginning of 2020, especially for companies in the tourism sector. The airline market was no exception. This study examines the significance of the business model of European listed airlineslow cost carriers (LCCs), full service carriers (FSCs)for stock market performance. We use event study on the 11 airlines included in the sample. In terms of cumulative average abnormal returns, i.e. the most significant deviations from expected returns, negative phases can be detected in the entire and third stage of the pandemic. FSCs performed significantly better than LCCs at the time of the pandemic on 24 February, when European stock markets suffered the most damage; the business model overwrote financial indicators during the toughest period of the crisis. Although most LCCs had higher cash/ assets ratios, they still produced worse results than the average performance of companies with lower cash/assets ratios. This analysis helps to ensure that, in addition to examining financial indicators, the enumeration of the business model in this industry can also be decisive. The future possibilities of the research are discussed at the end of the study.","""corporate cash holdings"" Trump","https://openalex.org/W3195299473","article"
"Temperature trend and corporate cash holdings","Dimitrios Gounopoulos; Yu Zhang","2024","Financial Management","44","True","https://onlinelibrary.wiley.com/doi/pdfdirect/10.1111/fima.12451","https://doi.org/10.1111/fima.12451","Abstract We examine the causal impact of climate uncertainty on companies’ cash holdings using local temperature trends. We find a notable increase in cash reserves among companies in response to rising climate‐related risks. We also identify two significant channels through which climate uncertainty influences firms’ cash management: heightened environmental enforcement risk and increased physical risk. Furthermore, we observe that the positive effect of temperature trends on cash holdings is more pronounced for financially constrained firms and those with a lower level of environmental protection awareness. External financing through equity and debt issuance, as well as cost reduction strategies involving research and development and selling, general, and administrative activities, represent viable avenues for firms to bolster their cash reserves. However, financially constrained firms are less inclined to build up cash reserves through debt financing. Our findings underscore the precautionary nature of corporate cash policies and shed light on how temperature fluctuations can significantly shape corporate behavior.","""corporate cash holdings"" Trump","https://openalex.org/W4393130474","article"
"Economic Policy Uncertainty, Financial Leverage, and Corporate Investment: Evidence from U.S. Firms","Hamza Almustafa; Imad Jabbouri; Ploypailin Kijkasiwat","2023","Economies","31","True","https://www.mdpi.com/2227-7099/11/2/37/pdf?version=1675420040","https://doi.org/10.3390/economies11020037","This paper examines the effect of economic policy uncertainty (EPU) on firm-level investment and corporate financial leverage. The panel data of 1072 firms traded on the New York Stock Exchange (NYSE), New York Stock Exchange Market (NYSE MKT) (formerly known as American Stock Exchange—AMEX), or NASDAQ over the period 2012–2021 was analyzed using the fixed-effect model. The empirical results show that the financial leverage of a firm is negatively affected by EPU. Additionally, EPU depresses firms’ investment decisions and debt financing. Our results are robust when alternative measures of our main variables are used.","""corporate cash holdings"" Trump","https://openalex.org/W4317906787","article"
"Firm‐level energy and carbon performance: Does sustainable investment matter?","Muhammad Atif; Md. Samsul Alam; Md. Shahidul Islam","2022","Business Strategy and the Environment","27","True","https://onlinelibrary.wiley.com/doi/pdfdirect/10.1002/bse.3248","https://doi.org/10.1002/bse.3248","Abstract Pollution reduction is one of the important challenges confronting contemporary business and society. Firms are largely responsible for undertaking sustainable business practices and initiatives as they are major contributors to global pollution. This study empirically examines how sustainable investment influences firm energy and carbon performance. Using a sample of 23,501 firm‐year observations from 2440 unique firms over the period of 2002 to 2018 in G‐6 countries (Canada, France, Germany, Japan, the United Kingdom, and the United States), we demonstrate that sustainable investment leads to better energy and carbon performance without compromising financial return. Our findings are robust to alternative variables, sub‐samples, and different estimation techniques. This study contributes to the global discussion on sustainability and a low‐carbon economy.","""corporate cash holdings"" Trump","https://openalex.org/W4294243577","article"
"Volatility in Carbon Futures Amid Uncertainties: Considering Geopolitical and Economic Policy Factors","Xiaoqing Wang; Wenxin Jin; Baochang Xu; Kai‐Hua Wang","2025","Journal of Futures Markets","23","True","https://onlinelibrary.wiley.com/doi/pdfdirect/10.1002/fut.22565","https://doi.org/10.1002/fut.22565","ABSTRACT This study uses a quantile autoregressive distributed lag model to quantitatively evaluate the effects of economic policy uncertainty (EPU) and geopolitical risk (GPR) on volatility in carbon futures (carbon trading price [CTP]), considering both quantile and time asymmetries. The findings show that long‐term effects of GPR on CTP are more significant than the short‐term effects, contrary to EPU. Both EPU and GPR have predominantly positive long‐term effects on CTP, while EPU negatively affects CTP and geopolitical factors show mixed influences in the short term. The location asymmetry reveals that the long‐term impacts are most pronounced at higher quantiles, whereas the short‐term effects exhibit subtle variations across different quantiles. The influences intensify during structural shifts owing to heightened events. Moreover, EPU is proven as a dominant contributor influencing the fluctuation of CTP both in the short and long terms. The findings provide targeted recommendations for policymakers to stabilize CTP and contribute towards achieving sustainable development.","""corporate cash holdings"" Trump","https://openalex.org/W4406686091","article"
"The Impact of Geopolitical Risk on Corporate Investment: Evidence from Turkish Firms","Ömer Faruk Tan; Hakan Cavlak; Yasin Cebeci; Necati Güneş","2022","Indonesian Capital Market Review","17","True","https://scholarhub.ui.ac.id/cgi/viewcontent.cgi?article=1138&context=icmr","https://doi.org/10.21002/icmr.v14i1.1138","This study analyzes the effects of geopolitical risk on the corporate investment of 164 Turkish manufacturing firms listed in Borsa Istanbul (BIST). The time covers the period from 2005 to 2019, applying the system Generalized Methods of Moments (GMM) estimator. The results indicate that geopolitical risk hurts corporate investment in Turkey. Under uncertainty induced by geographical risk, firms prefer to decline their investment. Additionally, financially constrained (non-dividend, small, young) firms are more negatively affected than financially unconstrained firms. Our findings are robust under alternative measures of geopolitical risk. Overall, this study reveals that geopolitical risk is a significant uncertainty affecting the investment decisions of manufacturing firms in Turkey","""corporate cash holdings"" Trump","https://openalex.org/W4285410645","article"
"A Systematic and Critical Review on the Research Landscape of Finance in Vietnam from 2008 to 2020","Tung Manh Ho; Ngoc-Thang B. Le; Hung-Long D. Tran; Quoc-Hung Nguyen; Manh-Ha Pham; Minh-Hoang Ly","2021","Journal of risk and financial management","9","True","https://www.mdpi.com/1911-8074/14/5/219/pdf?version=1620870240","https://doi.org/10.3390/jrfm14050219","This paper endeavors to understand the research landscape of finance research in Vietnam during the period 2008 to 2020 and predict the key defining future research directions. Using the comprehensive database of Vietnam’s international publications in social sciences and humanities, we extract a dataset of 314 papers on finance topics in Vietnam from 2008 to 2020. Then, we apply a systematic approach to analyze four important themes: Structural issues, Banking system, Firm issues, and Financial psychology and behavior. Overall, there have been three noticeable trends within finance research in Vietnam: (1) assessment of financial policies or financial regulation, (2) deciphering the correlates of firms’ financial performances, and (3) opportunities and challenges in adopting innovations and ideas from foreign financial market systems. Our analysis identifies several fertile areas for future research, including financial market analysis in the post-COVID-19 eras, fintech, and green finance.","""corporate cash holdings"" Trump","https://openalex.org/W3160596852","article"
"The impact of bank mergers on corporate tax aggressiveness","Jie Chen; Tapas Mishra; Wei Song; Qingjing Zhang; Zhuang Zhang","2024","Journal of Corporate Finance","8","True","https://eprints.whiterose.ac.uk/id/eprint/207059/1/The%20Impact%20of%20Bank%20Mergers%20on%20Corporate%20Tax%20Aggressiveness.pdf","https://doi.org/10.1016/j.jcorpfin.2024.102540","","""corporate cash holdings"" Trump","https://openalex.org/W4390618802","article"
"Will robots automate your job away? Full employment, basic income, and economic democracy","Ewan McGaughey","2019","","8","True","https://doi.org/10.31228/osf.io/udbj8","https://doi.org/10.31228/osf.io/udbj8","Will the internet, robotics and artificial intelligence mean a ‘jobless future’? A recent narrative, endorsed by prominent tech-billionaires, says we face mass unemployment, and we need a basic income. In contrast, this article shows why the law can achieve full employment with fair incomes, and holidays with pay. Universal human rights, including the right to ‘share in scientific advancement and its benefits’, set the proper guiding principles. Three distinct views of the causes of unemployment are that it is a ‘natural’ phenomenon, that technology may propel it, or that it is social and legal choice: to let capital owners restrict investment in jobs. Only the third view has any credible evidence to support it. Technology may create redundancies, but unemployment is an entirely social phenomenon. After World War Two, 42% of UK jobs were redundant but social policy maintained full employment, and it can be done again. This said, transition to new technology, when markets are left alone, can be exceedingly slow: a staggering 88% of American horses lost their jobs after the Model T Ford, but only over 45 years. Taking lessons from history, it is clear that unemployment is driven by inequality of wealth and of votes in the economy. To uphold human rights, governments should reprogramme the law, for full employment, fair incomes and reduced working time, on a living planet. Robot owners will not automate your job away, if we defend economic democracy. (2021) Industrial Law Journal.","""corporate cash holdings"" Trump","https://openalex.org/W3121363283","article"
"Exploring the use of emotional sentiment to understanding market response to unexpected corporate pivots","Iulia Cioroianu; Shaen Corbet; Yang Hou; Yang Hu; Charles Larkin; Richard Taffler","2024","Research in International Business and Finance","7","True","https://doi.org/10.1016/j.ribaf.2024.102304","https://doi.org/10.1016/j.ribaf.2024.102304","This article studies the influence of social media sentiment on stock prices, focusing on significant shifts by Eastman Kodak. Utilising a unique emotion-based lexicon, the research indicates that social media sentiment immediately reflects stock market responses to major corporate changes. The sentiment techniques used align with the timeline of Kodak’s announcements. Excitement was found to have the greatest impact on Kodak’s prices. However, emotions like anxiety, panic, and revulsion indicated a notable negative social media reaction. The study cautions against the potential volatility in the market when many investors react to the same dubious information. These findings emphasise the significance of adhering to legal and regulatory standards in corporate governance and advocate for transparency and accountability in policy-making for a more reliable financial system.","""corporate cash holdings"" Trump","https://openalex.org/W4392348202","article"
"Toxic chemical releases and idiosyncratic return volatility: A prospect theory perspective","Stephen Bahadar; Muhammad Nadeem; Rashid Zaman","2022","Accounting and Finance","6","True","https://onlinelibrary.wiley.com/doi/pdfdirect/10.1111/acfi.12951","https://doi.org/10.1111/acfi.12951","Abstract We investigated whether and how firms’ toxic chemical releases (TCRs) affect idiosyncratic return volatility (IRV) using a prospect theory lens. Utilising a large sample of US public listed firms over the period 2001–2018, we find a significant and positive association between TCRs and IRV, suggesting that firms releasing more toxic chemicals have higher IRV. Additional analyses show that a positive association between TCR and IRV is more evident among firms with (i) high revenue, (ii) lower financial constraints and (iii) fewer environmental violations. A further test also suggests that a positive association between TCRs and IRV is contingent on political leadership ideology and market states. Our results remain consistent with weighted TCRs, IRV based on the Fama–French three‐factor model, fixed‐effect two‐stage least square estimator (FE‐2SLS), and other robustness checks. These findings shed light on the role of equity markets as a driver for capital‐intensive pollution abatement activities and enhanced compliance with environmental laws, standards and best practices.","""corporate cash holdings"" Trump","https://openalex.org/W4224325994","article"
"Where Have All the IPOs Gone? Trade Liberalization and the Changing Nature of U.S. Public Corporations","Thomas P. Griffin","2023","Journal of Financial and Quantitative Analysis","4","True","https://www.cambridge.org/core/services/aop-cambridge-core/content/view/47A4A9BA454CE2A04180A31926EB5FF7/S0022109023001424a.pdf/div-class-title-where-have-all-the-ipos-gone-trade-liberalization-and-the-changing-nature-of-u-s-public-corporations-div.pdf","https://doi.org/10.1017/s0022109023001424","Abstract I show that a tariff policy change that increased trade with China led to a decline in U.S. public listing rates and elevated industry concentration. Consistent with heterogeneous firm models of trade, the shock impeded the entry and performance of small domestic manufacturers but did not adversely impact large multinationals. In addition, stock price reactions to the tariff policy change and threat of reversal imply that trade liberalization creates or destroys value depending on firm size. These findings suggest that recent trends in the U.S. public equity market are driven, in part, by fundamental changes in the global competitive landscape.","""corporate cash holdings"" Trump","https://openalex.org/W4389565571","article"
"Green cash flow: how ESG performance shapes corporate cash holding strategies","Leihong Yuan; Mohamad Naimi Mohamad Nor; Dzarfan Abdul Kadir","2025","Frontiers in Sustainability","4","True","https://www.frontiersin.org/journals/sustainability/articles/10.3389/frsus.2025.1531206/pdf","https://doi.org/10.3389/frsus.2025.1531206","This research explores the effect of environmental, social, and corporate governance (ESG) performance on cash holdings using panel data from A-share listed firms in China between 2018 and 2023. The results show that firms with good ESG performance are positively associated with corporate cash holdings; however, the relationship is of relatively low magnitude. Moreover, this study finds that internal control can mediate the relationship between ESG performance and cash holdings. It provides empirical insights to help firms optimize ESG strategies, enhance financial stability, and improve cash management through effective internal controls and managerial mechanisms, supporting policymakers, investors, and businesses in adapting to China’s evolving ESG regulations and sustainability goals. Furthermore, this study is among the first to incorporate internal control mechanisms to effectively influence the effect of ESG performance on corporate cash holdings efficiently in emerging economies, including China.","""corporate cash holdings"" Trump","https://openalex.org/W4410611437","article"
"Political uncertainty and investments by private and state‐owned enterprises","Neeru Chaudhry; Chris Veld","2023","International Review of Finance","3","True","https://onlinelibrary.wiley.com/doi/pdfdirect/10.1111/irfi.12410","https://doi.org/10.1111/irfi.12410","Abstract We study corporate investments around national elections in India. Investment rates drop by a nonsignificant 2.2% for state‐owned enterprises (SOEs) in election years. The decrease is significantly larger for private firms, which record an investment drop of 7.4%. The decrease in investment for private firms is likely attributable to political uncertainty. SOEs balance political uncertainty with the desire to woo voters who want government investments. Investments in election years are perceived positively for both private firms and for SOEs. Increased investment by SOEs and reduction in investment by private firms during election years are associated with improved investment efficiency.","""corporate cash holdings"" Trump","https://openalex.org/W4320716340","article"
"Partisan Conflict, National Security Policy Uncertainty and Tourism","Rufei Zhang; Haizhen Zhang; Qingzhu Fan; Wang Gao; Xue Luo; Shi‐Xiong Yang","2022","Sustainability","3","True","https://www.mdpi.com/2071-1050/14/17/10858/pdf?version=1661948451","https://doi.org/10.3390/su141710858","This study investigates the spillover effects among partisan conflict, national security policy uncertainty and tourism (i.e., tourist arrivals, exports, and stock) in the U.S. by using the TVP-VAR-based connectedness measures. Specifically, we discuss the association strength, spillover direction and dynamic linkages among the three under this framework. The results show that partisan conflict and national security policy uncertainty are net transmitters of spillovers to tourism, and those effects are more potent for inbound tourism demand than tourism stock performance. Moreover, the magnitude of spillovers among the three is time-varying and increases significantly in times of crisis, especially during the 9/11 attacks, the global financial crisis and the COVID-19 pandemic. Our results have important implications for tourism managers to develop sustainable development strategies to buffer or adapt to the uncertainty impact.","""corporate cash holdings"" Trump","https://openalex.org/W4294233863","article"
"Analyst Coverage and Corporate Tax Aggressiveness in Indonesia Stock Exchange","Wiwiek Prihandini","2020","Binus Business Review","3","True","https://journal.binus.ac.id/index.php/BBR/article/download/5996/3774","https://doi.org/10.21512/bbr.v11i1.5996","This research aimed to examine the effects of analyst coverage on corporate tax aggressiveness in emerging markets that stock prices did not reflect available information in the capital market. The samples were 537 companies listed on the Indonesia Stock Exchange from 2015-2016. The samples were taken based on the criterion set by the researcher. The data were obtained from financial statements and fact books published by the Indonesia Stock Exchange. Abnormal Book-Tax Differences (ABTD) was used as a proxy of tax aggressiveness. Analyst coverage was measured by average income predicted from the year (t-1). The equation model showed the effects of analyst coverage on tax aggressiveness using the logistic regression. The findings show that, in a weak form of market, analyst coverage has a positive effect on tax aggressiveness. It means analyst coverage encourages management to carry out tax aggressiveness. The impact is that after-tax income becomes higher, it also results in higher earnings per share, but the tax burden paid to the government is decreased.","""corporate cash holdings"" Trump","https://openalex.org/W3011834204","article"
"Economic Policies and Balance of Payments Across Global Income Groups","Ayesha Iqbal; Min Bai; Abhishek Mukherjee","2025","Journal of Economic Analysis","2","True","https://www.anserpress.org/journal/jea/4/2/104/pdf","https://doi.org/10.58567/jea04020007","This research paper investigates the policy impact of tariff, interest rate, and political stability on balance of payments among three income groups classified by the World Bank. The global panel data is taken from the World Bank from 2002 to 2022 and divided into three groups based on the classification on per capita income into High Income, Upper middle income, and Lower middle-income countries. This study explores how these variables impact balance of payments in different economic conditions and if their impact is different. The study employed in this paper is the Panel Least Squares, Fixed Effects Regression, GMM and Dumitrescu panel granger causality tests. The findings do confirm that these variables indeed have unlike impacts in the selected groups and the importance of tariff and interest rate as a policy tool cannot be sidelined. This research contributes to a deeper understanding of the complex relationship between macroeconomic variables within each income group also highlighting the importance of political stability for economic outlook.","""corporate cash holdings"" Trump","https://openalex.org/W4407820416","article"
"Mastering the Art of Crisis through Mythopoeic Relation to Legacy","Anastasia Sergeeva; Matthew S. Kraatz","2025","Academy of Management Perspectives","2","True","https://purehost.bath.ac.uk/ws/files/349095492/Sergeeva_Kraatz_2024.pdf","https://doi.org/10.5465/amp.2023.0294","This study explores the challenge of a legacy-bearing organization faced with existential crises wherein its need to maintain historically accreted values comes into conflict with its more basic need for continued survival. Our historiographical analysis of three crises from the history of legendary photo agency Magnum Photos indicates that to address this challenge, an organization may engage in continuous mythmaking based on organizational legacy, which we refer to as mythopoeic relation to legacy. Mythopoeic relation to legacy emerges from members’ beliefs in (a) the importance of the organization’s legacy, (b) the organization’s unique capabilities to further this legacy, and (c) the organization’s “miraculous” persistence despite adversities. During crises that challenge one of its high-priority values, mythopoeic relation to legacy triggers the switch from the ethic of conviction for this value to the ethic of responsibility for the whole system, enabling the organization to weave the episode of value violation seamlessly into the fabric of its myth, thus ensuring the continuity of organizational legacy. We refer to this positive loop, whereby crisis triggers mythopoeic relation to legacy, which in its turn helps overcome the crisis, as mastering the art of crisis. Our findings contribute to research on values and rhetorical history.","""corporate cash holdings"" Trump","https://openalex.org/W4408164634","article"
"Corporate Inventory Adjustment and the Effectiveness of Fiscal Policy in China","Youyi Wang; Hao Wu","2021","Journal of Management World","2","True","https://managementworld.online/index.php/mw/article/download/162/160","https://doi.org/10.53935/jomw.v2021i3.162","For many years, China has been very much conservative in fiscal expansion. In this paper, we analyze the impact of economic policy uncertainty on the adjustment of corporate inventory holdings, as well as its intrinsic mechanism and economic consequences. The empirical results show that the increase in policy uncertainty has a significant and negative effect on the level of corporate inventories, and non-SOEs are affected more than SOEs. In addition, we find that the larger the financial constraints or the better the external governance, the greater the inhibitory effect of policy uncertain on inventory investment. In summary, policy uncertainty may lead to an increase in corporate cash holdings and a reduction in inventories through the deterioration of the financing environment and the increase of business risk. The main issues are examined with a view to providing policy recommendations that would allow to maintain robust growth in a sustainable manner","""corporate cash holdings"" Trump","https://openalex.org/W4391734253","article"
"Variability in the impacts of partisan conflict: a new perspective from bank credit","Xuan Hu; Kai Shi; Li Nie; Meng Yan","2022","Economic Research-Ekonomska Istraživanja","1","True","https://www.tandfonline.com/doi/pdf/10.1080/1331677X.2022.2093766?needAccess=true","https://doi.org/10.1080/1331677x.2022.2093766","The purpose of this article is to analyse the impact of partisan conflict on bank credit, and take the global financial crisis as the time node to analyse the variability of this impact before and after the financial crisis. This article examines the impacts of partisan conflict on the bank credit by employing the US data covering the past 40 years and captures the variability in the effects of partisan conflict based on the rolling sample and time-varying parameter VAR analysis. The full sample results reveal that one standard deviation partisan conflict shock will shrink the bank credit growth rate to nonfinancial sectors, and the negative effects of partisan conflict on bank credit are more substantial after the global financial crisis. The rolling sample and time-varying parameter VAR analysis further confirm that the impacts of partisan conflict shock have varied substantially over time, where bank credit still negatively reacts to the impacts of partisan conflict in recent periods. Additionally, we estimate two extended models and support the intermediate role of economic policy uncertainty in transmitting the partisan conflict and the substitution effect of cross-border bank lending on domestic bank credit. Finally, our major results are unchanged by performing a series of robustness checks. The conclusion of this article is that partisan conflict has a significant impact on bank credit and shows obvious variability, which is more significant after the global financial crisis.","""corporate cash holdings"" Trump","https://openalex.org/W4285005140","article"
"Red, blue and the bottom line: political ideologies in financial reporting","Luca Menicacci; Gianluca Moretti; Simone Terzani","2025","Journal of financial reporting & accounting","1","True","https://doi.org/10.1108/jfra-12-2024-0929","https://doi.org/10.1108/jfra-12-2024-0929","Purpose Unveiling the ideological undercurrents of corporate financial reporting, this study aims to explore how liberal and conservative political ideologies shape earnings management (EM) through a bottom-up approach, examining employee political donations in US firms. Design/methodology/approach Leveraging a comprehensive sample of S&amp;P 1500 firms from 2013 to 2020, multiple metrics are applied – including an aggregate index, accrual-based and production cost models – to analyse the relationship between political ideology and financial reporting. Findings Results show how liberal firms demonstrate a distinctive EM approach, engaging more actively in downward earnings manipulation. This strategy suggests a willingness to absorb short-term losses, potentially creating strategic “cookie jars” or executing calculated “big bath” accounting manoeuvres. Research limitations/implications The study’s focus on large, publicly traded US firms acknowledges contextual limitations in broader applicability. Practical implications The research provides relevant insights for policymakers, investors and stakeholders, shedding light on the intricate interplay between political ideology and financial reporting practices. Social implications Contributing to the broader discourse on corporate-policy interactions, the study highlights the complex reciprocal influences between firm political ideology and societal dynamics. Originality/value By tracing the ideological footprints in EM, the study expands the understanding of how political factors subtly yet significantly shape corporate financial behaviours.","""corporate cash holdings"" Trump","https://openalex.org/W4410572495","article"
"Who Is Manipulating Corporate Wallets Amid the Ever-Changing Circumstances? Digital Clues, Information Truths and Risk Mysteries","Cheng Tao; Roslan Ja’afar; Wan Mohd Hirwani Wan Hussain","2025","Journal of theoretical and applied electronic commerce research","1","True","https://www.mdpi.com/0718-1876/20/3/206/pdf?version=1754558683","https://doi.org/10.3390/jtaer20030206","Digital transformation (DT) has emerged as a key strategic lever for enhancing firm resilience and competitiveness, yet its influence on non-productive investment behaviors, such as corporate financial investment, remains underexplored. Existing studies have largely focused on DT’s role in innovation and operational efficiency, leaving a significant gap in understanding how DT reshapes firms’ financial asset allocation. Drawing on a unique panel dataset of A-share main board-listed firms in China from 2011 to 2023, this study provides novel empirical evidence that DT significantly restrains financial investment, with pronounced heterogeneity across ownership types. More importantly, this paper uncovers a multi-layered mechanism: DT enhances the corporate information environment, which subsequently reduces financial investment. In addition, the analysis reveals a moderated mediation mechanism wherein economic uncertainty dampens the information-enhancing effect of DT. Unlike previous research that treats corporate risk-taking as a parallel mediator, this study identifies a sequential mediation pathway, where improved information environments suppress financial investment indirectly by influencing firms’ risk-taking behavior. These findings offer new theoretical insights into the financial implications of DT and contribute to the broader understanding of enterprise behavior in the context of digitalization and economic volatility.","""corporate cash holdings"" Trump","https://openalex.org/W4413134258","article"
"When green is no longer a win - new evidence on the shareholder value effects of green bond offerings","Marie Dutordoir; Shuyu Li; João Quariguasi Frota Neto","2025","International Review of Financial Analysis","1","True","https://pure.manchester.ac.uk/ws/files/1632633357/Green_bond_shareholder_wealth_effects_blind_V3.pdf","https://doi.org/10.1016/j.irfa.2025.104520","","""corporate cash holdings"" Trump","https://openalex.org/W4413440263","article"
"The Consumption Response to Protectionism","Chen Lin; Hongyu Shan; 大 玉田","2024","SSRN Electronic Journal","1","True","https://doi.org/10.2139/ssrn.4790170","https://doi.org/10.2139/ssrn.4790170","","""corporate cash holdings"" Trump","https://openalex.org/W4404049962","article"
"Apyvartinio kapitalo valdymo ypatumai Lietuvos apdirbamosios gamybos įmonėse","Rasa Norvaišienė; Jurgita Stankevičienė","2020","Apskaitos ir finansų mokslas ir studijos: problemos ir perspektyvos","0","True","https://www.vdu.lt/cris/bitstream/20.500.12259/126189/1/ISSN2351-5597_2020_V_14_N_1.PG_45-55.pdf","https://doi.org/10.15544/ssaf.2020.04","io tyrimo tikslas -itirti Lietuvos apdirbamosios gamybos moni naudojamas apyvartinio kapitalo valdymo politikas, j specifinius bruous atskirose akose bei kitimo tendencijas, slygotas ekonomins aplinkos pokyi, o taip pat vertinti ry tarp apyvartinio kapitalo valdymo efektyvumo","""corporate cash holdings"" Trump","https://openalex.org/W3117860910","article"
"DETECTION OF ILLICIT CAPITAL THROUGH THE FORENSIC METHODOLOGY OF CRIMINAL CORRUPTION INVESTIGATION","Oleksii Makarenkov","2026","Baltic Journal of Economic Studies","0","True","http://baltijapublishing.lv/index.php/issue/article/download/3406/3359","https://doi.org/10.30525/2256-0742/2026-12-2-91-104","The article examines the forensic methodology for identifying the capital derived from corruption-related crimes. It is noted that the essence of the methodology lies in a system of methods for recognizing reliable traces, collecting, examining, documenting, and preserving evidence of the existence of such assets in both the material and cybernetic spheres. It is established that the “methodology for identifying corruption assets” is defined through the algorithms of forensic experts and investigators with data regarding such assets, their owners, the mechanisms of their acquisition, storage, multiplication, and laundering, the results of which are transformed into evidence. This methodology intersects with the “methodology of investigating money laundering offences.” It is emphasized that the personality of the corrupt actor and his accomplices is characterized by social alienation. Corrupt actors maintain special relationships with financiers (bankers, investors, insurers, brokers) and businesspersons, as well as with accountants and programmers. Taken together, analysis of these connections enables investigators to determine the places, methods, scale, and composition of misappropriated public funds, the results of their laundering and multiplication, and to identify appropriate mechanisms for their seizure and return. It is underscored that the documentation of procedural actions is accompanied by protocols (interrogations, inspections, expert examinations, audio, photo, and video recordings, etc.), inventory lists, and other annexes to the protocols of thorough searches, expert reports, procedural documents, and other materials required under criminal procedure law. A certain part of the evidentiary base for identifying and/or recovering corruption assets consists of contracts, certificates of completed work, memoranda, reports, and other officially prepared documents drafted by specialists in all jurisdictions and fields where such assets are located. The study of these documents is necessary to overcome the obfuscation created by corrupt actors. It is determined that corruption assets in cyberspace require verification of cryptocurrency wallets and electronic addresses belonging to the corrupt actor. Assets located outside the national jurisdiction in which they were obtained have a relatively high probability of being identified and/or returned only in countries intolerant of illicit proceeds and largely free from internal corruption. The article concludes that the practical measures of criminal justice authorities to identify illicit proceeds in the form of digital currencies and to trace their laundering through such currencies depend on legislative norms regulating the activities of cryptocurrency exchanges, which act as intermediaries in transactions with these assets. Financial monitoring by exchanges of the legality of the sources of funds used by participants in transactions on electronic platforms, as well as the blocking of assets belonging to corrupt actors, terrorists, war sponsors, money launderers, and other criminals, is essential. To date, the primary model for implementing such regulation remains that of the United States. It is summarized that the labor intensity, complexity, and duration of criminal procedural actions aimed at identifying corruption assets, combined with uncertainty regarding the timing of their return, underscore the importance of recording corruption assets - with varying degrees of verification, composition, nominal value, location, stage of return, and corresponding procedural documents of justice authorities - in a specialized register or in new sections of existing anti-corruption registers.","""corporate cash holdings"" Trump","https://openalex.org/W7153137979","article"
"Green Credit Flows and Green Patents as Drivers of Corporate Green Technology in China","Gao Yang; Gong Gang; He Siping; Semmler Willi; Xia Lin; Mehrish Nishu","2026","Global Economic Perspectives","0","True","https://ojs.omniscient.sg/index.php/gep/article/download/71738/74980","https://doi.org/10.37155/2972-4813-gep0401-2","As compared to the West, China's lack of fossil fuel energy resources, in particular oil and gas resources, but not so coal reserves (ChinaPower Project, 2025; Forbes, 2025; IEA, 2024; Yale Environment 360, 2021), seem to have led to an acceleration of renewable energy innovation. Yet in order to speed up the energy transition, investment into new technology, and credit flows are needed. We show that green credit policy significantly promotes corporate green patent trading performance, mainly manifested in the expansion of the number of green patent sales and purchases. However, its impact is heterogeneous among heavily polluting and green enterprises. From a mechanism perspective, the impact on heavily polluting enterprises may mainly come from external credit financing constraints, while internal innovation information disclosure may be the main mechanism for the impact on green enterprises. In addition, this green credit policy has a heterogeneous impact on the green patent trading performance of enterprises in regions with different levels of technology trading market development and different degrees of intellectual property protection. This paper finds that green patent trading activities driven by green credit policies can further achieve economic and environmental benefits. The empirical assessment of the role of green credit in promoting green patent transactions and thereby driving energy transition is an important policy implication of this paper.","""corporate cash holdings"" Trump","https://openalex.org/W7154606302","article"
"The effect of corporate governance on the relationship between performance and competition","Di Wu; Wayne Yu","2025","International Review of Finance","0","True","https://onlinelibrary.wiley.com/doi/pdfdirect/10.1111/irfi.70018","https://doi.org/10.1111/irfi.70018","Abstract This paper examines the effect of corporate governance on the relationship between performance and market competition. We use changes in import tariffs as exogenous shocks to product market competition to examine how the effect of these shocks on performance varies with corporate governance. We find that elevated product market competition due to import tariff cuts results in significant performance deterioration for firms with strong corporate governance, but little effect or even a significant positive effect on performance for firms with poor governance. We further find that these effects are much stronger for nonexporting firms and small firms because they do not have the opportunity/resources to soften the impact of increased competitive pressure. Our findings suggest that elevated market competition helps to reduce managerial entrenchment/slack, which can offset the adverse effects of increased competitive pressure, especially for nonexporting firms and small firms. The findings lend support to the hypothesis that managerial slack is inversely related to industry competitive pressure and, hence, that product market competition and internal corporate governance are substitutes for each other.","""corporate cash holdings"" Trump","https://openalex.org/W4410050447","article"
"An Empirical Study of the Relationship between Economic Policy Uncertainty and Banks’ Non-performing Loan Ratios","Jingxiang Tong","2026","Economics & Business Management","0","True","https://doi.org/10.63313/ebm.9135","https://doi.org/10.63313/ebm.9135","Using panel data for 117 Chinese banks over the period 2011–2022, this paper examines how economic policy uncertainty influences banks’ non-performing loan ratios. The empirical evidence shows that rising economic policy uncertainty increases commercial banks’ non-performing loan ratios. Specifically, economic policy uncertainty affects these ratios through two main channels: asset returns and credit growth. Further analysis reveals that the effects of economic policy uncertainty on non-performing loan ratios are heterogeneous across banks of different sizes. In particular, state-owned banks are less affected by shocks stemming from economic policy uncertainty than non-state-owned banks.","""corporate cash holdings"" Trump","https://openalex.org/W7118187086","article"
"More Competition, Better Products: Evidence From Tariff Cuts","Colin Davison","2025","Journal of Economics & Management Strategy","0","True","https://onlinelibrary.wiley.com/doi/pdfdirect/10.1111/jems.70010","https://doi.org/10.1111/jems.70010","ABSTRACT This article examines how increased competition affects product and process innovation. I combine plausibly exogenous variation in foreign competition induced by large tariff cuts with a difference‐in‐differences strategy and find that firms increase their product patenting in response to increased foreign competition, but, on average, foreign competition has no effect on process patenting. Firms operating in industries where patents are an effective means of protecting their competitive advantage increase their patenting more in response to competition. Initially large and productive firms engage in more process innovation in response to competitive pressure.","""corporate cash holdings"" Trump","https://openalex.org/W4416604711","article"
"REAKSI PASAR MODAL TERHADAP PENGUMUMAN TARIF TRUMP UNTUK INDONESIA PADA PERUSAHAAN MANUFAKTUR YANG TERDAFTAR DALAM INDEKS LQ45","Richard Imanuel Sangkoy; Maryam Mangantar; Joy Elly Tulung","2026","JMBI UNSRAT (Jurnal Ilmiah Manajemen Bisnis dan Inovasi Universitas Sam Ratulangi)","0","True","https://ejournal.unsrat.ac.id/v3/index.php/jmbi/article/download/67048/52079","https://doi.org/10.35794/jmbi.v13i1.67048","This study aims to analyze the capital market reaction to events before and after the announcement of the 32% US tariff on Indonesia on manufacturing companies listed on the LQ45 index. Market reaction is measured through Abnormal Return and Trading Volume Activity with a quantitative approach using the Event Study method. The sample was determined using purposive sampling, with a sample size of six manufacturing companies listed on the LQ45 index for the period May-July 2025. The testing was conducted using a paired sample t-test and Wilcoxon signed rank test with an observation period of 7 days before and 7 days after the announcement. The results showed that there was no significant difference in abnormal return or trading volume activity before and after the tariff announcement. Thus, the announcement of a 32% tariff by the United States on Indonesia did not cause a significant reaction in the Indonesian capital market","""corporate cash holdings"" Trump","https://openalex.org/W7140026732","article"
"نمذجة انتقال أثر تغیرات سعر الصرف إلى أسعار المستهلکین فی الیابان","أمیرة عقل أحمد عقل أحمد; فردوس أحمد کمال","2021","المجلة العلمية للدراسات والبحوث المالية والتجارية","0","True","https://cfdj.journals.ekb.eg/article_207554_006039171714909d06841ae45bfe9fe0.pdf","https://doi.org/10.21608/cfdj.2021.207554","قامت الدراسة بتطبيق منهجية تناظر التکامل ونموذج الانحدار الذاتي بفترات إبطاء موزعة لنمذجة العلاقة بين مؤشر أسعار المستهلکين في اليابان (کمتغير تابع) وخمسة من المتغيرات المستقلة هي مؤشرات أسعار المستهلکين في الصين والولايات المتحدة الأمريکية (أهم الشرکاء التجاريين لليابان)، وسعر الصرف الاسمي الفعال للين، مؤشر الناتج الصناعي، ومؤشر أسعار الأسهم Nikkei225، باستخدام بيانات شهرية للفترة الممتدة من أبريل 2013 (تطبيق سياسات التوسع الکمي والنوعي) حتى يونيو 2019. أکدت نتائج النموذج وجود علاقة توازنية طويلة الأجل بين المتغيرات. في الأجل الطويل، يؤدي انخفاض سعر الصرف بنسبة 10% إلى ارتفاع أسعار المستهلکين في اليابان بنسبة 0.2٪، بينما يؤدي ارتفاع مؤشر أسعار المستهلکين في الصين بنسبة 10٪ إلى زيادة نظيره الياباني بنسبة 2٪. ويؤدي ارتفاع الناتج الصناعي بنسبة 10% إلى زيادة أسعار المستهلکين بنسبة 1.37٪، مما يعني أن تحسن ظروف الطلب تؤدي لارتفاع أسعار المستهلکين في الأجل الطويل. وکذلک، فإن ارتفاع أسعار الأسهم بنسبة 10% تؤدي لارتفاع أسعار المستهلکين بنسبة 0.08٪، ويعني ذلک أن تأثير قناة إعادة توازن المحفظة على معدل التضخم محدود بسبب تجنب المخاطرة وتفضيل القطاع العائلي لودائع البنوک. وقد جاء معامل انحدار أسعار المستهلکين في الولايات المتحدة الأمريکية غير معنوي، مما يعني أن تغيرات أسعار المستهلکين بها کشريک تجاري لا تؤثر على أسعار المستهلکين في اليابان. وتجدر الإشارة إلى أن مرونات الأجل القصير تنخفض عن نظيرتها في الأجل الطويل، کما هو متوقع. وقد جاء معامل انحدار الناتج الصناعي في الأجل القصير بإشارة سالبة لا تتفق مع التوقعات النظرية السابقة، ويمکن تفسير ذلک بأن الشرکات اليابانية تجد صعوبة في رفع أسعار مبيعاتها، وبالتالي تتبنى استراتيجيات التسويق القائمة على الخصم.","""corporate cash holdings"" Trump","https://openalex.org/W4200215479","article"
"The impact of global economic policy uncertainty on investment by Vietnamese listed firms","Vo Xuan Hong","2024","Journal of Asian Business and Economic Studies","0","True","http://jabes.ueh.edu.vn/Content/ArticleFiles/e816b222-503d-4260-83c7-a6dbea0973dc/JABES-2024-4-V66.pdf","https://doi.org/10.24311/jabes/2024.35.4.7","Our paper investigates the effect of global economic policy uncertainty (GEPU) on investment by publicly listed firms in Vietnam, based on a sample of 602 firms listed on the HCMC and Hanoi stock exchanges for the period 2011–2021. We find that firms reduce investment during high GEPU periods. The negative effect of GEPU on investment is significantly stronger in firms that are more dependent on external financing, more financially constrained, have a higher degree of investment irreversibility, or possess higher market power. These findings have important implications for the Vietnamese government in revising policies and resolutions, especially those related to financing, to support firms during periods of high GEPU.","""corporate cash holdings"" Trump","https://openalex.org/W4415899922","article"
"Bank <scp>CSR</scp> Engagement, Institutional Environments, and Corruption","Mohammad Bitar; Hassan Obeid; Imane El Ouadghiri; Jonathan Peillex","2026","International Journal of Finance & Economics","0","True","https://onlinelibrary.wiley.com/doi/pdfdirect/10.1002/ijfe.70136","https://doi.org/10.1002/ijfe.70136","ABSTRACT This study examines the effect of bank engagement in corporate social responsibility (CSR) on corruption across 39 countries from 2002 to 2021. We build on the view that CSR enables banks to act as active agents influencing national corruption, rather than passive agents of institutional norms. Our results indicate that stronger bank CSR significantly reduces corruption, with robust findings across measures and specifications. CSR mitigates corruption through enhanced regulatory compliance, stakeholder protection, governance diversity, and improved information flows. It also complements formal institutions and informal societal norms, highlighting the potential of embedding CSR into banking regulation to advance both anti‐corruption and financial stability.","""corporate cash holdings"" Trump","https://openalex.org/W7118871694","article"
"The Economic Policy Uncertainty on Firm’s Behavior","Rongyang Ma","2024","Advances in Economics Management and Political Sciences","0","True","https://aemps.ewapub.com/article/view/15022.pdf","https://doi.org/10.54254/2754-1169/106/20241699","The study examines how economic policy uncertainty could affect firm behavior. It discusses how changes in economic policies can affect investment decisions, capital expenditure, innovation, and green behavior of firms. This topic focuses on analyzing the relationship between corporate financial decisions and consumer spending under policy uncertainty. It also explores the relationship between policy uncertainty and firms' overseas investments, environmental performance, governance practices, tax avoidance strategies, and cash-effective tax rates. The findings reveal the importance of cash holdings in alleviating the effects of policy uncertainty on firm activities and highlight the relationship between policy uncertainty and firms' carbon emission intensity. Overall, the study provides insights into the various aspects of corporate decision-making affected by economic policy uncertainty.","""corporate cash holdings"" Trump","https://openalex.org/W4401966180","article"
"Ryzyko biznesowe w pasażerskim lotnictwie cywilnym – w poszukiwaniu źródeł niestabilności sektora","Adam Hoszman","2025","Studia i Prace Kolegium Zarządzania i Finansów","0","True","https://econjournals.sgh.waw.pl/SiP/article/download/4731/5026","https://doi.org/10.33119/sip.2025.201.2","Działalność podmiotów tworzących sektor pasażerskiego lotnictwa cywilnego charakteryzuje się dużą niestabilnością. Jej źródłem są często występujące zmiany w makrootoczeniu sektora oraz w nim samym, mające istotny wpływ na jego funkcjonowanie. Oznacza to, że sektor ten cechuje się wysokim poziomem ryzyka biznesowego, które opisuje możliwość (prawodopodobieństwo) wystąpienia takich zmian. Poniższe opracowanie porządkuje kwestie ryzyka biznesowego, w szczególności jego rodzaje, które mają największy wpływ na funkcjonowanie linii lotniczych, lotnisk, zarządzających przestrzenią powietrzną i innych podmiotów tworzących ten sektor. W badaniach wykorzystano analizę przypadków wybranych zdarzeń stanowiących materializację różnych ryzyk biznesowych typowych dla sektora pasażerskiego transportu lotniczego. Przeprowadzone analizy wskazują, że rodzajem ryzyka, które potencjalnie może mieć (i historycznie miało) największy wpływ na funkcjonowanie sektora, jest ryzyko polityczne (w tym geopolityczne i regulacyjne), ponieważ związane z nim zdarzenia wpływają często na podstawy funkcjonowania lotnictwa pasażerskiego.","""corporate cash holdings"" Trump","https://openalex.org/W4414471872","article"
"Exporting Uncertainty: The Impact of Brexit on Corporate America","Murillo Campello; Gustavo Cortés; Fabrício d’Almeida; Gaurav Kankanhalli","2020","SSRN Electronic Journal","15","True","https://doi.org/10.2139/ssrn.3530685","https://doi.org/10.2139/ssrn.3530685","","""cash holdings"" ""2016 election""","https://openalex.org/W2999039698","article"
"WITHDRAWN: Does mandating corporate social and environmental disclosure improve social and environmental performance?: Broad-based evidence regarding the effectiveness of directive 2014/95/EU","Charl de Villiers; John Dumay; Federica Farneti; Jing Jia; Zhongtian Li","2024","The British Accounting Review","8","True","https://doi.org/10.1016/j.bar.2024.101437","https://doi.org/10.1016/j.bar.2024.101437","Given that the aim of corporate social and environmental disclosure mandates is to improve corporate social and environmental performance, this study investigates the impact of such mandates on performance. Using a difference-in-differences analysis, we examine trends in corporate social and environmental performance before and after the introduction of Directive 2014/95/EU (hereafter, the Directive), comparing affected European companies with companies in the United States (US), based on a balanced sample of 358 European companies (excluding United Kingdom (UK) companies, because they were subject to additional regulations that came into effect around the same time) and 470 US companies from 2009 to 2020. We find that European companies' performance has not improved substantially since the Directive came into effect in 2017, nor have they improved compared to US companies. Thus, the evidence suggests that the Directive has not improved European companies’ social and environmental performance. Our study provides broad-based evidence of the (in)effectiveness of mandating corporate social and environmental disclosures to enhance performance. Our findings will be of interest to regulators considering disclosure mandates, as well as stakeholders and investors interested in enhancing social and environmental performance.","""cash holdings"" ""2016 election""","https://openalex.org/W4400012646","article"
"Sustainability-driven governance through green political marketing in developing countries","Samuel Affran; Benedicta Quao; Ebenezer Arthur Duncan","2025","Discover Environment","1","True","https://link.springer.com/content/pdf/10.1007/s44274-025-00407-3.pdf","https://doi.org/10.1007/s44274-025-00407-3","This perspective advances a theoretical framework that examines the influence of green political marketing and sustainability initiatives on electoral outcomes in developing countries, leveraging Stakeholder Theory to provide novel insights into the strategic integration of environmental narratives and sustainable development agendas in political campaigns. By applying Stakeholder Theory, this study sheds light on the mechanisms through which sustainability-driven governance emerges, revealing how political actors' engagement with stakeholders’ shapes voter perceptions and electoral outcomes. The proposed framework suggests that green political marketing enhances voter engagement and shapes public perception, positioning sustainability as a decisive factor in presidential elections. The paper offers policy implications that highlight the need to embed sustainability within political governance strategies, strengthen environmental regulatory enforcement, and promote inclusive stakeholder participation. Bridging the domains of green political marketing, sustainability, and governance, this study contributes to the growing body of literature on how sustainability considerations are reshaping electoral behavior and democratic processes in developing economies, while also demonstrating the utility of Stakeholder Theory in understanding the complex dynamics among green political marketing, sustainability, and electoral outcomes.","""cash holdings"" ""2016 election""","https://openalex.org/W4415444561","article"
"Working Capital Management Policies for Managers to Improve Profitability","Percy Kandukira","2022","Management Consulting Journal","0","True","https://sciendo.com/pdf/10.2478/mcj-2022-0008","https://doi.org/10.2478/mcj-2022-0008","Abstract Efficient working capital management is a requisite and is crucial for small firms’ profitability. The main reason for most SMEs’ failure is the incompetence of their managers to appropriately control and plan their current liabilities and current assets (Smith, 1973). Keeping in view the SMEs’ difficulties in proper working capital management and the significance of working capital management in profitability, survival and growth of SMEs, this research aims to analyse the association between individual working capital components, corporate governance characteristics and alternate proxies of profitability in SMEs. The study has significance for managers in planning and managing working capital in such a way that they can increase their profitability.","""cash holdings"" ""2016 election""","https://openalex.org/W4282839326","article"
"The End of Carry?","Tim Lee; Jamie Lee; Kevin Coldiron","2021","Wilmott","0","True","https://onlinelibrary.wiley.com/doi/pdfdirect/10.1002/wilm.10904","https://doi.org/10.1002/wilm.10904","In their 2019 book, The Rise of Carry, Tim Lee, Jamie Lee, and Kevin Coldiron proposed that the fi nancial markets are subject to a 'carry regime' in which the dominant transaction is the carry trade -trades that are short volatility, leveraged, liquidity providing, and prone to long periods of positive returns interspersed with dramatic crashes.The rise of this regime has been supported (perhaps unwittingly) by governments and central banks.In this article, the authors review the behavior of markets in 2020 through the lens of this hypothesis.","""cash holdings"" ""2016 election""","https://openalex.org/W3128029949","article"
"Pengaruh Struktur Modal, Profitabilitas, Ukuran Perusahaan dan Pertumbuhan Perusahaan terhadap Nilai Perusahaan","Eifrel Rosa; Hermanto Hermanto","2024","JURNAL ILMIAH GLOBAL EDUCATION","1","True","https://ejournal.nusantaraglobal.ac.id/index.php/jige/article/download/2247/2546","https://doi.org/10.55681/jige.v5i1.2247","This research aims to explain the relationship between capital structure, profitability, company size and company growth and company value. This research utilizes data that has been adjusted to research criteria sourced from financial reports for the food and beverage industry for the 2018-2022 period. Data collection used a purposive sampling method with exploratory steps, where this research utilized 90 samples from a total of 18 companies over a 5 years period, using the Eviews10 statistical application. The results of this research reveal that capital structure has a positive relationship with company value, profitability is positively correlated with company value, company size is not correlated with company value and company growth has no evidence of having an influence on company value.","""cash holdings"" ""TCJA""","https://openalex.org/W4393435935","article"
"How U.S. firms adjusted capital structure after the Tax Cuts and Jobs Act: Empirical evidence","Mohammad Tareq; Abdullah Al Mahmud; Muhammad Shahin Miah","2026","Accounting and Management Information Systems","0","True","https://doi.org/10.24818/jamis.2026.01004","https://doi.org/10.24818/jamis.2026.01004","Research Question: This paper investigates how a firm responds to tax reforms on corporate capital structure decisions. The TCJA 2017 represents one of the most significant tax reforms in the U.S. history, reducing the corporate income tax rate from 35 per cent to 21 per cent while introducing some major provisions, such as bonus depreciation, interest deductibility limits, and restrictions on NOL carry forward, which could have a joint effect on corporate capital structure decisions. Based on traditional capital structure theories, we hypothesized that such a significant tax rate reduction, including the addition of some restrictive provisions, would motivate companies to rely less on debt financing relative to internal financing or equity financing due to decreased tax shield benefits. Methodology: To test our hypotheses, we employ a panel regression model with firm and year-fixed effects. Our sample consists of 42,598 firm-year observations spanning from 2014 to 2020. We utilize multiple proxy measures for capital structure decisions, including short-term debt ratio, long-term debt ratio, and total leverage. We control for firm-specific factors that might influence capital structure choices. We conduct additional analyses based on firms’ financial distress levels (using Altman’s Z-score) and financial flexibility, measured by cash holdings. Findings: Contrary to expectations derived from static trade-off theory, we find that firms’ dependence on external sources financing increases in post-reform periods relative to pre-reform periods. The positive relation between tax reform and short-term financing is more pronounced in financially distressed firms, while safer firms tend to decrease their reliance on short-term financing in the post-reform periods. In contrast, firms with greater financial flexibility exhibit greater reliance on long-term debt in post-reform periods than less financially flexible firms. Originality/Value: This study provides the first comprehensive empirical investigation of TCJA 2017’s impact on corporate capital structure decisions. Our findings contribute to the capital structure literature by providing evidence consistent with dynamic trade-off theory rather than static trade-off models. The results have important implications for policymakers evaluating the effectiveness of tax reforms in influencing corporate financial behavior and for corporate financial managers making capital structure decisions in changing tax environments.","""cash holdings"" ""TCJA""","https://openalex.org/W7147542585","article"
"An overview of academic tax accounting research drawing on U.S. multinational taxation","Terrence Shevlin","2021","eScholarship (California Digital Library)","0","True","https://escholarship.org/content/qt6q31b7jd/qt6q31b7jd.pdf?t=qhdota","","Economics-based tax research in accounting draws heavily on the Scholes and Wolfson framework. The framework develops a global approach to tax planning where all parties, all taxes, and all costs are to be considered in effective tax planning. Effective tax planning is distinct from tax minimization as the goal of the former is to maximize the after-tax rate of return. The first empirical applications of the framework followed the passage of the Tax Reform Act of 1986. Taxation of multinationals has long been of interest to accounting (and other) researchers and continues to be of interest. The Tax Cuts and Jobs Act of 2017 changed many tax laws including how the U.S. taxes U.S. multinationals. Research examining the ramifications of this latest Tax Act is already well under way.","""cash holdings"" ""TCJA""","https://openalex.org/W3142874078","article"
"The effect of foreign dividend exemption on profit repatriation through dividends, royalties, and interest: evidence from Japan","Makoto Hasegawa; Michi Kakebayashi","2025","International Tax and Public Finance","0","True","https://link.springer.com/content/pdf/10.1007/s10797-025-09889-6.pdf","https://doi.org/10.1007/s10797-025-09889-6","Abstract Multinational corporations repatriate foreign profits through dividends, royalties, and interest paid by foreign affiliates to their parent firms. International tax rules that govern the taxation of repatriated foreign earnings thus influence decisions on profit repatriation. In 2009, Japan introduced a foreign dividend exemption system (the so-called territorial tax system) that exempted dividends received by Japanese firms from their foreign affiliates from home-country taxation. This paper examines the effects of this tax reform on profit repatriation through dividends, royalties, and interest. The enactment of the foreign dividend exemption system reduced the effective tax rate on foreign income repatriated through dividends by an average of 6.8 percentage points in 2009. We find that, in response to this tax rate reduction, Japanese-owned foreign affiliates increased dividend payments but did not alter royalty or interest payments. As a result, these affiliates increased total payments to their Japanese parents.","""cash holdings"" ""TCJA""","https://openalex.org/W4409175275","article"
"SUMMARIES OF PAPERS IN THIS ISSUE","","2024","Journal of the American Taxation Association","0","True","https://publications.aaahq.org/jata/article-pdf/46/2/1/110914/i0198-9073-46-2-1.pdf","https://doi.org/10.2308/jata-2024-017","","""cash holdings"" ""TCJA""","https://openalex.org/W4402100402","article"
"Reinstating and Revising § 162(m)'s Performance-Based Pay Exception","Charlie Buttgereit","2020","Pittsburgh Tax Review","0","True","https://taxreview.law.pitt.edu/ojs/taxreview/article/download/106/160","https://doi.org/10.5195/taxreview.2019.106","Reinstating and Revising § 162(m)'s Performance-Based Pay Exception","""cash holdings"" ""TCJA""","https://openalex.org/W3020499267","article"
"The Impact of Fiscal Policies on Corporate Investment Strategies and Stock Market Performance","Lehar Bansal","2025","International Journal For Multidisciplinary Research","0","True","https://www.ijfmr.com/papers/2025/3/40106.pdf","https://doi.org/10.36948/ijfmr.2025.v07i03.40106","This paper examines the relationship between fiscal policies and their impact on the private sector and stock market fluctuation particularly focusing on the difference in the reaction between developed and developing countries. It is based on secondary data focusing on case studies of key policy movements in recent years and their impact on the private sector and financial market. This included utilizing published data, academic journals, government economic reports, stock market performance indices, and corporate financial statements. The findings indicate a significant relationship between fiscal policies, both through tax policy changes and government expenditure, on corporate investment decisions. However, this relationship is also affected by factors like market conditions, economic growth, etc. Similarly, significant stock market volatility has been observed post-fiscal policy announcements. Other factors affecting stock market performance include investor’s psychology, long-term predictions, etc. Notably, developed economies generally observe fewer fluctuations after fiscal policy announcements and implementation as compared to emerging economies.","""cash holdings"" ""TCJA""","https://openalex.org/W4410463716","article"
"The Effect of a Worldwide Tax System on Tax Management of Foreign Subsidiaries","Saskia Kohlhase; Jochen Pierk","2019","SSRN Electronic Journal","0","True","https://www.ssrn.com/abstract=2815112","","Under a worldwide tax system, firms pay taxes on their domestic income and repatriated foreign income, whereas under a territorial tax system repatriated foreign income is exempt from taxation. We examine whether worldwide tax systems reduce the incentives of multinational corporations to engage in tax management in their foreign subsidiaries. Using two quasi-natural experiments, we show that multinationals lower the effective tax rates in their foreign subsidiaries after countries switch from a worldwide to a territorial tax system. Thus, multinationals subject to a worldwide tax system face competitive disadvantages compared to competitors from countries with a territorial tax system.","""cash holdings"" ""TCJA""","https://openalex.org/W3124042807","article"
"Corporate inversion, cost of equity and ineffective tax reform","Liu Hong; Tianpeng Zhou","2024","Accounting and Finance","0","True","https://onlinelibrary.wiley.com/doi/pdfdirect/10.1111/acfi.13264","https://doi.org/10.1111/acfi.13264","Abstract US multinational firms typically invert either through a pure form or by merging with foreign entities. Our research documents that pure inversions increase inverting firms' cost of equity, while merger inversions decrease it. These results remain robust across different measures of the cost of equity. We also demonstrate that the 2004 tax reform is ineffective in reducing US multinational firms' tendency to invert. Instead, it prompts firms to shift from pure inversions to merger inversions, which are less value‐enhancing due to their lower tax benefits. It is unlikely that the legislators had foreseen these outcomes.","""cash holdings"" ""TCJA""","https://openalex.org/W4395038984","article"
"U.S. multinationals’ foreign cash holdings: an empirical estimate and the impact of the tax cuts and jobs act of 2017 on the value of foreign cash","John L. Campbell; Dan S. Dhaliwal; Linda K. Krull; Casey M. Schwab","2025","Review of Accounting Studies","0","True","https://link.springer.com/content/pdf/10.1007/s11142-025-09888-2.pdf","https://doi.org/10.1007/s11142-025-09888-2","Abstract We use publicly available information to estimate the country location of multinational firms’ cash holdings, examine why investors discount the value of cash held overseas, and examine whether that discount changes after the Tax Cuts and Jobs Act (TCJA) of 2017. We provide three main results. First, our firm-year foreign cash estimates are reasonably accurate, evidenced by high correlations with simulated data and proprietary country-level data, high adjusted R 2 when explaining a firm’s total cash holdings, and the ability to replicate prior findings. Second, we demonstrate that investors value foreign cash holdings more negatively than domestic cash holdings when the cash is held in high agency-cost countries. Finally, we find that investors no longer appear to discount foreign cash after the TCJA, when the U.S. moved from a worldwide to a quasi-territorial taxation system.","""cash holdings"" ""TCJA""","https://openalex.org/W4412410787","article"
"Fiscal Year-Ends and Financial Benefits: The Role of Prospective Measurement Dates in Tax Reform","Cristi A. Gleason; Tyler Menzer; Jaron H. Wilde","2024","Journal of the American Taxation Association","0","True","https://publications.aaahq.org/jata/article-pdf/doi/10.2308/JATA-2021-035/107132/jata-2021-035.pdf","https://doi.org/10.2308/jata-2021-035","ABSTRACT The Tax Cuts and Jobs Act (TCJA) of 2017 dramatically reshaped the tax landscape for companies and reduced incentives for multinationals to leave foreign earnings abroad. We study a provision of the law that allowed some multinationals to take simple measures to reduce their tax burden more than other firms. The TCJA levied a tax on accumulated income held in foreign subsidiaries of U.S. firms. The implementation of this tax left firms an avenue to protect shareholder wealth, as foreign income retained as “cash” was taxed at a higher rate (15.5 percent) than foreign income retained in other asset classes (8 percent). Measurement rules allowed some firms significantly more time to shift foreign cash holdings to “noncash” assets and lower their tax burden. Using staggered, firm-specific measurement dates, we find that fiscal year-end firms with more time to respond to the law reduced their cash levels more than other firms. JEL Classifications: E62; H21; H25.","""cash holdings"" ""TCJA""","https://openalex.org/W4393384881","article"
"Estimating the Likelihood of Future Tax Settlements","Jared N. Jennings; Joshua A. Lee; Erin Towery","2024","ScholarsArchive  (Brigham Young University)","0","True","https://scholarsarchive.byu.edu/cgi/viewcontent.cgi?article=9403&context=facpub","","Corporate income tax settlements represent a substantial cash outflow for many U.S. firms. This study develops an ex-ante measure of future corporate income tax settlement likelihood using quantitative and qualitative information from Form 10-K. We find that both quantitative and qualitative information are incrementally useful in predicting future tax settlements. We then use our new measure to examine the association between predicted future tax settlements and cash holdings. In contrast with prior research documenting a positive association between reserves for uncertain tax positions and cash holdings, we find that firms with a higher likelihood of future tax settlements hold less cash than firms with a lower likelihood of future tax settlements. Taken together, our study provides an ex-ante measure of tax settlement likelihood that can be used by future researchers, and our findings suggest a more nuanced relation between tax uncertainty and cash holdings.","""cash holdings"" ""TCJA""","https://openalex.org/W7134876228","article"
"The accounting for defined benefit pension plans in family firms","Ahmad Ismail; Samer Khalil; Assem Safieddine","2024","Financial Markets Institutions and Instruments","0","True","https://onlinelibrary.wiley.com/doi/pdfdirect/10.1111/fmii.12198","https://doi.org/10.1111/fmii.12198","Abstract This paper investigates the accounting for defined benefit pension plans in U.S. family firms. Relying on agency theory and the literature on defined benefit pension plans, we test whether the allocation of pension plan assets, the expected rate of return on pension plan assets and the contributions to defined benefit pension plans in family firms are significantly different from those in non‐family firms. Relying on a sample of U.S. firms over the period 2004–2018, we first document that family firms take more risk when allocating their pension plan assets relative to non‐family firms where they allocate a larger (smaller) percentage of pension plan assets in equity (debt) securities. We also show that family firms are more aggressive in setting the expected rate of return on pension plan assets than non‐family firms. However, family firms’ contributions to defined benefit pension plans are comparable to those of non‐family firms. Our findings hold after controlling for the endogeneity in family firms. These findings are important since they provide first hand empirical evidence on the accounting for defined benefit pension plans in family firms. They further shed light over pension plans that serve as a key tool to attract and retain executive talents and make up a significant portion of firms balance’ sheets.","""cash holdings"" ""TCJA""","https://openalex.org/W4396669016","article"
"How Does Investment in Tax Planning and Other Investment Respond to Firm-Level Tax Policy Uncertainty?","Charles Lee; Terry Shevlin","2026","Journal of the American Taxation Association","0","True","https://publications.aaahq.org/jata/article-pdf/doi/10.2308/JATA-2023-027/128151/jata-2023-027.pdf","https://doi.org/10.2308/jata-2023-027","ABSTRACT This study examines whether firm-specific tax policy uncertainty (TPU) influences corporate investment decisions. Investment theory predicts that, with uncertain project cash flows, firms should elect to delay committing to investments. Consistent with this prediction, we find that TPU is negatively associated with both tax planning and other investments, incremental to the firm’s nontax uncertainties. In exploring the consequences of greater TPU, we find TPU is associated with inefficient underinvestment, which negatively impacts future firm profitability. We further show that, during periods of unusually high TPU, when tax planning investments are especially more valuable, firms appear to substitute away from general investments toward tax planning. These findings suggest that firms prefer to direct resources toward engaging with tax experts for guidance when the tax environment is more uncertain. Overall, we find that tax policy uncertainty has a negative effect on corporate investments and future firm performance. Data Availability: All data are compiled from publicly available sources.","""cash holdings"" ""TCJA""","https://openalex.org/W7124936907","article"
"Do tax havens affect the usage of share buybacks schemes?","Alessandro Chiari","2025","Annals of Public and Cooperative Economics","0","True","https://onlinelibrary.wiley.com/doi/pdfdirect/10.1111/apce.70026","https://doi.org/10.1111/apce.70026","Abstract This study examines whether the use of tax haven subsidiaries by U.S. multinational corporations (MNCs) is associated with more intense usage of share buybacks. I find that MNCs' more intensive tax haven subsidiary usage is positively associated with a higher buyback ratio, a higher level of free cash flow and a higher level of return on investment. I also find a higher increase in the buyback ratio of American companies following the sales of U.S. stocks from entities located in tax havens. In cross‐sectional analyses, I identify channels through which the positive association between tax haven intensity and share buybacks is more pronounced. I also test the share buyback execution of U.S. MNCs affected by recent legislation promulgated in the U.S. (2017 corporate tax cut, 2017 repatriation tax). This paper contributes to the literature by documenting a robust positive relationship between tax haven intensity and share buybacks among U.S. multinationals. It further explores the channels through which tax avoidance translates into repurchase behaviour, using rich panel data and multiple identification strategies, including instrumental variables, propensity score matching and difference‐in‐differences estimation.","""cash holdings"" ""TCJA""","https://openalex.org/W4417070495","article"
"Impact of the Tax Cuts and Jobs Act on Capital Investment in Publicly Traded United States Manufacturing Firms through 2020","Nimish Bharadwaj","2025","","0","True","https://research-archive.org/index.php/rars/preprint/download/3025/4214/3781","https://doi.org/10.58445/rars.3025","The 2017 Tax Cuts and Jobs Act (TCJA) represents the most significant tax overhaul since the Tax Reform Act of 1986, and one of the most substantial fiscal policies in American history.This paper examines the impact of the TCJA on capital investment in publicly traded U.S. manufacturing firms through 2020.It first outlines the corporate provisions of the TCJA, then delineates three classic theoretical models of how business investment should respond to tax cuts.Finally, this paper evaluates the TCJA's empirical results through three sources.The Albertus et al. paper focuses solely on investment behavior from repatriations, while Kopp et al. and Erkmekjian and Snyder's papers cover the TCJA's overall effects.The exogenous shock had no impact on investment from repatriations, and broader investment growth was muffled; firms instead chose decisive stock market activity to raise share prices.","""cash holdings"" ""TCJA""","https://openalex.org/W4414077787","article"
"IMPACT OF THE 2017 TAX CUTS AND JOBS ACT ON FOREIGN CASH HOLDINGS OF U.S. MULTINATIONAL CORPORATIONS","Herman Manakyan; Ani Manakyan Mathers","2021","Accounting & taxation","0","True","https://papers.ssrn.com/sol3/Delivery.cfm/SSRN_ID3902106_code1332876.pdf?abstractid=3902106&mirid=1","","U.S. Multinational Corporations (MNCs) generate significant amounts of income in foreign countries through their international affiliates and subsidiaries. Prior to 2018, this income was subject to U.S. taxation only when repatriated to the U.S., creating an incentive for those firms to retain these earnings in their foreign subsidiaries and leading to the accumulation of large amounts of cash held by U.S. corporations outside of the U.S. The Tax Cuts and Jobs Act (TCJA), which was signed into law by President Trump on December 22, 2017, changed the corporate taxation of U.S. MNCs to a territorial system and created an immediate tax liability for U.S. MNCsâ€™ deemed repatriation of their past foreign earnings. A primary objective of the change in the corporate tax structure was to encourage repatriation of accumulated foreign cash, as well as to eliminate the incentives to accumulate cash in foreign jurisdictions. This study examines the impact of the tax law changes on cash transactions and cash holdings of U.S. MNCs. Our results indicate a major policy goal of TCJA was largely accomplished, resulting in U.S. MNCs repatriating significant amounts of accumulated foreign cash, as well as reducing the future retention of earnings in foreign jurisdictions.","""cash holdings"" ""TCJA""","https://openalex.org/W3192636549","article"
"The effect of the policy mix of green credit and government subsidy on environmental innovation","Yechi Ma; Yezhou Sha; Zilong Wang; Wenjing Zhang","2023","Energy Economics","110","True","https://www.repository.cam.ac.uk/bitstreams/53928a2f-5f7b-4346-a4fc-c1f5a95de83a/download","https://doi.org/10.1016/j.eneco.2023.106512","","""cash holdings"" ""trade policy uncertainty""","https://openalex.org/W4314446173","article"
"The impact of COVID-19 on firm risk and performance in MENA countries: Does national governance quality matter?","Hamza Almustafa; Quang Nguyen; Jia Liu; Van Cuong Dang","2023","PLoS ONE","95","True","https://journals.plos.org/plosone/article/file?id=10.1371/journal.pone.0281148&type=printable","https://doi.org/10.1371/journal.pone.0281148","This study investigated the impact of the COVID-19 crisis on firm risk and performance in different country-level governance qualities in the MENA region. Analyzing a sample of 739 non-financial listed firms in 12 MENA countries for the period 2011-2020, we found that the COVID-19 crisis negatively impacted the performance of firms, especially low-performance firms, in most industries, and increased firm risk in general. Moreover, we found that national governance quality plays an important role in mitigating the negative impact of the COVID-19 crisis on firm operations. Specifically, national governance quality reduces the negative impact of the COVID-19 crisis on firm performance and the positive impact of the crisis on firm risk. The results are consistent with our contention that national governance quality contributes to creating a positive environment for businesses activities and reducing economic shocks.","""cash holdings"" ""trade policy uncertainty""","https://openalex.org/W4319295164","article"
"Lean against the wind: The effect of policy uncertainty on a firm's corporate social responsibility strategy","Daoju Peng; Gönül Çolak; Jianfu Shen","2023","Journal of Corporate Finance","70","True","https://doi.org/10.1016/j.jcorpfin.2023.102376","https://doi.org/10.1016/j.jcorpfin.2023.102376","We examine the effect of policy uncertainty on firms' strategy of corporate social responsibility (CSR). During uncertain times, firms strategically increase their commitment to CSR causes. Policy uncertainty is positively associated with CSR performance regardless of the estimation method. CSR strategy can substitute for lobbying when firms attempt to manage policy uncertainty. Improved CSR performance can reduce firms' exposure to policy uncertainty which indicates that CSR commitment can deliver insurance-like benefits. The findings highlight the value of CSR commitments during uncertain times.","""cash holdings"" ""trade policy uncertainty""","https://openalex.org/W4319792439","article"
"The impact of economic policy uncertainty on corporate social responsibility: A new evidence from food industry in China","Fang Su; Nini Song; Haiyang Shang; Shah Fahad","2022","PLoS ONE","43","True","https://journals.plos.org/plosone/article/file?id=10.1371/journal.pone.0269165&type=printable","https://doi.org/10.1371/journal.pone.0269165","The ability of the food industry to practice a high degree of corporate social responsibility is related to whether national food safety can be effectively guaranteed. By taking the food enterprises in China's A-share listed companies from 2009-2018, this paper probes into the influence of China's macroeconomic policy uncertainty on corporate social responsibility, and depicts the differencent impact of enterprise's practice of social responsibility under government association and market association, respectively. The results firstly show that, the uncertainty of economic policy has a negative effect on the social responsibility of food enterprises, with a regression coefficient of -0.013. Secondly, nonstate-owned enterprises are more vulnerable to macroeconomic fluctuations in the practice of social responsibility. Thirdly, in the case of greater economic policy uncertainty, enterprises with stronger market connections in the food industry tend to be more conservative in their CSR. The above research results not only verify the path of transmission of economic policy uncertainty to corporate social responsibility, but also provide important ideas and references for improving the level of corporate social responsibility in the food industry and ensuring food safety.","""cash holdings"" ""trade policy uncertainty""","https://openalex.org/W4281843318","article"
"The nexus between trade policy uncertainty and corporate financialization: Evidence from China","Deng-Kui Si; Jiali Zhuang; Xinyu Ge; Yong Yu","2024","China Economic Review","41","False","","https://doi.org/10.1016/j.chieco.2024.102113","","""cash holdings"" ""trade policy uncertainty""","https://openalex.org/W4390619027","article"
"Policy uncertainty, lender of last resort and the real economy","Martina Jašová; Caterina Mendicino; Dominik Supera","2020","Journal of Monetary Economics","40","True","https://www.ecb.europa.eu//pub/pdf/scpwps/ecb.wp2521~f3ff10f7a5.en.pdf","https://doi.org/10.1016/j.jmoneco.2020.12.001","","""cash holdings"" ""trade policy uncertainty""","https://openalex.org/W2906567517","article"
"Is a consumer loan a catalyst for confidence?","Chi‐Wei Su; Fangying Liu; Meng Qin; Tsangyao Chnag","2022","Economic Research-Ekonomska Istraživanja","24","True","https://www.tandfonline.com/doi/epdf/10.1080/1331677X.2022.2142260?needAccess=true&role=button","https://doi.org/10.1080/1331677x.2022.2142260","In the context of the global economic downturn, the approach guided by consumer loans (CL) to boost consumer confidence is a feasible way to promote the internal circulation of the Chinese economy. Therefore, we use a time-varying rolling-window approach to identify how CL affects the consumer confidence index (CCI). We find that CL can be seen as vital support for promoting confidence because it can ease liquidity constraints and improve consumption levels. The empirical outcome is supported by the Rational Expectations Perpetual Income Hypothesis (RE-PIH), emphasizing that increasing CL can boost consumer confidence. Conversely, CCI has both positive and negative effects on CL. The positive effects suggest that consumers' optimistic confidence leads them to increase borrowing, which in turn creates a heavier debt burden. This statement cannot be supported by the negative effect due to consumers' blind self-confidence will cause cognitive bias, which is not conducive to the loan market development. Against the backdrop of increased global uncertainty due to the COVID-19 pandemic and the government's continuous adjustment of loan policies, consumers can effectively optimise their consumption decision-making through borrowing. The policymaker can maintain loan stability by effectively promoting consumer confidence and raising the consumption level of the whole society.","""cash holdings"" ""trade policy uncertainty""","https://openalex.org/W4308528713","article"
"The Impact of Environmental Uncertainty on Corporate Innovation: Evidence from Chinese Listed Companies","Mingjun Deng; Xusheng Fang; Ziyan Tian; Wenbing Luo","2022","Sustainability","23","True","https://www.mdpi.com/2071-1050/14/9/4902/pdf?version=1650609119","https://doi.org/10.3390/su14094902","Corporate innovation is an important topic in the academic community, but there are few studies on the impact of the micro operation environment on corporate innovation. Using the data of A-share listed companies in Shanghai and Shenzhen from 2009 to 2020, this paper examines the impact of environmental uncertainty on enterprise innovation from a micro perspective. The results show that there is an overall negative correlation between environmental uncertainty and corporate innovation. Companies facing a higher degree of environmental uncertainty are more cautious in their innovation investment. We also find that this negative correlation was more pronounced in companies with weaker risk-taking ability. Further research finds that financing constraints have a partial intermediary effect on the impact of environmental uncertainty on innovation, that is, environmental uncertainty can have a negative impact on innovation by increasing the financing constraints faced by corporations. Our research provides micro-level evidence for the impact of uncertainty on corporate innovation.","""cash holdings"" ""trade policy uncertainty""","https://openalex.org/W4224217117","article"
"Influence of ESG on corporate debt default risk: An analysis of the dual risk scenarios","Yuping Shang; Zisheng Xiao; Asma Nasim; Xin Zhao","2024","Journal of International Money and Finance","22","True","https://e-space.mmu.ac.uk/637315/9/JIMF-D-24-00398.pdf","https://doi.org/10.1016/j.jimonfin.2024.103248","","""cash holdings"" ""trade policy uncertainty""","https://openalex.org/W4404734438","article"
"Lean against the Wind: the Effect of Policy Uncertainty on a Firm's Corporate Social Responsibility Strategy","Daoju Peng; Gönül Çolak; Jianfu Shen","2023","SSRN Electronic Journal","21","True","http://dx.doi.org/10.2139/ssrn.4346931","https://doi.org/10.2139/ssrn.4346931","","""cash holdings"" ""trade policy uncertainty""","https://openalex.org/W4319072750","article"
"The impact of ESG on firm value: The moderating role of cash holdings","Omnia Ahmed; Bashar Abu Khalaf","2025","Heliyon","19","True","https://doi.org/10.1016/j.heliyon.2025.e41868","https://doi.org/10.1016/j.heliyon.2025.e41868","This paper examines whether Environmental, Social, and Governance (ESG) performance has an impact on companies' market value and cash holdings. Drawing from 27 European Union countries, a comprehensive sample of 1144 companies was collected from LSEG Data & Analytics over an 11-year period (2013-2023). This research applied panel regression (fixed and random effect techniques) to investigate the relationships; based on the significant result of a Hausman test, the fixed effect regression has been analyzed. The results show that the more efficient and effective the ESG performance, the higher the company value. In addition, cash holdings affect the market value positively, which indicates that as companies hold high cash reserves, their market value increases. The main recommendation provided to different board members in the EU region is to follow the ESG principles and guidelines and to hold more cash since this should substantially raise the company's value. Our results are robust since the Tobit regression provided results similar to those of the fixed effect technique.","""cash holdings"" ""trade policy uncertainty""","https://openalex.org/W4406200065","article"
"International trade friction and firm cash holdings","Liang Pan; Lili Lei","2023","Finance research letters","17","False","","https://doi.org/10.1016/j.frl.2023.103976","","""cash holdings"" ""trade policy uncertainty""","https://openalex.org/W4372342737","article"
"Trade policy uncertainty and corporate innovation —Evidence from the US-China trade war","Jian Zhang; Wenruo Wu; Jingyun Yang; Yi Xiao","2024","Pacific-Basin Finance Journal","13","False","","https://doi.org/10.1016/j.pacfin.2024.102590","","""cash holdings"" ""trade policy uncertainty""","https://openalex.org/W4404566034","article"
"The impact of economic policy uncertainty on firms’ investment in innovation: Evidence from Chinese listed firms","Wen Kun; Xiangxiang Hu; Fajiang Liu","2022","PLoS ONE","13","True","https://journals.plos.org/plosone/article/file?id=10.1371/journal.pone.0272983&type=printable","https://doi.org/10.1371/journal.pone.0272983","This paper uses data of Chinese listed enterprises and economic policy uncertainty index for empirical analysis, and conducts a study through three channels of monetary policy uncertainty affecting enterprise innovation investment, and finds that economic policy uncertainty has a positive promotion effect on enterprise R&amp;D investment, and its increase in tension is instead a clear signal that can effectively increase enterprise R&amp;D investment, this promotion effect seems unexpected, this paper Through theoretical analysis and combined with the actual practice, this incentive effect is found to be in line with reality. However, in the subsequent heterogeneity analysis, this paper finds that it positively promotes R&amp;D investment when economic policy uncertainty is low and may have a suppressive effect on R&amp;D investment when monetary policy uncertainty is high.","""cash holdings"" ""trade policy uncertainty""","https://openalex.org/W4309112145","article"
"Economic policy uncertainty, intra-industry trade, and China’s mechanical and electrical product exports","Dajun Liu; Xiugang Zhu; Huiru Yu","2024","PLoS ONE","9","True","https://journals.plos.org/plosone/article/file?id=10.1371/journal.pone.0290866&type=printable","https://doi.org/10.1371/journal.pone.0290866","Economic policy uncertainty has had an important impact on trade and sustainable economic development. Especially in some specific industries, uncertainty has increased dramatically. The extant related literature mainly analyzes the nexus between uncertainty and trade across different industries and focuses less on a specific industry. Using Chinese customs data on HS 8-digit products over the period of 2000-2013, this paper first investigates the impact of both foreign economic policy uncertainty (EPU) and domestic intra-industry trade on China's mechanical and electrical product exports to 23 trading partners and applies pooled OLS regressions to conduct an empirical study. This paper finds that EPU has a significant inhibition effect on mechanical and electrical product exports; conversely, intra-industry trade can both significantly promote exports and alleviate the inhibition effect of EPU. In addition, the export impact of EPU varied with different trade patterns. It can significantly inhibit processing exports, while it has no effect on ordinary exports. The results of this paper indicate that in the context of increasing uncertainty, our findings could have far-reaching policy implications for China to build a new development pattern of domestic and international dual circulation.","""cash holdings"" ""trade policy uncertainty""","https://openalex.org/W4390968864","article"
"The Effect of Macroeconomic Policy Uncertainty on Environmental Quality in Jordan: Evidence from The Novel Dynamic Simulations Approach","Bashar Younis Alkhawaldeh; Hamzeh Alhawamdeh; Mohammad Almarshad; Baha Aldeen Mohammad Fraihat; Shireen Maher Mohammad Abu-Alhija; Abbas Mohammad Alhawamdeh","2023","Jordan journal of economic sciences","9","True","https://jjournals.ju.edu.jo/index.php/jjes/article/download/1399/391","https://doi.org/10.35516/jjes.v10i2.1399","Objectives: Over the past few years, Jordan's economy has grown rapidly, placing it prominently among the world's emerging markets and developing economies rapidly. The country is known for its diverse natural resources. However, the effects of macroeconomic uncertainty, energy intensity, and trade openness on the environment have received less attention than the environmental implications of energy generation. This research fills a significant gap in the literature by investigating the impact of macroeconomic policy uncertainty on Jordan's environmental Kuznets curve from 1970 to 2021. Methods: This study adopted a methodological framework to simulate dynamic distributed self-regression. Results: The results of the study revealed that uncertainty about the future direction of macroeconomic policy accelerates the short and long-term rate of environmental degradation; economic growth accelerates environmental degradation while the square of economic growth slows it, confirming the presence of the environmental Kuznets curve hypothesis; energy density accelerates the rate of environmental quality degradation. Conclusions: Jordan should adopt advanced, environmentally friendly, clean technologies that transition from fossil fuels to low-carbon renewable energy sources. The government should establish strong international partnerships for technology exchange and environmental preservation. Additionally, increasing Jordan's economic complexity is crucial for achieving its environmental development goals.","""cash holdings"" ""trade policy uncertainty""","https://openalex.org/W4384281366","article"
"Ekonomi Politika Belirsizliği İthalat Üzerinde Etkili midir? Panel Veri Analizinden Kanıtlar","Demet YAMAN SONGUR","2022","Yönetim ve Ekonomi Dergisi","9","True","https://dergipark.org.tr/tr/download/article-file/2173668","https://doi.org/10.18657/yonveek.1053116","Ekonomide belirsizlik, dış ticaret ve döviz kuru gibi makro ekonomik değişkenler üzerinde etkili olabilmektedir. Küreselleşmenin ilerlemesi ve ekonomilerin karşılıklı bağımlılığının artmasıyla birlikte uluslararası ticaret, ekonomide yaşanan belirsizlik ortamından güçlü bir şekilde etkilenmektedir. Literatürde ekonomi politika belirsizliğinin dış ticaret üzerindeki etkilerine ilişkin tam olarak bir görüş birliği bulunmamakla birlikte, yapılan çalışmalar sonucunda ortaya çıkan genel görüş, belirsizliğin ticaret akımlarını baskıladığı yönündedir. Bu çalışmanın amacı ekonomi politika belirsizliğinin 18 ülkenin ithalatı üzerindeki etkisini, 1997-2019 dönemine ait yıllık veriler kullanılarak panel veri teknikleri ile analiz etmektir. Analizde ele alınan ülke grubu verilere erişim sıkıntısı olmaması göz önünde bulundurularak seçilmiştir. Elde edilen sonuçlar incelenen dönemde ele alınan tüm ülkelerde ekonomi politika belirsizliğinin ithalatı negatif yönde etkilediğini göstermektedir. Anahtar Kelimeler: Ekonomi Politika Belirsizliği, İthalat, Panel Veri Analizi JEL Sınıflandırması: C33, D81, F14","""cash holdings"" ""trade policy uncertainty""","https://openalex.org/W4283449114","article"
"Trade policy uncertainty and corporate financialization: strategic implications for non-financial firms in China","Mingyao Wang; Normaziah Mohd Nor; Norhuda Abdul Rahim; Faisal Khan; Ziyu Zhou","2025","Cogent Economics & Finance","9","True","https://doi.org/10.1080/23322039.2025.2460078","https://doi.org/10.1080/23322039.2025.2460078","This study investigates the impact of trade policy uncertainty (TPU) on the financialization of non-financial firms in China. Corporate financialization is the process in which corporations prioritize financial assets and generate profits primarily via financial investments rather than product markets. Using 27,339 firm-year observations of China A-share listed companies from unbalanced panel data spanning from 2011-Q1 to 2020-Q4, we utilized the fixed effect model (FEM), instrumental variables–two-stage least squares (IV-2SLS), and generalized method of moments (GMM) approaches. The findings reveal a positive relationship between TPU and corporate financialization. Financing constraints and risk-taking play moderating roles in shaping this relationship. Notably, as TPU rises, companies tend to avoid increasing investment in derivatives. Instead, they expand their precautionary savings by retaining larger amounts of cash. This analysis emphasizes the significance of legislators in ensuring policy stability and fostering a secure business environment. Furthermore, the robustness of these results was sustained when alternative key variables and methodologies were applied.","""cash holdings"" ""trade policy uncertainty""","https://openalex.org/W4407111645","article"
"Capital Market Opening and Corporate Innovation: Mediating Role of <scp>ESG</scp> Performance and Financing Constraints","Jiyang Zhao; Xiaohong Wang; Xiangyu Luan","2025","International Journal of Finance & Economics","9","True","https://onlinelibrary.wiley.com/doi/pdfdirect/10.1002/ijfe.3119","https://doi.org/10.1002/ijfe.3119","ABSTRACT This study uses a quasi‐natural experiment of the Shanghai‐Hong Kong and Shenzhen‐Hong Kong Connect Trading Systems to investigate the role of the capital market opening in fostering corporate innovation. We use panel data for A‐listed corporations covering 2009–2021 to construct empirical analysis, and corroborate that the capital market opening can exert significantly positive influences on corporate innovation. The robustness of the research is verified. Furthermore, we conduct quantile analysis to investigate asymmetric effects, and employ multi‐phase difference‐in‐difference‐in‐difference model, which reveals that the positive effect of capital market opening is more distinctly potent among the heavy polluters and the new‐high‐tech corporations. Moreover, the results also reflect that the capital market opening can enhance ESG performance and ease financing constraints, which in turn enhances corporate innovation. This study extends the researches on the topic regarding the relationship between capital market opening and corporate innovation, and outlines the theoretical and practical implications of helping foster corporate innovation.","""cash holdings"" ""trade policy uncertainty""","https://openalex.org/W4406378453","article"
"Brexit Referendum and Business Investment in the UK","Lucyna Gornicka","2018","IMF Working Paper","8","True","https://www.elibrary.imf.org/doc/IMF001/25545-9781484382011/25545-9781484382011/Other_formats/Source_PDF/25545-9781484386132.pdf","https://doi.org/10.5089/9781484382011.001","In this paper I apply firm-level analysis to examine how the Brexit process has affected business investment in the UK. An interaction term of potential trade costs after exiting the EU and a measure of firms' participation in global trade is used as a proxy for firm-level exposure to Brexit-related effects. The results suggest that potential trade costs have had a considerable and statistically significant negative impact on firm investment in the UK after the referendum. At the same time, the post-referendum sterling depreciation has likely contributed positively to investment expenditure by more foreign-oriented firms.","""cash holdings"" ""trade policy uncertainty""","https://openalex.org/W4237183227","article"
"The Impact of Economic Policy Uncertainty on Investment in Real Estate Corporations Based on Sustainable Development: The Mediating Role of House Prices","Yuanyuan Qu; Aza Azlina Md Kassim","2023","Sustainability","8","True","https://www.mdpi.com/2071-1050/15/21/15318/pdf?version=1698314080","https://doi.org/10.3390/su152115318","Since the COVID-19 outbreak, the global economy has undergone profound changes, and China’s real estate market has experienced dramatic turbulence. In order to stabilise the national economy during the epidemic, China’s macro-controls on the real estate industry have become more frequent. These regulatory policies have kept the uncertainty in China’s economic policies at a high level for almost two years. Therefore, in order to further regulate the real estate market and thus establish a sustainable macro-control mechanism, the purpose of this study is to provide the necessary practical research and policy basis for the real estate market by exploring how economic policy uncertainty and house prices affect the level of corporate investment in real estate development. Based on the theory of real options, financial friction theory and real estate characteristics theory, this paper studies the relationship between economic policy uncertainty and the investment level of real estate developers and further explores the mediating role of house prices. This paper selects the panel data of Shanghai and Shenzhen A-share real estate listed companies in the CSMR database from the first quarter of 2012 to the fourth quarter of 2022 and uses the fixed-effects regression method to identify the following conclusions. Firstly, stronger economic policy uncertainty promotes the investment level of real estate corporations; secondly, the fluctuation of house prices plays a mediating role in the positive effect of economic policy uncertainty on the investment of real estate corporations.","""cash holdings"" ""trade policy uncertainty""","https://openalex.org/W4387957965","article"
"Digital M&amp;A and Firm Innovation","Zixuan Zhou; Fang Wang; Gaoju Yang; Xianhai Huang","2023","Journal of Global Information Management","8","True","https://www.igi-global.com/ViewTitle.aspx?TitleId=321186&isxn=9798369301395","https://doi.org/10.4018/jgim.321186","This study empirically examines how digital M&amp;A affects firm innovation using data from Chinese listed companies from 2006 to 2019. The results show that digital M&amp;A promotes firm innovation, and our findings also suggest that digital M&amp;A enables firms to break away from technology path-dependence to achieve radical innovation and digital innovation. The analysis of different types of digital M&amp;A shows that the innovation effect of vertical digital M&amp;A is smaller than that of horizontal digital M&amp;A. Vertical digital M&amp;A significantly increases industry concentration and may change the competitive structure of the market; the innovation effect of cross-border digital M&amp;A is smaller than that of domestic digital M&amp;A, which may be related to the negative moderating effect of cultural and institutional distance between China and the host country, as well as the restriction of cross-border data flow.","""cash holdings"" ""trade policy uncertainty""","https://openalex.org/W4366590925","article"
"Extreme time–frequency connectedness between oil shocks and sectoral markets in the United States","Oğuzhan Özçelebi; José Pérez-Montiel; Sang Hoon Kang","2025","Financial Innovation","8","True","https://jfin-swufe.springeropen.com/counter/pdf/10.1186/s40854-025-00755-2","https://doi.org/10.1186/s40854-025-00755-2","Abstract This study assessed the connectedness between oil shocks and industry stock indexes in the United States (US). We consider the normal and extreme conditions across different frequency horizons, and the quantile time–frequency connectedness method is used to determine the tail risk contagion under different frequency horizons. Our results reveal that the short-term frequency connectedness significantly exceeds the long-term frequency connectedness. We also indicate that the connectedness in the lower and upper quantiles is greater than at the conditional mean. Importantly, oil risk shock is the biggest net transmitter of shocks to the US sectors in normal and extreme conditions, highlighting that oil risk shocks cause substantial variations in US sector stock returns in the short, medium, and long term. Finally, QAR(3) model demonstrates the significant impact of oil risk shocks on US sector stock returns during extreme and normal conditions. Therefore, our study underscores the role of asymmetry in the reaction of US sector stock returns to oil-related shocks, and we suggest that policies aimed at overcoming the adverse effects of oil shocks on stock markets and promoting financial stability should incorporate asymmetric features.","""cash holdings"" ""trade policy uncertainty""","https://openalex.org/W4406605474","article"
"Economic policy uncertainty and local government debt: Evidence from China","Han Gao; Minming Lan; Jie Li; Tianhang Zhou","2024","Kyklos","7","True","https://onlinelibrary.wiley.com/doi/pdfdirect/10.1111/kykl.12402","https://doi.org/10.1111/kykl.12402","Abstract This paper investigates the effects of economic policy uncertainty on local government debt issuance in China and identifies a transmission channel through the cost of capital. Our findings demonstrate that economic policy uncertainty raises the cost of external financing for local governments, leading to decreased levels of debt issuance. Specifically, a 1% increase in uncertainty related to economic policy variations leads to a reduction in government debt issuance of 0.0478%. In addition, our analysis reveals that local governments located in regions experiencing lower fiscal pressure, lower economic catch‐up pressure, and higher sensitivity to uncertainty are more responsive to economic policy uncertainty changes.","""cash holdings"" ""trade policy uncertainty""","https://openalex.org/W4400789130","article"
"The Response of CSR to Economic Policy Uncertainty: Evidence from China","Hailiang Zou; Ruijing Wang; Guoyou Qi","2023","Sustainability","7","True","https://www.mdpi.com/2071-1050/15/17/12978/pdf?version=1693231043","https://doi.org/10.3390/su151712978","The dynamics and instability of economic policies exercise considerable influence on firm behaviors. This study aims to explore the impact of economic policy uncertainty on the level of CSR that firms are engaged in and the heterogeneity of this impact across firms. Using a dataset of Chinese-listed companies from 2011 to 2019, which consists of 837 different firms and 4551 firm-year observations, the results show a negative response of CSR to economic policy uncertainty in China, which is mitigated by the political connections and resource slack that firms possess. These findings underscore the importance of a predictable business environment for CSR behaviors and the capability of firms to cope with uncertainty.","""cash holdings"" ""trade policy uncertainty""","https://openalex.org/W4386255634","article"
"The Impact of Economic Policy Uncertainty on the Performance of New Energy Firms","Yan Zhang; Weihua Yu; Yifan Yu; Shiyu Han","2023","Sustainability","7","True","https://www.mdpi.com/2071-1050/15/21/15614/pdf?version=1699076021","https://doi.org/10.3390/su152115614","In China, the development of a new energy sector relies heavily on economic policies. In the strategic context of sustainable development, it possesses profound theoretical and practical values to objectively and quantitatively explore the influences of economic policies on the new energy firms’ performance. This paper proposes three hypotheses after conducting a theoretical analysis. This paper regards China’s economic policy uncertainty index (EPU) as a policy shock indicator and utilizes the panel data of listed firms in China’s new energy sector from 2008 to 2021 to explore the influence of EPU on China’s new energy enterprises’ performance. The research results show that EPU exerts a negative influence on the performance of new energy companies, and this negative impact is robust after the replacement of the explanatory variables. On this basis, we further investigate the influence of EPU on the new energy enterprises’ performance in different ownership systems and different regions. It also shows that the impact of economic uncertainty is more obvious on non-state-owned enterprises and the western and central regions. Finally, countermeasures are proposed based on the study results.","""cash holdings"" ""trade policy uncertainty""","https://openalex.org/W4388333891","article"
"Navigating trade policy uncertainty: Conservatism in cash holding and investment","Nathaniel Graham; Xinhui Huang; Lukai Yang","2024","Applied Economics","7","False","","https://doi.org/10.1080/00036846.2024.2312265","Amidst the escalating attention paid to trade policy uncertainty (TPU), we explore its influence on crucial corporate strategic decisions – cash holdings and investment choices. Using an ordinary least squares regression model to analyse a panel of US non-financial firms, we find that firms adopt conservative cash policies as pure cash holdings increase while cash equivalents decrease in response to heightened trade policy uncertainty. Cross-sectionally, we observe that the positive link between TPU and cash holdings is stronger for firms facing higher product market threats and those that are less vertically integrated. Furthermore, a firm’s long-term strategies are also adversely impacted by TPU, reflected in reduced capital investments and employment growth. Additionally, we show that increased trade policy uncertainty is linked to both reduced incentives for risk-taking by CEOs and an increase in doubtful accounts. This shift in both incentives and firm operational risk may explain why firms change their behaviour in response to TPU. Our study has broad implications that firms may consider adopting effective risk management practices and policymakers could establish monitoring mechanisms for timely adjustments.","""cash holdings"" ""trade policy uncertainty""","https://openalex.org/W4391742432","article"
"Which uncertainty measures matter for corporate financialization? Evidence from China intensive polluted industries","Mingyao Wang; Normaziah Mohd Nor; Norhuda Abdul Rahim; Faisal Khan; Yuxiang Cheng","2025","Cogent Economics & Finance","6","True","https://www.tandfonline.com/doi/pdf/10.1080/23322039.2024.2449190?needAccess=true","https://doi.org/10.1080/23322039.2024.2449190","Corporate financialization in intensively polluting industries has become a critical factor in understanding the intersection of financial behaviour and sustainable development. This study investigates which specific forms of uncertainty including economic policy, monetary policy, trade policy, and oil price uncertainty can significantly influence financialization within China’s intensively polluting sectors. Utilizing a panel dataset of Chinese A-share listed companies from 2011Q1 to 2022Q4, this study applies Principal Component Analysis (PCA) to construct a multidimensional index of financialization, followed by panel regression analysis. Findings reveal that global economic policy uncertainty exerts the most significant impact on corporate financialization in these industries. Furthermore, financing constraints negatively moderate this relationship, while Environmental, Social, and Governance (ESG) practices have positive moderating effects. Firms with higher managerial overconfidence exhibit increased levels of financialization. Additionally, heterogeneity exists across firms, with those incurring higher environmental protection fees, non-state-owned enterprises, and firms based in developed eastern regions displaying elevated financialization levels. Diversification and external monitoring also positively influence this relationship. Robustness tests confirm the consistency of these findings, providing valuable insights for firms seeking to strategically leverage ESG, financial technology (FinTech), and financialization practices in response to fluctuating uncertainties.","""cash holdings"" ""trade policy uncertainty""","https://openalex.org/W4406217752","article"
"Compromise in hard times? The impact of deglobalization on corporate social responsibility in the US–China supply chain","Yanming Cao; Jengfang Chen; Xiaomeng Chen; Meiting Lu","2024","Journal of Business Finance &amp Accounting","6","True","https://onlinelibrary.wiley.com/doi/pdfdirect/10.1111/jbfa.12803","https://doi.org/10.1111/jbfa.12803","Abstract This study examines the effect of the US–China trade tensions on the corporate social responsibility (CSR) performance of the Chinese suppliers most affected by the 2018 US tariff surges. Using a difference‐in‐differences approach, we find that Chinese suppliers with direct US corporate customers experience a significant decline in CSR performance, compared with their peers without direct US corporate customers. We also show that the adverse effect of tariff surges on Chinese suppliers’ CSR performance is concentrated among those with a strong cost leadership strategy. However, the CSR performance of Chinese suppliers that have direct US corporate customers with high CSR awareness is not affected by the tariff surges. Further analyses reveal that the negative effects of the trade tensions on CSR performance are felt most strongly by the employees of Chinese suppliers. Taken together, despite the challenges posed by the deglobalization wave to the diffusion of CSR across global supply chains, the increasing demand for CSR involvement from US corporate customers can exert significant pressure on Chinese suppliers’ CSR performance.","""cash holdings"" ""trade policy uncertainty""","https://openalex.org/W4394980122","article"
"Perceived uncertainty, low-carbon policy, and innovation investment: evidence from Chinese listed new energy companies","Huwei Wen; Yutong Liu; Fengxiu Zhou","2023","Economic Research-Ekonomska Istraživanja","6","True","https://www.tandfonline.com/doi/pdf/10.1080/1331677X.2023.2166092?download=true","https://doi.org/10.1080/1331677x.2023.2166092","Uncertainty can bring about challenges to the operations of the energy industry, which may inevitably affect corporate innovation decisions. This study uses the firm-level data from the new energy sector in China to examine how perceived uncertainty affects their innovation decisions. It is found that new energy companies significantly increase innovation activities when perceiving high uncertainty. In addition to directly promoting innovation investment, a low-carbon policy can also indirectly increase the innovation investment of new energy companies in response to perceived uncertainty. Specifically, a low-carbon policy can significantly increase government subsidies and reduce the financing constraints of new energy companies, thereby increasing their innovation effect against perceived uncertainty. Furthermore, the uncertainty–innovation nexus is significantly positive in companies with different ownership, but some differences exist in the effects and mechanisms.","""cash holdings"" ""trade policy uncertainty""","https://openalex.org/W4319862109","article"
"Band together or go it alone? Climate risk and corporate collaborative innovation","Qiuyue Zhang; Yili Lin; Yueying Wang; Yu Cao","2025","Humanities and Social Sciences Communications","5","True","https://www.nature.com/articles/s41599-025-05109-y.pdf","https://doi.org/10.1057/s41599-025-05109-y","Corporations are under increasing pressure to adapt their strategies to mitigate the adverse effects of climate risk. This study explores the theoretical and empirical relationship between climate risk and corporate collaborative innovation, highlighting the mechanisms involved. Theoretical analysis suggests that climate risk, by intensifying stranded assets and cross-risks, acts as a compensatory driver for collaborative innovation among corporations. Digital transformation strengthens this compensatory mechanism, while corporate risk-taking diminishes its impact. Empirical analysis using data from Chinese A-share listed companies supports the theoretical framework, revealing that climate risk compels companies to “band together” for technological advancement to manage external challenges. The mediating effect of digital transformation enhances the flow of innovation elements among firms, bolstering collaborative innovation, whereas risk-taking weakens this effect. This paper deepens the understanding of how climate risk shapes corporate strategy. It provides practical insights for corporate strategists seeking collaborative responses to environmental volatility and supports policymakers in designing sustainability-oriented policies.","""cash holdings"" ""trade policy uncertainty""","https://openalex.org/W4410878726","article"
"Institutional Quality, Geopolitical Risk, and Trade Openness in Pakistan","Javaid Hussain; Hammad Ali; Zubair ul Hassan; Muhammad Faheem","2024","iRASD Journal of Economics","5","True","https://internationalrasd.org/journals/index.php/joe/article/download/2323/1565","https://doi.org/10.52131/joe.2024.0602.0217","In order to investigate the macroeconomic factors contributing to foreign debt in Lower Middle-Class and Upper Middle-Class countries, this study adopts a panel data approach that covers the years 2005–2020 for 16 countries in each income group. Using fixed and random effect techniques, the study determines significant variables that affect foreign debt. It is interesting to observe that foreign direct investment influences negatively on foreign debt in lower-middle-income countries but a positive significant impact in upper-middle income group economies. Moreover, the effect of exports is inverse and substantial on foreign debt in the lower-middle income group; in the upper-middle income group, the impact is negligible and positive. At the end, the impact of government spending is not meaningful on foreign debt in both income groups. Based on the findings, this research pinpoints the essential of policy formulation on the behalf of income classifications and also highlights the considerations to identify a variety of economic circumstances when investigating the factors influencing foreign debt.","""cash holdings"" ""trade policy uncertainty""","https://openalex.org/W4401423429","article"
"Regional carbon efficiency and corporate cash holdings: evidence from China","Xiaohui Chen; Wen Chen; Tao Hu; Bo Yang; Jianguang Zeng","2023","Humanities and Social Sciences Communications","5","True","https://www.nature.com/articles/s41599-023-01992-5.pdf","https://doi.org/10.1057/s41599-023-01992-5","Abstract Improving regional carbon efficiency is significant for achieving carbon emission peak and carbon neutrality. Local governments’ carbon reduction regulations to improve regional carbon efficiency greatly influence the macro environment of enterprise production and operation. However, only some studies have focused on the relationship between regional carbon efficiency and corporate production and operation. Based on the data of Chinese A-share listed companies from 2008 to 2019, this study aims to identify the impact and influencing mechanism of regional carbon efficiency on corporate cash holdings. The main results are as follows. (1) With the improvement of regional carbon efficiency, the cash holdings level of enterprises can be reduced. The reason is that facing the dual tasks of reducing carbon emissions and promoting economic growth, the uncertainty of China’s local government’s carbon reduction policy will be more obvious. This is bound to have uncertain impacts on enterprises in many aspects, resulting in local enterprises facing carbon risk. Regional carbon efficiency will reduce carbon risk and weaken the preventive motivation of enterprises holding cash under the condition of stabilizing enterprise cash flow, alleviating financing constraints and improving the availability of external funds. (2) Regional carbon efficiency reduces the cash holdings of enterprises by improving corporate debt financing capability and promoting long-term investment. That is because improvements in regional carbon efficiency can reduce the carbon risks faced by enterprises. In terms of cash source, it can alleviate the financing constraints of enterprises, while in terms of cash destination, it may promote enterprises to make long-term investments and reduce cash holdings. This study enriches the literature on the factors influencing corporate cash holdings, documents the initiative of Chinese enterprises to participate in peak carbon programs and carbon neutral actions, and may enhance support for carbon emissions reduction in developing countries.","""cash holdings"" ""trade policy uncertainty""","https://openalex.org/W4385924135","article"
"Can antitrust policy promote enterprise innovation? Evidence from Zhongguancun science and Technology Park","Wenna Wang; Beibei Hu; Jiejiao Liu; Zhen Yang","2024","Heliyon","5","True","https://doi.org/10.1016/j.heliyon.2024.e30341","https://doi.org/10.1016/j.heliyon.2024.e30341","Emerging countries usually rely on the innovation of enterprises within the regional innovation ecosystem to enhance the national innovation level. However, existing literature lacks insight into how antitrust policies might influence innovation within them. We estimate the impact of the implementation of the Anti-Monopoly Law on enterprise innovation within Zhongguancun Science and Technology Park, China's prominentregional innovation ecosystem. Using a cross-industry difference-in-difference design, we show that greater exposure to competition shock materially boosted enterprise innovation. Antitrust policy promotes enterprise innovation by increasing the R&D investment, human capital, and export. The promotion effect of antitrust is relatively strong in the sample of electronic information industry, firms with low levels of financing constraints, and those that undertake open innovation. Our findings elucidate the nexus between competition and innovation in regional innovation ecosystems and underscore the pivotal role of antitrust policies in the development of Zhongguancun Science and Technology Park.","""cash holdings"" ""trade policy uncertainty""","https://openalex.org/W4395457435","article"
"Why do firms purchase directors' and officers' liability insurance? – perspective from economic policy uncertainty","Haiyan Jiang; Jing Jia; Yuanyuan Hu","2022","China Accounting and Finance Review","5","True","https://www.emerald.com/insight/content/doi/10.1108/CAFR-02-2022-0004/full/pdf?title=why-do-firms-purchase-directors-and-officers-liability-insurance-perspective-from-economic-policy-uncertainty","https://doi.org/10.1108/cafr-02-2022-0004","Purpose This study aims to investigate whether firms purchase directors' and officers' liability (D&amp;O) insurance when the country-level economic policy uncertainty (EPU) is high. Design/methodology/approach This study uses D&amp;O insurance data from Chinese listed firms between 2003 and 2019 to conduct regression analyses to examine the association between D&amp;O insurance and EPU. Findings The results show that government EPU, despite being an exogenous factor, increases the likelihood of firms' purchasing D&amp;O insurance, and this effect is more pronounced when firms are exposed to great share price crash risk and high litigation risk, suggesting that firms intend to purchase D&amp;O insurance possibly due to the accentuated stock price crash risk and litigation risk associated with EPU. In addition, the results indicate that the effect of EPU on the D&amp;O insurance purchase decision is moderated by the provincial capital market development and internal control quality. Practical implications The study highlights the role of uncertain economic policies in shareholder approval of D&amp;O insurance purchases. Originality/value The study enriches the literature on the determinants of D&amp;O insurance purchases by documenting novel evidence that country-level EPU is a key institutional factor shaping firms' decisions to purchase D&amp;O insurance.","""cash holdings"" ""trade policy uncertainty""","https://openalex.org/W4229002412","article"
"Economic Policy Uncertainty and Firm Performance in the Czech Republic","Ivanka Nestoroska","2020","Journal of Accounting Business and Finance Research","4","True","http://scipg.com/index.php/102/article/download/317/386","https://doi.org/10.20448/2002.101.10.16","The business environment undergoes a number of changes due to the decisions made by the government and politicians of a particular country and this impacts the performance of the firms that operate in that business environment. In other words, the uncertainty in decisions of the government and politicians and the policies made by them impact the financial decisions of the firms. In this regard, the current study has been conducted to discover and examine the affect casted by EPU on the performance of the company within Czech Republic. Financial data has been collected from the public non-financial companies of Czech Republic. The data has been collected for the time of 29 years. The data gathered against the most reliable databases such as World Bank Development Indicators and Global Economy about the required variables. The GMM estimation technique was applied on the collected data and the results were obtained. The results obtained indicate that unreliability has significant as well as bad effect on the performance of the company and in opposite way; the interest rate has significant along with positive impact on firm’s performance. But the inflation rate’s impact is notable and rare only in case of net profit margin proxy of the performance of the company. Practical implication of the knowledge is for non-financial firms of Czech Republic and it might assist them in designing policies and regulations regarding the precautionary measures which can be taken in case of EPU so that the financial performance of the firms is not disturbed.","""cash holdings"" ""trade policy uncertainty""","https://openalex.org/W3044747854","article"
"Anti‐dumping Policies and International Portfolio Allocation: The View from the Global Funds","Haoyuan Ding; Xiao Li; Jiezhou Ying","2023","China & World Economy","4","True","https://onlinelibrary.wiley.com/doi/pdfdirect/10.1111/cwe.12474","https://doi.org/10.1111/cwe.12474","Abstract Anti‐dumping policies, as one of the most important nontariff measures to protect a country's economic interests, can have an impact not only on a country's trade and social welfare, but also on capital flows. Anti‐dumping measures can result in increased trade costs and alterations to exchange rate risk. This study investigates the impact of anti‐dumping sanctions on the international portfolio allocations of global funds. Antidumping policies can decrease the proportion of a fund's investment portfolio allocated to recently‐sanctioned countries. Closer trade ties between the sanctioned country and the country where a fund is domiciled exacerbate the divestiture, but stronger foreign direct investment links weaken the negative association. Some country and fund heterogeneities are also discussed. We find that more developed countries are less affected by the impact of anti‐dumping measures on equity fund allocations; liberalization of the economy and stable government could also mitigate the negative impact of anti‐dumping sanctions. High‐risk funds, such as growth funds or funds that invest in leveraged buyouts, showed the greatest response to changes in anti‐dumping regulations.","""cash holdings"" ""trade policy uncertainty""","https://openalex.org/W4322629823","article"
"The Impact of Monetary Policy Uncertainty on Corporate Financialization—Evidence from China","Wenzhen Yan","2023","Open Journal of Business and Management","4","True","https://www.scirp.org/pdf/ojbm_2023031309505721.pdf","https://doi.org/10.4236/ojbm.2023.112026","This paper conducts an empirical analysis of the impact of monetary policy uncertainty on the financialization of China’s non-financial listed companies from 2008 to 2020. Utilizing a large dataset, the findings indicate that monetary policy uncertainty has a significant negative impact on the financialization behavior of listed companies. This effect is particularly pronounced in non-state enterprises, firms led by executives with financial backgrounds, those holding dual positions, and those located in areas with high levels of bank competition. The results further suggest that the mechanism underlying this effect is due to a reduction in the returns on firms’ financial assets and an increase in their debt financing costs. The empirical results stay robust to the use of the instrumental variables approach and the generalized method of moments (GMM) estimation to address the potential endogeneity problem.","""cash holdings"" ""trade policy uncertainty""","https://openalex.org/W4324009875","article"
"How Does Climate Policy Uncertainty Affect Green Innovation Among Chinese Companies?","Aonan Chen; Jingwen Feng; Yangyang Cheng","2025","Sustainability","4","True","https://www.mdpi.com/2071-1050/17/9/3857/pdf?version=1745559011","https://doi.org/10.3390/su17093857","Climate change is a major challenge for humanity, with important implications for corporate development. Based on the data of China’s A-share listed companies from 2000 to 2021, this study evaluates the impact of climate policy uncertainty (CPU) on firms’ green innovation using a two-way fixed-effects model. It is found that CPU inhibits firms’ green innovation by reducing government support and external investment, with corporate green innovation declining by 3.3% for each unit increase in CPU. The mechanism studies reveal that CPU has impeded corporate green innovation by reducing corporate social responsibility and increasing corporate financing constraints. The heterogeneity analyses indicate that the negative effect of CPU was more noticeable in state-owned enterprises (SOEs), heavily polluting firms, and firms with a high equity concentration. Further exploration of the economic consequences suggests that CPU has weakened enterprise market competitiveness, including market share, market value, and management efficiency. Climate policy uncertainty is an important external factor for sustainable development, and this paper discusses the impact of climate policy uncertainty on corporate green innovation, which can help to realize the coordinated development of climate policy and corporate green innovation.","""cash holdings"" ""trade policy uncertainty""","https://openalex.org/W4409766415","article"
"PEER EFFECT OF CORPORATE R&amp;D INNOVATION FROM THE PERSPECTIVE OF UNCERTAINTY","Dayong Liu; Yunpeng Cai","2023","Journal of Business Economics and Management","4","True","https://journals.vilniustech.lt/index.php/JBEM/article/download/19047/11738","https://doi.org/10.3846/jbem.2023.19047","Based on external uncertainty environment and R&amp;D innovation wave background, this paper explores the impact of information noise caused by economic policy uncertainty and the peer effect on corporate R&amp;D innovation activities, using the multiple regression method and the quarterly data of listed Chinese companies from 2010 to 2020, the influencing mechanism and boundary condition of economic policy uncertainty on the peer effect of corporate R&amp;D were analyzed. Results show that there is a significant peer effect at the industry level in the R&amp;D innovation behavior of corporates, with said effect and the uncertainty of economic policies both significantly stimulate the R&amp;D innovation activities of corporates. The imitation learning path of peer effect is obviously targeted, and corporates in the same industry prioritize corporates with comparative advantages in the industry. Economic policy uncertainty and peer effect also present a certain selection effect on corporate R&amp;D innovation, possibly further enabling corporates with better operating conditions to gain greater market share and gradually eliminate corporates with low R&amp;D innovation ability. The conclusions help decision makers use the peer effect to implement incentive policies and optimize management.","""cash holdings"" ""trade policy uncertainty""","https://openalex.org/W4380051249","article"
"Impact of Economic Policy Uncertainty on the Stability of Enterprises Embedded in a Global Value Chain","Huizheng Liu; Jingyi Zhang; Qi Han; Wenshen Pan; Muhammad Afaq Haider Jafri","2022","Advances in Management and Applied Economics","3","True","https://doi.org/10.47260/amae/1223","https://doi.org/10.47260/amae/1223","Abstract The world economic situation is unpredictable, and uncertain factors accompany each other. Economic policy uncertainty (EPU) has become the main factor affecting sustainable economic development and the stability of enterprises embedded in the global value chain (GVC). This paper uses the duration of embeddedness in the GVC to measure the stability of the embedded GVC and explores the impact of domestic and foreign EPU on the stability of Chinese enterprises embedded in the GVC. The results show that the stability of Chinese enterprises embedded in the GVC is low; domestic and international EPU reduces the stability of Chinese enterprises embedded in the GVC; and international EPU significantly reduces the stability of private enterprises, foreign invested enterprises and enterprises involved in import and export of intermediate goods embedded in the GVC, while domestic EPU significantly reduces the stability of state-owned enterprises, private enterprises, large, medium and small enterprises and enterprises involved in import and export of intermediate goods embedded in the GVC. In the influence mechanism, domestic EPU inhibits the innovation ability of enterprises and then affects the stability of enterprises embedded in the GVC. JEL classification numbers: F620, F680 Keywords: Economic policy uncertainty, Global value chain, Stability, Duration.","""cash holdings"" ""trade policy uncertainty""","https://openalex.org/W4210874749","article"
"Energy Security Risk and Firm Valuation: Does Political Connectivity Matter?","Ahmed W. Alam; Haifeng Xu; Haoran Wu","2024","Energy RESEARCH LETTERS","3","True","https://erl.scholasticahq.com/article/124849.pdf","https://doi.org/10.46557/001c.124849","Employing panel regression models on a sample of U.S. energy firms, we document novel evidence suggesting that energy security risk significantly influences firms’ market valuation, albeit this effect is attributed largely to small- and medium-sized firms. It is also apparent that political connection mitigates the value erosion of firms with larger political capital. Our findings, therefore, validate the interceding role that political connectivity plays in corporate financial performance during periods of volatile energy markets.","""cash holdings"" ""trade policy uncertainty""","https://openalex.org/W4404810606","article"
"Product Market Competition Shocks, Firm Performance, and Forced CEO Turnover","Sudipto Dasgupta; Xi Li; Albert Y. Wang","2017","Review of Financial Studies","166","True","https://eprints.lancs.ac.uk/id/eprint/127997/1/Dasgupta_Li_Wang_2017_RFS_2_.pdf","https://doi.org/10.1093/rfs/hhx129","We examine the effect of competition shocks induced by major industry-level tariff cuts on forced CEO turnover. Both the likelihood of forced CEO turnover and its sensitivity to performance increase. These effects are stronger for firms exposed to greater predation risk and with products more similar to those of other firms. CEOs are more likely to be forced out in weak governance firms; however, in good governance firms, CEOs are offered higher incentive pay. New outside CEOs receive higher incentive pay and come from firms with lower cost structures and higher asset sales. Performance and productivity improve after forced turnover. Received November 27, 2014; editorial decision July 18, 2017 by Editor David Denis. Authors have furnished an Internet Appendix, which is available on the Oxford University Press Web site next to the link to the final published paper online.","""cash holdings"" ""tariff""","https://openalex.org/W3125210549","article"
"International oil price uncertainty and corporate investment: Evidence from China's emerging and transition economy","Yong Wang; Erwei Xiang; Adrian Cheung; Wenjuan Ruan; Hu Wei","2016","Energy Economics","126","True","https://researchrepository.murdoch.edu.au/id/eprint/35197/","https://doi.org/10.1016/j.eneco.2016.11.024","","""cash holdings"" ""tariff""","https://openalex.org/W2559929112","article"
"Re-packaging old policies? ‘Abenomics’ and the lack of an alternative growth model for Japan's political economy","Saori Shibata","2017","Japan Forum","56","True","https://www.tandfonline.com/doi/pdf/10.1080/09555803.2017.1284143?needAccess=true","https://doi.org/10.1080/09555803.2017.1284143","Abenomics' has continued to attract the attention of both the national and international media and a broad range of scholars. There are different and contested views of Abenomics and its impact upon the Japanese economy. This article argues that those more Keynesian-style remedies that form part of Abenomics have not been able to address Japan's longer-term problem of weak demand, especially in terms of private consumption. This is in large part due to the liberalising measures that also form part of Abenomics, and which are incompatible with the Keynesian remedies pursued. Whilst Abenomics has the potential (at least in the short-to-medium term) to improve the profitability of Japanese businesses, in the absence of a corresponding move to redistribute corporate wealth to labour, Abenomics also represents a hazard to future economic growth in Japan.","""cash holdings"" ""tariff""","https://openalex.org/W2588912001","article"
"Economic policy uncertainty and sustainable financial growth: Does business strategy matter?","Tanveer Ahsan; Bakr Al‐Gamrh; Sultan Sikandar Mirza","2021","Finance research letters","46","True","https://linkinghub.elsevier.com/science/article/pii/S1544612321003834","https://doi.org/10.1016/j.frl.2021.102381","","""cash holdings"" ""tariff""","https://openalex.org/W3194302287","article"
"Political connections, institutional investors and dividend payouts in Malaysia","Samuel Jebaraj Benjamin; Mazlina Mat Zain; Effiezal Aswadi Abdul Wahab","2016","Pacific Accounting Review","34","True","https://espace.curtin.edu.au/bitstream/20.500.11937/8641/2/240346.pdf","https://doi.org/10.1108/par-06-2015-0023","Purpose The purpose of this study is to examine the agency problem of expropriation using dividends in politically connected firms and the relevance of institutional investors in limiting this problem. The growing presence of this group of shareholders offers a unique opportunity to test their importance in the context of dividends payments and expropriation. Design/methodology/approach This study uses the Tobit regression to test the association between political connection, institutional investors and dividend payouts. The results are also robust to the three-stage-least squares regressions method. Findings The study is based on a random sample of 2,458 Malaysian firms-year observations for the period of 2004-2009. The results reveal that politically connected firms have an inclination to pay lower dividends, while institutional ownership is associated with higher dividend payouts. Furthermore, the findings reveal that higher levels of institutional ownership moderates the negative relationship between politically connected firms and dividends. Research implications The findings have an important implication to regulators as it suggests that the institutional investors can influence the dividend payouts in politically connected firms through active monitoring, thus alleviating agency problems. This also provides a positive feedback on the regulators’ governance initiatives that quest to strengthen the roles of institutional investors. Originality/value This study is the first to examine the effectiveness of the monitoring role of institutional investors in the context of expropriation by politically connected firms from the perspective of dividend payouts.","""cash holdings"" ""tariff""","https://openalex.org/W2288649792","article"
"Trade credit, cash holdings, and product market competition","Rongrong Zhang","2020","The Quarterly Review of Economics and Finance","32","False","","https://doi.org/10.1016/j.qref.2020.01.006","","""cash holdings"" ""tariff""","https://openalex.org/W2965909080","article"
"Export Decision and Credit Constraints under Institution Obstacles","Trang Hoai Phan; Rainer Stachuletz; Hai Thi Nguyen","2022","Sustainability","24","True","https://www.mdpi.com/2071-1050/14/9/5638/pdf?version=1652062761","https://doi.org/10.3390/su14095638","The growing demand for goods and technology increases capital requirements, especially in exporting enterprises. However, many firms have difficulty accessing external capital due to institutional obstacles. This study analyzes two main issues: the influence of institutional obstacles on credit constraints and the relationship between credit constraints and export decisions, adopting firm-level data from 131 countries. The study’s remarkable contribution is to cluster the data into four country groups based on their national income. The typical specification of each group can lead to more precise results, thereby highlighting the role of institutions. More advanced, this study complements the literature’s gap in the relationship between credit constraints and exports by controlling for institutions as interactive variables in the model. This work upgrades assessments to be more accurate, thereby providing more valuable information to policymakers. In addition, credit constraints are measured by both quantitative and qualitative methods. The essential role of firm size is emphasized in further analysis. This study approaches the Probit method. Furthermore, an instrumental variable is used to solve the endogeneity problem. The results found that a weak institution prevents access to finance, especially in middle-income countries. In addition, firms’ access to capital negatively affects exports in all regions. The finding in the group of rich countries is most pronounced.","""cash holdings"" ""tariff""","https://openalex.org/W4229376740","article"
