"title","authors","year","venue","cited_by","is_oa","oa_url","doi","abstract","query","id","type"
"Feverish Stock Price Reactions to COVID-19*","Stefano Ramelli; Alexander F. Wagner","2020","The Review of Corporate Finance Studies","1225","True","https://academic.oup.com/rcfs/article-pdf/9/3/622/33880074/cfaa012.pdf","https://doi.org/10.1093/rcfs/cfaa012","Market reactions to the 2019 novel coronavirus disease (COVID-19) provide new insights into how real shocks and financial policies drive firm value. Initially, internationally oriented firms, especially those more exposed to trade with China, underperformed. As the virus spread to Europe and the United States, corporate debt and cash holdings emerged as important value drivers, relevant even after the Fed intervened in the bond market. The content and tone of conference calls mirror this development over time. Overall, the results illustrate how anticipated real effects from the health crisis, a rare disaster, were amplified through financial channels.","trump 2016 election ""cash holdings"" difference-in-differences","https://openalex.org/W3122263577","article"
"Firm‐Level Climate Change Exposure","Zacharias Sautner; Laurence van Lent; Grigory Vilkov; RUISHEN ZHANG","2023","The Journal of Finance","1090","True","https://onlinelibrary.wiley.com/doi/pdfdirect/10.1111/jofi.13219","https://doi.org/10.1111/jofi.13219","ABSTRACT We develop a method that identifies the attention paid by earnings call participants to firms' climate change exposures. The method adapts a machine learning keyword discovery algorithm and captures exposures related to opportunity, physical, and regulatory shocks associated with climate change. The measures are available for more than 10,000 firms from 34 countries between 2002 and 2020. We show that the measures are useful in predicting important real outcomes related to the net‐zero transition, in particular, job creation in disruptive green technologies and green patenting, and that they contain information that is priced in options and equity markets.","""firm-level political risk"" ""cash holdings""","https://openalex.org/W4322624932","article"
"Resiliency of Environmental and Social Stocks: An Analysis of the Exogenous COVID-19 Market Crash","Rui Albuquerque; Yrjö Koskinen; Shuai Yang; Chendi Zhang","2020","The Review of Corporate Finance Studies","1071","True","https://academic.oup.com/rcfs/article-pdf/9/3/593/33880102/cfaa011.pdf","https://doi.org/10.1093/rcfs/cfaa011","The COVID-19 pandemic and the subsequent lockdown brought about an exogenous and unparalleled stock market crash. The crisis thus provides a unique opportunity to test theories of environmental and social (ES) policies. This paper shows that stocks with higher ES ratings have significantly higher returns, lower return volatility, and higher operating profit margins during the first quarter of 2020. ES firms with higher advertising expenditures experience higher stock returns, and stocks held by more ES-oriented investors experience less return volatility during the crash. This paper highlights the importance of customer and investor loyalty to the resiliency of ES stocks.","trump 2016 ""cash holdings"" DiD","https://openalex.org/W3021084400","article"
"How Valuable Is Financial Flexibility when Revenue Stops? Evidence from the COVID-19 Crisis","Rüdiger Fahlenbrach; Kevin Rageth; René M. Stulz","2020","Review of Financial Studies","472","True","https://academic.oup.com/rfs/article-pdf/34/11/5474/40724144/hhaa134.pdf","https://doi.org/10.1093/rfs/hhaa134","Abstract Firms with greater financial flexibility should be better able to fund a revenue shortfall resulting from the COVID-19 shock and benefit less from policy responses. We find that firms with high financial flexibility within an industry experience a stock price drop that is 26$\%$, or 9.7 percentage points, lower than those with low financial flexibility. This differential return persists as stock prices rebound. Firms more exposed to the COVID-19 shock benefit more from cash holdings. No evidence suggests that recent payouts worsened the average firm’s drop in stock price. Our results cannot be explained by a leverage effect.","Hassan Hollander ""cash holdings""","https://openalex.org/W3125266783","article"
"Do ESG strategies enhance bank stability during financial turmoil? Evidence from Europe","Laura Chiaramonte; Alberto Dreassi; Claudia Girardone; Stefano Piserà","2021","European Journal of Finance","353","True","https://www.tandfonline.com/doi/pdf/10.1080/1351847X.2021.1964556?needAccess=true","https://doi.org/10.1080/1351847x.2021.1964556","This paper investigates the joint and separate effects of Environmental (E), Social (S), and Governance (G) scores on bank stability. Using a sample of European banks operating in 21 countries over 2005-2017, we find that the total ESG score, as well as its sub-pillars, reduces bank fragility during periods of financial distress. This stabilizing effect holds strongly for banks with higher ESG ratings. These results are confirmed by a differences-in-differences (DID) analysis built around the introduction of the EU 2014 Non-Financial Reporting Directive (NFRD). Our evidence also reveals that, in times of financial turmoil, the longer the duration of ESG disclosures, the greater the benefits on stability. Finally, we show that the ESG-bank stability linkages vary significantly across banks' characteristics and operating environments. Our findings are robust to selection bias and endogeneity concerns. Overall, they support the regulatory effort in requiring an enhanced disclosure of non-financial information.","Hassan Hollander ""cash holdings""","https://openalex.org/W3200548867","article"
"Investor rewards to environmental responsibility: Evidence from the COVID-19 crisis","Alexandre Garel; Arthur Petit-Romec","2021","Journal of Corporate Finance","289","True","https://www.sciencedirect.com/science/article/am/pii/S0929119921000699?via%3Dihub","https://doi.org/10.1016/j.jcorpfin.2021.101948","","trump 2016 election ""cash holdings"" difference-in-differences","https://openalex.org/W3156650419","article"
"Institutional investors' horizons and corporate employment decisions","Mohamed Ghaly; Viet Anh Dang; Konstantinos Stathopoulos","2020","Journal of Corporate Finance","240","True","https://research.manchester.ac.uk/en/publications/7eeb397a-54b5-4360-9385-110c83b91972","https://doi.org/10.1016/j.jcorpfin.2020.101634","","""firm-level political risk"" ""cash holdings""","https://openalex.org/W3123632618","article"
"Is the US Public Corporation in Trouble?","Kathleen M. Kahle; René M. Stulz","2017","The Journal of Economic Perspectives","232","True","https://www.aeaweb.org/articles/pdf/doi/10.1257/jep.31.3.67","https://doi.org/10.1257/jep.31.3.67","We examine the current state of the US public corporation and how it has evolved over the last 40 years. After falling by 50 percent since its peak in 1997, the number of public corporations is now smaller than 40 years ago. These corporations are now much larger and over the last twenty years have become much older; they invest differently, as the average firm invests more in R&amp;D than it spends on capital expenditures; and compared to the 1990s, the ratio of investment to assets is lower, especially for large firms. Public firms have record high cash holdings and, in most recent years, the average firm has more cash than long-term debt. Measuring profitability by the ratio of earnings to assets, the average firm is less profitable, but that is driven by smaller firms. Earnings of public firms have become more concentrated—the top 200 firms in profits earn as much as all public firms combined. Firms' total payouts to shareholders as a percent of earnings are at record levels. Possible explanations for the current state of the public corporation include a decrease in the net benefits of being a public company, changes in financial intermediation, technological change, globalization, and consolidation through mergers.","""firm-level political risk"" ""cash holdings""","https://openalex.org/W3122910304","article"
"The pandemic and economic policy uncertainty","Saud Asaad Althaqeb; Barrak Ghanim Algharabali; Khaled Tareq Alabdulghafour","2020","International Journal of Finance & Economics","220","True","https://onlinelibrary.wiley.com/doi/pdfdirect/10.1002/ijfe.2298","https://doi.org/10.1002/ijfe.2298","Abstract The events that occurred after the worldwide diffusion of COVID‐19 provide a real‐life example of how uncertainty can severely affect the global economy. This paper reviews literature on the negative impacts of the economic policy uncertainty index (EPU) on individuals, businesses, governments, and economies at the local and international levels. This reveals that a high EPU is associated with adverse effects on households, corporations, and governments, which tend to delay many financial decisions under high uncertainty, which leads to lower consumption, fewer issuances of debt, fewer investments, and higher unemployment. The effects of political and regulatory uncertainty also extend to the commodity markets, such as the adverse effects on both oil and gasoline markets, and can potentially create adverse impacts on the crypto‐currency market and its potential growth. We demonstrate that governmental uncertainty also affects financial, housing, and equity markets; debt issuances; and the entire economy. This underscores the importance of considering EPU as a risk factor. The association with several components of the global economy reflects not only the EPU index's critical influence, but also the importance of risk management. Our results lead us to consider the gravity of economic policy uncertainty and call for innovation across different sectors to mitigate its adverse effects.","""firm-level political risk"" ""cash holdings""","https://openalex.org/W3092265333","article"
"A First Look at the Impact of COVID-19 on Commercial Real Estate Prices: Asset-Level Evidence","David C. Ling; Chongyu Wang; Tingyu Zhou","2020","The Review of Asset Pricing Studies","203","True","https://academic.oup.com/raps/article-pdf/10/4/669/34416863/raaa014.pdf","https://doi.org/10.1093/rapstu/raaa014","Abstract This is the first paper to examine how the COVID-19 shock transmitted from the asset markets to capital markets. Using a novel measure of the exposure of commercial real estate (CRE) portfolios to the increase in the number of COVID-19 cases (GeoCOVID), we find a one-standard-deviation increase in GeoCOVID on day t-1 is associated with a 0.24 to 0.93 percentage points decrease in abnormal returns over 1- to 3-day windows. There is substantial variation across property types. Local and state policy interventions helped to moderate the negative return impact of GeoCOVID. However, there is little evidence that reopenings affected the performance of CRE markets.","Hassan Hollander ""cash holdings""","https://openalex.org/W3035323560","article"
"ESG Ratings and Stock Performance during the COVID-19 Crisis","Nils Engelhardt; Jens Ekkenga; Peter N. Posch","2021","Sustainability","197","True","https://www.mdpi.com/2071-1050/13/13/7133/pdf?version=1624851033","https://doi.org/10.3390/su13137133","We investigate the association between Environmental, Social, and Governance (ESG) ratings and stock performance during the COVID-19 crisis. Although there is mixed evidence in the literature whether ESG is valuable in times of crisis, we find high ESG-rated European firms to be associated with higher abnormal returns and lower stock volatility. After decomposing ESG into its separate components, we find the social score to be the predominant driver of our results. Further, we argue that ESG is value-enhancing in low-trust countries, and in countries with poorer security regulations and where lower disclosure standards prevail.","Hassan Hollander ""cash holdings""","https://openalex.org/W3173908785","article"
"Can Corporate Income Tax Cuts Stimulate Innovation?","Julian Atanassov; Xiaoding Liu","2019","Journal of Financial and Quantitative Analysis","181","True","https://www.cambridge.org/core/services/aop-cambridge-core/content/view/158008954E218B436A4391EDAD69DC9F/S0022109019000152a.pdf/div-class-title-can-corporate-income-tax-cuts-stimulate-innovation-div.pdf","https://doi.org/10.1017/s0022109019000152","We hypothesize that corporate income taxes distort firms’ incentives to innovate by reducing their pledgeable income. Using a differences-in-differences methodology, we document that large corporate income tax cuts boost corporate innovation. We find a similar but opposite effect for tax increases. Most of the change in innovation occurs 2 or more years after the tax change, and there’s no effect before the tax change. Exploring the mechanisms, we show that tax cuts have a stronger impact on innovation for firms with weaker governance, greater financial constraints, fewer tangible assets, smaller patent stock, and a greater degree of tax avoidance.","trump 2016 ""cash holdings"" DiD","https://openalex.org/W3124631624","article"
"Firm‐Level Climate Change Risk and CEO Equity Incentives","Ashrafee T Hossain; Abdullah Al Masum; Samir Saadi; Ramzi Benkraiem; Nirmol Chandra Das","2022","British Journal of Management","178","True","https://hal.science/hal-04434397/document","https://doi.org/10.1111/1467-8551.12652","Abstract We document evidence that CEOs who lead firms that face higher climate change risk (CCR) receive higher equity‐based compensation. Our finding is consistent with the compensating wedge differential theory and survives numerous robustness and endogeneity tests. The result is more prominent for firms that are socially responsible, susceptible to higher environmental litigation and part of the non‐high‐tech industries. Furthermore, we find supportive evidence that firms offering higher equity incentives to their CEOs for managing higher CCR are usually better off in the long run via a lower cost of equity capital and higher firm valuation.","""firm-level political risk"" ""cash holdings""","https://openalex.org/W4294292687","article"
"Determinants of firm’s value: Evidence from financial industry","Endri Endri; Moch Fathony","2019","Management Science Letters","125","True","https://doi.org/10.5267/j.msl.2019.8.011","https://doi.org/10.5267/j.msl.2019.8.011","The purpose of this study was to estimate and analyze the effect of dividend policy, profitability, firm size, leverage, and growth on firm value in financial sector listed on Indonesia Stock Exchange from 2013 to 2017. A quantitative method is used for this research with 21 companies as research object, measured by purposive sampling techniques. The data analysis method used is panel data regression. The results show that firm size, leverage, and growth did not have any significant effect on firm value in financial sector companies in the period 2013-2017. However, dividend policy and profitability proved to have significant positive effects on firm value in financial sector companies for the period 2013-2017. Simultaneous results also show that dividend policy, profitability, firm size, leverage and growth had some effects on firm value.","""trade war"" 2018 ""cash holdings"" firm DiD","https://openalex.org/W2968837705","article"
"Populism, political risk, and pandemics: The challenges of political leadership for business in a post-COVID world","Christopher A. Hartwell; Timothy M. Devinney","2021","Journal of World Business","123","True","https://doi.org/10.1016/j.jwb.2021.101225","https://doi.org/10.1016/j.jwb.2021.101225","The examination of political risk, political uncertainty, and political institutions in the international business literature has, not unexpectedly, been shaped by the prevailing issues faced by firms at their time of writing. While these three separate angles together have provided an iteratively more comprehensive view of the politics and business nexus, they are still missing an important component, namely the ability of specific actors to utilize political uncertainty and generate institutional volatility. This paper examines the rise of two specific phenomena that challenge prevailing theoretical frameworks, and potentially have the ability to render our previous insights less relevant: first, the rise of populism as a persistent political force in developed economies, and second, the rapid spread and disparate political response to COVID-19. We argue that exclusively institutional-based frameworks are inadequate to cope with the political realities of the 21st century, as institutions themselves are being subverted or utilized for actions far beyond their original conception in practice and their operationalization in the IB literature (something that COVID-19 has exacerbated). Although extant IB work has much to recommend itself in helping to understand risk and uncertainty in the political sphere, these new challenges for business reveal that we need to incorporate political personalities, actors, and leaders(hip) into our research. Only then can we have a more complete picture of how politics can influence business.","trump 2016 election ""cash holdings"" difference-in-differences","https://openalex.org/W3152803478","article"
"Stock Prices and the Russia-Ukraine War: Sanctions, Energy and ESG","Ming Deng; Markus Leippold; Alexander F. Wagner; Qian Wang","2022","SSRN Electronic Journal","123","True","https://papers.ssrn.com/sol3/Delivery.cfm?abstractid=4080181","https://doi.org/10.2139/ssrn.4080181","","trump 2016 election ""cash holdings"" difference-in-differences","https://openalex.org/W4225685912","article"
"The effect of the policy mix of green credit and government subsidy on environmental innovation","Yechi Ma; Yezhou Sha; Zilong Wang; Wenjing Zhang","2023","Energy Economics","110","True","https://www.repository.cam.ac.uk/bitstreams/53928a2f-5f7b-4346-a4fc-c1f5a95de83a/download","https://doi.org/10.1016/j.eneco.2023.106512","","""trade policy uncertainty"" ""cash holdings"" DiD","https://openalex.org/W4314446173","article"
"How Did Depositors Respond to COVID-19?","Ross Levine; Chen Lin; Mingzhu Tai; Wensi Xie","2021","Review of Financial Studies","108","True","https://academic.oup.com/rfs/article-pdf/34/11/5438/40724138/hhab062.pdf","https://doi.org/10.1093/rfs/hhab062","Abstract Why did banks experience massive deposit inflows during the pandemic? We discover that deposit interest rates at bank branches in counties with higher COVID-19 infection rates fell by more than rates at branches—even branches of the same bank—in counties with lower infection rates. Credit drawdowns, national policies, such as the Payment Protection Program, and a flight-to-safety do not account for these cross-branch changes in deposit rates. Evidence suggests that higher local COVID-19 infection rates are associated with households’ greater anxiety about future job and income losses, anxiety that induces households to reduce spending and increase deposits.","trump 2016 ""cash holdings"" DiD","https://openalex.org/W4206686905","article"
"COVID-19 and the Cross-Section of Equity Returns: Impact and Transmission","Lorenzo Bretscher; Alex Hsu; Peter Simasek; Andrea Tamoni","2020","The Review of Asset Pricing Studies","103","True","https://academic.oup.com/raps/article-pdf/10/4/705/34416900/raaa017.pdf","https://doi.org/10.1093/rapstu/raaa017","Abstract Using the first reported case of COVID-19 in a given U.S. county as the event day, we find that firms headquartered in an affected county experience, on average, a 27-bps lower return in the 10-day post-event window. This negative effect nearly doubles in magnitude for firms in counties with a higher infection rate (−50 bps). We test a number of transmission channels. Firms belonging to labor-intensive industries and those located in counties with a large mobility decline have worse stock performance. Firms sensitive to COVID-19-induced uncertainty also exhibit more negative returns. Finally, more negative stock returns are associated with downward revisions in earnings forecasts.","trump 2016 ""cash holdings"" DiD","https://openalex.org/W3040715873","article"
"Political uncertainty exposure of individual companies: The case of the Brexit referendum","Paula Hill; Adriana Korczak; Piotr Korczak","2018","Journal of Banking & Finance","99","True","https://research-information.bris.ac.uk/ws/files/180199491/HKK_brexit1_20181220.pdf","https://doi.org/10.1016/j.jbankfin.2018.12.012","","trump 2016 election ""cash holdings"" difference-in-differences","https://openalex.org/W2587561580","article"
"Does customer-base structure influence managerial risk-taking incentives?","Jie Chen; Xunhua Su; Xuan Tian; Bin Xu","2021","Journal of Financial Economics","98","True","https://centaur.reading.ac.uk/122715/1/JFE_SSRN.pdf","https://doi.org/10.1016/j.jfineco.2021.07.015","","""firm-level political risk"" ""cash holdings""","https://openalex.org/W3183831255","article"
"The impact of COVID-19 on firm risk and performance in MENA countries: Does national governance quality matter?","Hamza Almustafa; Quang Nguyen; Jia Liu; Van Cuong Dang","2023","PLoS ONE","95","True","https://journals.plos.org/plosone/article/file?id=10.1371/journal.pone.0281148&type=printable","https://doi.org/10.1371/journal.pone.0281148","This study investigated the impact of the COVID-19 crisis on firm risk and performance in different country-level governance qualities in the MENA region. Analyzing a sample of 739 non-financial listed firms in 12 MENA countries for the period 2011-2020, we found that the COVID-19 crisis negatively impacted the performance of firms, especially low-performance firms, in most industries, and increased firm risk in general. Moreover, we found that national governance quality plays an important role in mitigating the negative impact of the COVID-19 crisis on firm operations. Specifically, national governance quality reduces the negative impact of the COVID-19 crisis on firm performance and the positive impact of the crisis on firm risk. The results are consistent with our contention that national governance quality contributes to creating a positive environment for businesses activities and reducing economic shocks.","""trade policy uncertainty"" ""cash holdings"" DiD","https://openalex.org/W4319295164","article"
"The liabilities of foreign institutional ownership: Managing political dependence through corporate political spending","Wei Shi; Cheng Gao; Ruth V. Aguilera","2020","Strategic Management Journal","84","True","https://onlinelibrary.wiley.com/doi/pdfdirect/10.1002/smj.3211?download=true","https://doi.org/10.1002/smj.3211","Abstract Research Summary The benefits of foreign institutional ownership (FIO) have been amply researched, but there are also potential downsides to such ownership. High FIO can subject a firm to heightened regulatory scrutiny and compliance, increasing its political dependence. Drawing on resource dependence theory, we argue that firms can manage the political dependence that arises from FIO by engaging in corporate political spending (CPS). We derive two moderating conditions from our theoretical argument, positing that the strength of the positive relationship between FIO and CPS hinges on the intensity of a firm's government contracting and on the political sensitivity of the industry. Our study advances strategic ownership research by highlighting that U.S. firms may need to manage the potential liabilities associated with FIO through nonmarket strategy. Managerial Summary Research suggests that firms can reap many benefits from equity investments made by foreign institutional investors. However, such investments may also have potential downsides. We posit that high levels of FIO may subject a firm to increased political and regulatory scrutiny, and that firms can manage this increased exposure to government by engaging in corporate political activities that allow them to monitor and influence the political landscape. To explore this question, we analyzed a large sample of publicly traded U.S. firms and find empirical support for our arguments. Our study highlights an unintended “liability” of FIO that firm executives should be aware of and has practical implications for how firms manage their investors and allocate resources between market and nonmarket strategies.","""firm-level political risk"" ""cash holdings""","https://openalex.org/W3034295838","article"
"COVID-19 pandemic impact on banking sector: A cross-country analysis","Mohsin Shabir; Ping Jiang; Wenhao Wang; Özcan Işık","2023","Journal of Multinational Financial Management","83","True","https://pmc.ncbi.nlm.nih.gov/articles/PMC9896081/pdf/main.pdf","https://doi.org/10.1016/j.mulfin.2023.100784","","Hassan Hollander ""cash holdings""","https://openalex.org/W4320517181","article"
"Geopolitical risk and corporate payout policy","Samer Adra; Yang Gao; Jin Huang; Jiayi Yuan","2023","International Review of Financial Analysis","80","True","https://doi.org/10.1016/j.irfa.2023.102613","https://doi.org/10.1016/j.irfa.2023.102613","In this study, we examine the effects of geopolitical risk on corporate payout policy. Exploiting a news-based index of geopolitical risk, we find that firms adopt a more conservative payout policy by reducing share repurchases in response to greater geopolitical risk, whereas the effects of geopolitical risk on cash dividends are insignificant. Further analysis suggests that cash flow uncertainty and financial distress risk are two potential channels through which geopolitical risk affects corporate payout policy. We also show that the effects of geopolitical risk on share repurchase are more pronounced for firms with greater exposure to product market competition and those facing higher threats of financial distress. Overall, our study emphasizes the implications of geopolitical risk for corporate payout choice.","""firm-level political risk"" ""cash holdings""","https://openalex.org/W4322761270","article"
"Lean against the wind: The effect of policy uncertainty on a firm's corporate social responsibility strategy","Daoju Peng; Gönül Çolak; Jianfu Shen","2023","Journal of Corporate Finance","70","True","https://doi.org/10.1016/j.jcorpfin.2023.102376","https://doi.org/10.1016/j.jcorpfin.2023.102376","We examine the effect of policy uncertainty on firms' strategy of corporate social responsibility (CSR). During uncertain times, firms strategically increase their commitment to CSR causes. Policy uncertainty is positively associated with CSR performance regardless of the estimation method. CSR strategy can substitute for lobbying when firms attempt to manage policy uncertainty. Improved CSR performance can reduce firms' exposure to policy uncertainty which indicates that CSR commitment can deliver insurance-like benefits. The findings highlight the value of CSR commitments during uncertain times.","""firm-level political risk"" ""cash holdings""","https://openalex.org/W4319792439","article"
"Uncertainty before and during COVID‐19: A survey","Efrem Castelnuovo","2022","Journal of Economic Surveys","68","True","https://www.ncbi.nlm.nih.gov/pmc/articles/9350004","https://doi.org/10.1111/joes.12515","This survey features three parts. The first one reviews the most recent literature on the relationship between domestic (i.e., country-specific) uncertainty and the business cycle, and offers ten main takeaways. The second part surveys contributions to the fast-growing strand of the literature that focuses on the macroeconomic effects of uncertainty spillovers and global uncertainty. The last part presents contributions on the role played by uncertainty during the COVID-19 pandemic.","trump 2016 election ""cash holdings"" difference-in-differences","https://openalex.org/W4282984124","article"
"Exporting Uncertainty: The Impact of Brexit on Corporate America","Murillo Campello; Gustavo Cortés; Fabrício d’Almeida; Gaurav Kankanhalli","2022","Journal of Financial and Quantitative Analysis","66","True","https://www.cambridge.org/core/services/aop-cambridge-core/content/view/B48511C3F07B35E864D62A87190B0946/S0022109022000308a.pdf/div-class-title-exporting-uncertainty-the-impact-of-brexit-on-corporate-america-div.pdf","https://doi.org/10.1017/s0022109022000308","Abstract We show that the 2016 Brexit Referendum had multifaceted consequences for corporate America, shaping employment, investment, divestitures, R&amp;D, and savings. The unexpected vote outcome led U.S. firms to cut jobs and investment within U.S. borders. Using establishment-level data, we document that these effects were modulated by the reversibility of capital and labor. American-based job destruction was particularly pronounced in industries with less skilled and more unionized workers. U.K.-exposed firms with less redeployable capital and high input-offshoring dependence cut investment the most. Data on the near universe of U.S. establishments also point to measurable, negative effects on establishment turnover (openings and closings). Our results demonstrate how foreign-born political uncertainty is transmitted across international borders, shaping domestic capital formation and labor allocation.","trump 2016 election ""cash holdings"" difference-in-differences","https://openalex.org/W4225809246","article"
"CEO’s Childhood Experience of Natural Disaster and CSR Activities","Daewoung Choi; Hyunju Shin; Kyoungmi Kim","2023","Journal of Business Ethics","66","True","https://link.springer.com/content/pdf/10.1007/s10551-022-05319-3.pdf","https://doi.org/10.1007/s10551-022-05319-3","","""presidential election"" ""corporate cash holdings"" DiD","https://openalex.org/W4313597007","article"
"The importance of place-based, internal resources for the population development in small rural communities","Jens Fyhn Lykke Sørensen","2018","Journal of Rural Studies","64","True","https://findresearcher.sdu.dk/ws/files/143507729/Revised_manuscript_til_PURE_inkl._proof_rettelser_.pdf","https://doi.org/10.1016/j.jrurstud.2018.01.011","","trump 2016 ""cash holdings"" DiD","https://openalex.org/W2793218076","article"
"The differential impact of corporate blockchain-development as conditioned by sentiment and financial desperation","Iulia Cioroianu; Shaen Corbet; Charles Larkin","2020","Journal of Corporate Finance","60","True","https://doras.dcu.ie/25906/1/R4.pdf","https://doi.org/10.1016/j.jcorpfin.2020.101814","","""presidential election"" ""corporate cash holdings"" DiD","https://openalex.org/W3112937096","article"
"Business groups and the study of international business: A Coasean synthesis and extension","Luis Alfonso Dau; Randall Mørck; Bernard Yeung","2021","Journal of International Business Studies","56","True","https://link.springer.com/content/pdf/10.1057/s41267-020-00395-x.pdf","https://doi.org/10.1057/s41267-020-00395-x","Abstract This paper harmonizes the business group literature in international business and across relevant fields within a unified theoretical framework. Business groups (firms under common control but with different, if overlapping, owners) are economically important in much of the world. Business groups’ economic significance co-evolves with their economies' institutions and market environments, patterns of particular interest to international business scholars. The vast literature on business groups raises discordant perspectives. This paper first proposes a unifying definition and provides a list of stylized historical observations on business groups across different parts of the world. It then develops a Coasean framework to harmonize seemingly disparate views from the literature by building on recent surveys and the stylized historical patterns of business groups. We enlist two concepts – fallacies of composition/decomposition and time inconsistency – to harmonize these perspectives. This yields a theoretical framework for understanding business groups that mobilizes concepts long-used to understand multinational enterprises: the economy's market and hierarchical transaction costs, openness, and their dynamic interactions. We then apply this framework to globalization and business group internationalization. This work leads to an overarching research agenda encompassing seemingly inconsistent prior work.","""trade war"" 2018 ""cash holdings"" firm DiD","https://openalex.org/W3127592733","article"
"Impact of COVID-19 on different business models of European airlines","László Kökény; Zsófia Kenesei; Gábor Neszveda","2021","Current Issues in Tourism","56","True","https://www.tandfonline.com/doi/epdf/10.1080/13683500.2021.1960284?needAccess=true&role=button","https://doi.org/10.1080/13683500.2021.1960284","In addition to social damage, the first wave of the COVID-19 pandemic also caused huge economic losses in the beginning of 2020, especially for companies in the tourism sector. The airline market was no exception. This study examines the significance of the business model of European listed airlineslow cost carriers (LCCs), full service carriers (FSCs)for stock market performance. We use event study on the 11 airlines included in the sample. In terms of cumulative average abnormal returns, i.e. the most significant deviations from expected returns, negative phases can be detected in the entire and third stage of the pandemic. FSCs performed significantly better than LCCs at the time of the pandemic on 24 February, when European stock markets suffered the most damage; the business model overwrote financial indicators during the toughest period of the crisis. Although most LCCs had higher cash/ assets ratios, they still produced worse results than the average performance of companies with lower cash/assets ratios. This analysis helps to ensure that, in addition to examining financial indicators, the enumeration of the business model in this industry can also be decisive. The future possibilities of the research are discussed at the end of the study.","trump shock ""cash holdings"" firm","https://openalex.org/W3195299473","article"
"The Legacy of Shareholder Value Capitalism","Neil Fligstein; Adam Goldstein","2022","Annual Review of Sociology","55","True","https://www.annualreviews.org/doi/pdf/10.1146/annurev-soc-030420-120827","https://doi.org/10.1146/annurev-soc-030420-120827","American society has now been living in the wake of shareholder value capitalism for four decades. The shareholder value movement began as an invasion of the market for corporate control by financially oriented investors who critiqued sitting managers as not paying sufficient attention to the interests of shareholders during the economic crisis of the 1970s. It altered the relationship between financial markets and the managers of publicly held corporations. Subsequently, publicly held corporations have worked to raise share prices any way they can. While managers initially resisted shareholder value initiatives, they came to embrace them when their pay became tied to the share price. This created an incentive to discover new forms of financial extraction whenever a given set of strategies stopped producing new gains. We consider the impact that these reorganizations had on inequality and the relationship between shareholder value capitalism and financialization. We end by discussing the continuing relevance of shareholder value for understanding contemporary American capitalism. We also identify several avenues for future research on the evolution and consequences of shareholder value in the twenty-first century.","trump 2016 election ""cash holdings"" difference-in-differences","https://openalex.org/W4288714136","article"
"Corporate culture and firm value: Evidence from crisis","Yiwei Fang; Franco Fiordelisi; Iftekhar Hasan; Woon Sau Leung; Gabriel Wong","2022","Journal of Banking & Finance","54","True","https://doi.org/10.1016/j.jbankfin.2022.106710","https://doi.org/10.1016/j.jbankfin.2022.106710","Based on the Competing Values Framework (CVF), we score 10-K text to measure company culture in four types (collaborative, controlling, competitive, and creative) and examine its role in firm stability. We find that firms with higher controlling culture fared significantly better during the 2008–09 crisis. Firms with stronger controlling culture experienced fewer layoffs, less negative asset growth, greater debt issuance, and increased access to credit-line facilities during the crisis. The positive effect of the controlling culture is stronger among the financially-constrained firms. Overall, the controlling culture improves firm stability through greater support from capital providers.","""firm-level political risk"" ""cash holdings""","https://openalex.org/W4308034464","article"
"SHOULD BITCOIN BE HELD UNDER THE U.S. PARTISAN CONFLICT?","Chi‐Wei Su; Meng Qin; Xiaolei Zhang; Ran Tao; Muhammad Umar","2021","Technological and Economic Development of Economy","53","True","https://journals.vilniustech.lt/index.php/TEDE/article/download/14058/10314","https://doi.org/10.3846/tede.2021.14058","This paper probes the interrelationship between Bitcoin price (BP) and the U.S. partisan conflict (PC) by performing the bootstrap full- and sub-sample Granger causality tests. The positive influence from PC to BP reveals that Bitcoin can be considered as a tool to avoid the uncertainty caused by the rise in PC. However, this view cannot be supported by the negative impact, the major reason is that the burst of bubble undermines the hedging ability of Bitcoin. The above results are inconsistent with the intertemporal capital asset pricing model (ICAPM), underlining that high PC may drive BP to rise, in order to compensate for the losses and costs from factionalism. Conversely, BP has a negative impact on PC, suggesting that the U.S. political situation can be reflected by the Bitcoin market. Under the circumstance of the fiercer factionalism in the U.S., this investigation can benefit investors and related authorities.","trump 2016 election ""cash holdings"" difference-in-differences","https://openalex.org/W3128452967","article"
"The effect of a worldwide tax system on tax management of foreign subsidiaries","Saskia Kohlhase; Jochen Pierk","2019","Journal of International Business Studies","53","True","https://link.springer.com/content/pdf/10.1057/s41267-019-00287-9.pdf","https://doi.org/10.1057/s41267-019-00287-9","Abstract Under a worldwide tax system, firms pay taxes on their domestic income and repatriated foreign income, whereas under a territorial tax system repatriated foreign income is exempt from taxation. We examine whether worldwide tax systems reduce the incentives of multinational corporations to engage in tax management in their foreign subsidiaries. Using two quasi-natural experiments, we show that multinationals lower the effective tax rates in their foreign subsidiaries after countries switch from a worldwide to a territorial tax system. Thus, multinationals subject to a worldwide tax system face competitive disadvantages compared to competitors from countries with a territorial tax system.","""Tax Cuts and Jobs Act"" ""cash holdings"" difference-in-differences","https://openalex.org/W2990572151","article"
"Does economic policy uncertainty matter for financial reporting quality? Evidence from the United States","Theodora Bermpei; Antonios Nikolaos Kalyvas; Lorenzo Neri; Antonella Russo","2021","Review of Quantitative Finance and Accounting","49","True","https://link.springer.com/content/pdf/10.1007/s11156-021-01010-2.pdf","https://doi.org/10.1007/s11156-021-01010-2","","trump 2016 election ""cash holdings"" difference-in-differences","https://openalex.org/W3192665277","article"
"Economic policy uncertainty and sustainable financial growth: Does business strategy matter?","Tanveer Ahsan; Bakr Al‐Gamrh; Sultan Sikandar Mirza","2021","Finance research letters","46","True","https://linkinghub.elsevier.com/science/article/pii/S1544612321003834","https://doi.org/10.1016/j.frl.2021.102381","","trump tariff ""cash holdings"" firm","https://openalex.org/W3194302287","article"
"Does firm-level political risk affect cash holdings?","Shehub Bin Hasan; Md. Samsul Alam; Sudharshan Reddy Paramati; Md. Shahidul Islam","2022","Review of Quantitative Finance and Accounting","46","True","https://discovery.dundee.ac.uk/ws/files/72540740/Accepted_Version.pdf","https://doi.org/10.1007/s11156-022-01049-9","","""firm-level political risk"" ""cash holdings""","https://openalex.org/W4214910058","article"
"Corporate Cash and Employment","Philippe Bacchetta; Kenza Benhima; Céline Poilly","2019","American Economic Journal Macroeconomics","46","True","https://www.aeaweb.org/articles/pdf/doi/10.1257/mac.20150191","https://doi.org/10.1257/mac.20150191","In the aftermath of the US financial crisis, both a sharp drop in employment and a surge in corporate cash have been observed. In this paper, based on US data, we argue that the negative relationship between the corporate cash ratio and employment is systematic, both over time and across firms. We develop a dynamic general equilibrium model where heterogenous firms need cash and external liquid funds in their production process. We analyze the dynamic impact of aggregate shocks and the cross-firm impact of idiosyncratic shocks. We show that external liquidity shocks generate a negative comovement between the cash ratio and employment, as documented in the data. (JEL E24, E32, G32, J23)","Hassan Hollander ""cash holdings""","https://openalex.org/W3122935805","article"
"Corporate Hiring under COVID-19: Labor Market Concentration, Downskilling, and Income Inequality","Murillo Campello; Gaurav Kankanhalli; Pradeep Muthukrishnan","2020","SSRN Electronic Journal","45","True","https://papers.ssrn.com/sol3/Delivery.cfm?abstractid=3596655","https://doi.org/10.2139/ssrn.3596655","","Hassan Hollander ""cash holdings""","https://openalex.org/W3088691611","article"
"Temperature trend and corporate cash holdings","Dimitrios Gounopoulos; Yu Zhang","2024","Financial Management","44","True","https://onlinelibrary.wiley.com/doi/pdfdirect/10.1111/fima.12451","https://doi.org/10.1111/fima.12451","Abstract We examine the causal impact of climate uncertainty on companies’ cash holdings using local temperature trends. We find a notable increase in cash reserves among companies in response to rising climate‐related risks. We also identify two significant channels through which climate uncertainty influences firms’ cash management: heightened environmental enforcement risk and increased physical risk. Furthermore, we observe that the positive effect of temperature trends on cash holdings is more pronounced for financially constrained firms and those with a lower level of environmental protection awareness. External financing through equity and debt issuance, as well as cost reduction strategies involving research and development and selling, general, and administrative activities, represent viable avenues for firms to bolster their cash reserves. However, financially constrained firms are less inclined to build up cash reserves through debt financing. Our findings underscore the precautionary nature of corporate cash policies and shed light on how temperature fluctuations can significantly shape corporate behavior.","trump 2016 ""cash holdings"" DiD","https://openalex.org/W4393130474","article"
"The supply chain financing ecosystem: Early responses during the COVID-19 crisis","Thomas Y. Choi; Erik Hofmann; Simon Templar; Dale S. Rogers; Rudolf Leuschner; Rohan Y. Korde","2023","Journal of Purchasing and Supply Management","43","True","https://pmc.ncbi.nlm.nih.gov/articles/PMC10122550/pdf/main.pdf","https://doi.org/10.1016/j.pursup.2023.100836","","""trade war"" 2018 ""cash holdings"" firm DiD","https://openalex.org/W4366752917","article"
"Understanding Economic Sanctions on Iran: A Survey","Mohammad Reza Farzanegan; Esfandyar Batmanghelidj","2023","The Economists Voice","42","True","https://www.degruyter.com/document/doi/10.1515/ev-2023-0014/pdf","https://doi.org/10.1515/ev-2023-0014","Abstract This paper surveys the literature on the economic effects of sanctions on Iran, with a principal focus on those imposed after 2006. We discuss the challenges of isolating the impacts of sanctions and evaluate recent methodological approaches used to measure causal effects. Specifically, we focus on the application of the synthetic control method to disaggregate the exogenous and endogenous factors responsible for economic underperformance in Iran. We review studies on the macroeconomic impacts of Iran sanctions and examine those that focus on the sectoral effects of sanctions. Our survey reveals a large and growing body of literature that remains incomplete. There are significant gaps in the existing research on the impact of sanctions. Iran will likely remain the most important case study as researchers seek to fill those gaps.","trump 2016 ""cash holdings"" DiD","https://openalex.org/W4381480354","article"
"COVID-19 and corporate tax avoidance: International evidence","A Athira; Vishnu K. Ramesh","2023","International Business Review","41","True","https://pmc.ncbi.nlm.nih.gov/articles/PMC10198770/pdf/main.pdf","https://doi.org/10.1016/j.ibusrev.2023.102143","","trump 2016 election ""cash holdings"" difference-in-differences","https://openalex.org/W4375949664","article"
"Is silence golden sometimes? Management guidance withdrawals during the COVID-19 pandemic","Ole‐Kristian Hope; Congcong Li; Mark Shuai; Xijiang Su","2022","Review of Accounting Studies","41","True","https://link.springer.com/content/pdf/10.1007/s11142-022-09698-w.pdf","https://doi.org/10.1007/s11142-022-09698-w","","Hassan Hollander ""cash holdings""","https://openalex.org/W4290738689","article"
"Firm-level political risk and dividend payout","Muhammad Farooq Ahmad; Saqib Aziz; Rwan El‐Khatib; Oskar Kowalewski","2023","International Review of Financial Analysis","40","True","https://rennes-sb.hal.science/hal-04023055/document","https://doi.org/10.1016/j.irfa.2023.102546","","""firm-level political risk"" ""cash holdings""","https://openalex.org/W4318465124","article"
"Policy uncertainty, lender of last resort and the real economy","Martina Jašová; Caterina Mendicino; Dominik Supera","2020","Journal of Monetary Economics","40","True","https://www.ecb.europa.eu//pub/pdf/scpwps/ecb.wp2521~f3ff10f7a5.en.pdf","https://doi.org/10.1016/j.jmoneco.2020.12.001","","""trade policy uncertainty"" ""cash holdings"" DiD","https://openalex.org/W2906567517","article"
"The impact of oil and global markets on Saudi stock market predictability: A machine learning approach","Hussein A. Abdou; Ahmed A. Elamer; Mohammad Zoynul Abedin; Bassam A. Ibrahim","2024","Energy Economics","35","True","https://doi.org/10.1016/j.eneco.2024.107416","https://doi.org/10.1016/j.eneco.2024.107416","This study investigates the predictability power of oil prices and six international stock markets namely, China, France, UK, Germany, Japan, and the USA, on the Saudi stock market using five Machine Learning (ML) techniques and the Generalized Method of Moments (GMM). Our analysis reveals that prior to the 2006 collapse, oil exerted the least influence on the Saudi market, while the UK and Japan were the most influential stock markets. However, after the collapse, oil became the most influential factor, highlighting the strong dependence of Saudi Arabia's economic structure on oil production. This finding is particularly noteworthy given Saudi Arabia's efforts to reduce its reliance on oil through Vision 2030. We further demonstrate that China's influence on the Saudi market increased significantly after the 2006 collapse, surpassing that of the UK. This is attributable to the substantial trade between China, Japan, and Saudi Arabia, as well as the rise in Saudi foreign direct investment in China, and the decline in such investment in the UK post-collapse. Our results carry important implications for stock market investors and policymakers alike. We suggest that policymakers in Saudi Arabia should continue to diversify their economy away from oil and strengthen economic ties with emerging markets, particularly China, to reduce their vulnerability to oil price fluctuations and ensure sustainable economic growth.","""trade war"" 2018 ""cash holdings"" firm DiD","https://openalex.org/W4391953017","article"
"From disruption to innovation: The importance of the supply chain leadership style for driving logistics innovation in the face of geopolitical disruptions","Imran Ali; David Gligor; Maria Balta; Sıddık Bozkurt; Θάνος Παπαδόπουλος","2024","Transportation Research Part E Logistics and Transportation Review","35","True","https://doi.org/10.1016/j.tre.2024.103583","https://doi.org/10.1016/j.tre.2024.103583","The intricate global supply chains and logistics operations have been acutely vulnerable to recent geopolitical conflicts and resulting disruptions. Meanwhile, research shows that the choice of an appropriate leadership style is pivotal for organisations striving to thrive in dynamic business environments and foster innovation. However, the current literature lacks a theory-driven empirical model that delves into the complex interplay between geopolitical disruptions and logistics innovation, as well as the influence of different leadership styles on this interplay. We address this knowledge gap by cross-pollinating logistics management and leadership literature. Drawing upon the strategic contingency theory and analysing 247 responses from manufacturing and distributing firms, our research reveals a multitude of compelling findings. Specifically, we ascertain that geopolitical disruptions exert a significant detrimental impact on logistics innovation performance. At the same time, we uncover the substantial mitigating effects of crises, participative, and transformational supply chain leadership styles on the negative influence of geopolitical disruptions on logistics innovation performance. That is, firms with supply chain leaders exhibiting higher levels of these three leadership styles experience a diminished negative impact compared to their counterparts. Interestingly, contrary to our initial expectations, the directive leadership style does not demonstrate any discernible effect in alleviating the adverse consequences of geopolitical disruptions on firms' logistics innovation performance. These findings contribute to a deeper understanding of the intricate dynamics at play and provide valuable insights for organisations seeking to navigate and overcome the challenges posed by geopolitical disruptions in their pursuit of logistics innovation.","""trade war"" 2018 ""cash holdings"" firm DiD","https://openalex.org/W4398231899","article"
"The new world of philanthropy: How changing financial behavior, public policies, and <scp>COVID</scp>‐19 affect nonprofit fundraising and marketing","Eric Van Steenburg; Nwamaka A. Anaza; Ahmed Ashhar; Andrés Fernando González Barrios; Ashley R. Deutsch; Meryl P. Gardner","2022","Journal of Consumer Affairs","34","True","https://onlinelibrary.wiley.com/doi/pdfdirect/10.1111/joca.12461","https://doi.org/10.1111/joca.12461","Evolving financial behavior, an unpredictable public policy atmosphere, and an unparalleled global pandemic have collaborated to disrupt nonprofit fundraising. The COVID-19 pandemic alone exacerbated consumer demands for nonprofit services while curtailing nonprofit organizations' ability to fundraise. Without fundraising, nonprofit organizations cannot achieve their mission or support their causes, leading to a precarious situation for societal well-being. Meanwhile, consumers are changing their financial behaviors, with younger generations often going cashless. At the same time, governments continue to change policies that affect nonprofit organizations. In keeping with the transformative consumer research movement, the present study provides a conceptual framework for the state of nonprofit fundraising amid the challenges associated with changes in financial behavior and public policy, coupled with the effects of the global pandemic. Marketing strategies for fundraising success are presented to aid nonprofits going forward and serve societal interests.","trump 2016 ""cash holdings"" DiD","https://openalex.org/W4283075110","article"
"Board Gender Diversity and Firm Performance: Recent Evidence from Japan","Kangyi Wang; Jing Ma; Chunxiao Xue; Jianing Zhang","2024","Journal of risk and financial management","34","True","https://www.mdpi.com/1911-8074/17/1/20/pdf?version=1704448298","https://doi.org/10.3390/jrfm17010020","Gender diversity is increasingly recognized as a critical element in corporate management. However, existing research on its impact on firm performance demonstrates inconsistency in a global context. This study employs 1990 publicly listed Japanese companies from 2006 to 2023 and examines the effect of board gender diversity on firm performance in Japan. Findings from the fixed-effects regression model revealed a significant negative impact of board gender diversity on firm performance. This adverse correlation is more pronounced in smaller firms, those with greater leverage and reduced institutional ownership, and regulated and consumer-focused industries, particularly pre-COVID-19. The detrimental impact of board gender diversity on firm performance is transmitted via corporate social responsibility and firm innovation instead of board independence or CEO duality. Notably, the two-stage least squares estimation addresses potential endogeneity, employing an equal opportunity policy as an instrumental variable. Moreover, the robustness of our results is affirmed via the substitution of return on equity for return on assets as an indicator of firm performance. Lastly, our analysis does not reveal a U-shaped nonlinear relationship between board gender diversity and corporate performance. As Japan progressively promotes women’s participation in corporate governance, this research bears significant implications for corporate leaders, investors, and policymakers in Japan.","Hassan Hollander ""cash holdings""","https://openalex.org/W4390615924","article"
"Political elections and corporate investment: International evidence","Mario Daniele Amore; Margherita Corina","2021","Journal of International Business Studies","34","True","https://link.springer.com/content/pdf/10.1057/s41267-021-00421-6.pdf","https://doi.org/10.1057/s41267-021-00421-6","Abstract Recent literature shows that the spike in uncertainty during political elections harms firms’ investment. Bridging insights from international business and political science, we argue that the effect of political elections on firms’ investment activities is contingent on the country’s electoral system. In particular, we expect the negative effect of elections on corporate investment to be smaller for firms operating in plurality systems. We test our theory using a panel dataset of listed firms around the world, and a panel of US multinationals. Our results confirm that during an election period, firms in countries with a plurality system reduce investment less than firms in other countries. Additionally, we show that multinationals’ foreign investment is affected by elections abroad: their investment in a host country declines during an election in that country, though to a lesser extent if the election is held with a plurality system. Collectively, our findings provide new evidence on the role of political institutions for firms’ investment decisions.","""trade war"" 2018 ""cash holdings"" firm DiD","https://openalex.org/W3156431219","article"
"Macroeconomic and Uncertainty Shocks’ Effects on Energy Prices: A Comprehensive Literature Review","Ioannis Dokas; Georgios Oikonomou; Minas Panagiotidis; Eleftherios Spyromitros","2023","Energies","33","True","https://www.mdpi.com/1996-1073/16/3/1491/pdf?version=1675407070","https://doi.org/10.3390/en16031491","GDP, monetary variables, corruption, and uncertainty are crucial to energy policy decisions in today’s interrelated world. The global energy crisis, aggravated by rising energy prices, has sparked a thorough analysis of its causes. We demonstrate the significance of categorizing research by influence channels while focusing on their implications for energy policy decisions. We investigate the growing number of studies that use GDP, inflation, central banks’ characteristics, corruption, and uncertainty as critical factors in determining energy policies. Energy prices fluctuate because energy policies shift the supply–demand equilibrium. We categorise the effects and show that GDP, economic policy uncertainty, and, most notably, specific economic conditions and extreme events play a significant role in determining energy prices. We observed that energy consumption, GDP growth, and energy prices have a bidirectional, causal relationship. Still, the literature has not established which causative direction is the most significant. Taxes, interest rates, and corruption also significantly determine energy prices, although the origins of corruption have not been adequately examined. Lastly, uncertainty generally increases energy costs, but this relationship requires additional research in terms of the features of countries, conditions, and, most importantly, the theoretical backgrounds used.","""firm-level political risk"" ""cash holdings""","https://openalex.org/W4319159045","article"
"Has the COVID-19 pandemic affected the corporate financial performance? A case study of Slovak enterprises","Katarína Valášková; Dominika Gajdosikova; George Lăzăroiu","2023","Equilibrium Quarterly Journal of Economics and Economic Policy","33","True","https://journals.economic-research.pl/eq/article/download/2805/2171","https://doi.org/10.24136/eq.2023.036","Research background: The corporate debt situation can be considered a crucial factor influencing the future development of the financial performance of the firm. It is essential for every business entity to know its financial health, its strengths and weaknesses, and how its business has been affected by the COVID-19 pandemic and all the changes it has brought. Purpose of the article: The main aim of this paper is to explain and quantify the consequences of the COVID-19 pandemic, analyze changes in the growth of crucial determinants, and identify new trends in Slovak enterprises throughout the monitored period of 2018‒2021. Methods: Hence, a statistically significant difference between the individual indicators due to the period in which the firms achieved these values was determined using the Friedman test. It determined whether the average values of the financial indicators remained constant over the period under review (the years 2018 and 2019 are considered pre- COVID-19 years, while 2020 and 2021 are years when the globe was already being impacted by the outbreak of the COVID-19 pandemic) or whether the individual values of the indicators differed significantly. Findings &amp; value added: Considering that there are statistically significant differences in the indicators of self-financing ratio, current indebtedness ratio, and equity leverage ratio in all monitored periods except for the years 2020 and 2021, where the average values of these debt indicators are the same, the results indicate that the COVID-19 pandemic also negatively impacted the indebtedness of Slovak enterprises. Although this research paper, focusing on the financial performance of the firms in the post-pandemic period, is pioneering in Slovakia, the biggest contribution of the study is the application of the latest information, which could help in more precise monitoring of corporate financial stability and debt policy during the current challenging period. The obtained results provide important universal guidelines for building financial strategies improving long-term financial resilience of enterprises.","""trade war"" 2018 ""cash holdings"" firm DiD","https://openalex.org/W4390844276","article"
"Myth and Reality in the Great Inflation Debate: Supply Shocks and Wealth Effects in a Multipolar World Economy","Thomas S. Ferguson; Servaas Storm","2023","International Journal of Political Economy","32","True","https://www.tandfonline.com/doi/pdf/10.1080/08911916.2023.2191421?download=true","https://doi.org/10.1080/08911916.2023.2191421","This article critically evaluates debates over the causes of U.S. inflation. We first show that claims that the Biden stimulus was the major cause of inflation are mistaken: the key data series—stimulus spending and inflation—move dramatically out of phase. While the first ebbs quickly, the second persistently surges. We then look at alternative explanations for the price rises. We assess four supply-side factors: imports, energy prices, rises in corporate profit margins, and COVID. We argue that discussions of COVID’s impact have thus far only tangentially acknowledged the pandemic’s far-reaching effects on labor markets. We conclude that while all four factors played roles in bringing on and sustaining inflation, they cannot explain all of it. There is an aggregate demand problem. But the surprise surge in demand did not arise from government spending. It came from the unprecedented gains in household wealth, particularly for the richest 10% of households, which we show powered the recovery of aggregate US consumption expenditure, especially from July 2021. The final cause of the inflationary surge in the U.S., therefore, was in large measure the unequal (wealth) effects of ultra-loose monetary policy during 2020–2021. This conclusion is important because supply-side (and thus potentially inflationary) pressures are unlikely to subside soon. Going forward, COVID, war, climate change, and the drift to a belligerently multipolar world system are all likely to keep straining global supply chains. Our conclusion outlines how policy has to change to deal with a world of steady, but irregular supply shocks, including Covid’s continuing impact on labor markets. By their nature, such shocks create problems that monetary policy can cope with only at an enormous cost; they require targeted solutions. But when supply plummets or becomes more variable, fiscal policy also has to adapt: existing explorations of ways to steady demand over the business cycle have to embrace much bolder macroeconomic measures to control over-spending when supply is temporarily constrained.","trump 2016 election ""cash holdings"" difference-in-differences","https://openalex.org/W4366697610","article"
"Does the CDS Market Reflect Regulatory Climate Risk Disclosures?","Julian K&ouml;lbel; Markus Leippold; Jordy Rillaerts; Qian Wang","2020","SSRN Electronic Journal","32","True","https://papers.ssrn.com/sol3/Delivery.cfm?abstractid=3616324","https://doi.org/10.2139/ssrn.3616324","","trump 2016 election ""cash holdings"" difference-in-differences","https://openalex.org/W3035695956","article"
"The initial effect of U.S. tax reform on foreign acquisitions","Harald Amberger; Leslie A. Robinson","2023","Review of Accounting Studies","32","True","https://link.springer.com/content/pdf/10.1007/s11142-023-09760-1.pdf","https://doi.org/10.1007/s11142-023-09760-1","Abstract The Tax Cuts and Jobs Act (TCJA) of 2017 marked a significant change in U.S. domestic and international tax policy, altering incentives for U.S. firms to own foreign assets. We examine the initial response of U.S. firms’ foreign acquisition patterns to the TCJA’s key reform provisions. We find a significant overall decrease in the probability that a foreign target is acquired by a U.S. firm after the reform, suggesting that the net effect of the TCJA was to reduce acquisitions abroad. Cross-sectional variation across target and acquirer characteristics points to the elimination of the repatriation tax and the TCJA’s global intangible low-taxed income (GILTI) regime as critically influencing cross-border acquisitions by U.S. firms. Specifically, U.S. acquirers with little foreign presence prior to the TCJA are more likely to acquire a foreign target, while U.S. acquirers are less likely to acquire profitable targets in low-tax countries. Results from our empirical analyses are consistent with the TCJA prompting fewer but more value-enhancing, less tax-motivated foreign acquisitions by U.S. firms.","trump 2016 election ""cash holdings"" difference-in-differences","https://openalex.org/W4366089023","article"
"How Does Firm‐Specific Investor Sentiment Affect the Value of Corporate Cash Holdings?","Haifeng Guo; Chao Yin; Yeqin Zeng","2022","British Journal of Management","32","True","https://onlinelibrary.wiley.com/doi/pdfdirect/10.1111/1467-8551.12602","https://doi.org/10.1111/1467-8551.12602","Abstract We document a positive relation between firm‐specific investor sentiment (FSIS) and the value of cash. We also show that FSIS has a stronger positive effect on the value of cash than the value of other types of assets, suggesting that our finding is not a simple reflection of firm‐level overvaluation. Our finding is robust to alternative measures of change in cash, different cash regimes, FSIS measured by order imbalance, news sentiment and the tone of earnings conference call transcripts and controlling for market‐wide sentiment, institutional monitoring, corporate governance and endogeneity. Cross‐sectional analyses suggest that the positive relation between FSIS and the value of cash is stronger for firms with better future growth opportunities, larger investment, more innovation activities, higher information asymmetry and more liquid stocks. Overall, our paper sheds light on the important role of FSIS in corporate outcomes.","""firm-level political risk"" ""cash holdings""","https://openalex.org/W4213455163","article"
"Geopolitical risk and corporate cash Holdings in China: Precautionary motive and agency problem perspectives","Xueting Wang; Man Wang; Haoran Wu","2024","International Review of Financial Analysis","31","True","https://purehost.bath.ac.uk/ws/files/321350983/Manuscript.pdf","https://doi.org/10.1016/j.irfa.2024.103235","","trump 2016 election ""cash holdings"" difference-in-differences","https://openalex.org/W4392975919","article"
"The trading response of individual investors to local bankruptcies","Christine Laudenbach; Benjamin Loos; Jenny Pirschel; Johannes Wohlfart","2021","Journal of Financial Economics","31","False","","https://doi.org/10.1016/j.jfineco.2021.06.033","","trump 2016 election ""cash holdings"" difference-in-differences","https://openalex.org/W3177199051","article"
"Economic Policy Uncertainty, Financial Leverage, and Corporate Investment: Evidence from U.S. Firms","Hamza Almustafa; Imad Jabbouri; Ploypailin Kijkasiwat","2023","Economies","31","True","https://www.mdpi.com/2227-7099/11/2/37/pdf?version=1675420040","https://doi.org/10.3390/economies11020037","This paper examines the effect of economic policy uncertainty (EPU) on firm-level investment and corporate financial leverage. The panel data of 1072 firms traded on the New York Stock Exchange (NYSE), New York Stock Exchange Market (NYSE MKT) (formerly known as American Stock Exchange—AMEX), or NASDAQ over the period 2012–2021 was analyzed using the fixed-effect model. The empirical results show that the financial leverage of a firm is negatively affected by EPU. Additionally, EPU depresses firms’ investment decisions and debt financing. Our results are robust when alternative measures of our main variables are used.","trump 2016 election ""cash holdings"" difference-in-differences","https://openalex.org/W4317906787","article"
"Navigating through geopolitical risk: the role of supply chain concentration","Minghao Zhu; Shucheng Miao; Hugo K.S. Lam; Chen Liang; Andy C.L. Yeung","2024","International Journal of Operations & Production Management","30","True","http://ira.lib.polyu.edu.hk/bitstream/10397/110538/1/Zhu_Navigating_Through_Geopolitical.pdf","https://doi.org/10.1108/ijopm-03-2024-0248","Purpose This study aims to investigate the impact of geopolitical risk (GPR) on supply chain concentration (SCC) and the roles of operational capabilities and resources in this relationship. Design/methodology/approach Secondary longitudinal data from multiple sources is collected and combined to test for a direct impact of GPR on SCC. We further examine the moderating effects of firms’ operational capabilities and resources (i.e. firm resilience, operational slack and cash holding). Fixed-effect regression models are applied to test the hypotheses, followed by a series of robustness tests to check the consistency of the results. Findings Consistent with the tenets of resource dependence theory, our analysis reveals a significant negative impact of GPR on SCC. Moreover, we find that this adverse effect is attenuated for firms with higher levels of resilience, more operational slack and greater cash holdings. Further analysis suggests that maintaining a diversified supply chain base during heightened GPR is associated with a firm’s improved financial performance. Originality/value This study contributes to the supply chain management (SCM) literature by integrating GPR into the supply chain risk management framework. Additionally, it demonstrates the roles of diversification and operational resources in addressing GPR-induced challenges.","""trade war"" 2018 ""cash holdings"" firm DiD","https://openalex.org/W4404366001","article"
"Corporate Debt and Taxes","Michelle Hanlon; Shane Heitzman","2022","Annual Review of Financial Economics","29","True","https://www.annualreviews.org/doi/pdf/10.1146/annurev-financial-101221-103806","https://doi.org/10.1146/annurev-financial-101221-103806","We provide updates to and perspectives on the enduring topic of debt and taxes. The recent decade brought us new empirical strategies, accounting rules, and tax laws. We discuss how these and other developments change our understanding of leverage and taxes. Overall, tax incentives still do not seem to have a consistent, first-order effect on corporate capital structure. This presents a puzzle as governments increasingly limit interest deductibility, citing its contribution to overleverage and distress. We discuss critical empirical challenges such as measurement, highlight issues surrounding assumptions about tax rates and real-world financing decisions, and offer insights and direction for future research. We conclude that rather than asking if taxes are a first-order driver of corporate capital structure, a more productive goal is a greater understanding of when tax incentives yield material effects on corporate capital structure.","""Tax Cuts and Jobs Act"" ""cash holdings"" difference-in-differences","https://openalex.org/W4290931618","article"
"The effect of <scp>US</scp> tax reform on the taxation of <scp>US</scp> firms' domestic and foreign earnings","Scott Dyreng; Fabio B. Gaertner; Jeffrey L. Hoopes; Mary Vernon","2023","Contemporary Accounting Research","28","True","https://onlinelibrary.wiley.com/doi/pdfdirect/10.1111/1911-3846.12853","https://doi.org/10.1111/1911-3846.12853","Abstract We quantify the immediate net effect of the Tax Cuts and Jobs Act (TCJA) on the tax burden of corporate profits for public US corporations. We find similar reductions in effective tax rates for domestic and multinational firms, yet the entirety of multinational tax savings stemmed from tax savings on their domestic, not foreign, earnings. We find no significant change in the federal tax burden on foreign earnings neither on average norspecifically for firms most likely to be subject to new anti‐abuse provisions. We find some evidence that firms not targeted by anti‐abuse provisions saw reductions in their federal tax burden on foreign income. Overall, while the tax burden on domestic income decreased significantly, our findings suggest the tax burden on the foreign earnings of US multinationals is largely unaffected despite the overhaul of the international tax system. Importantly for US multinationals' investment decisions, while foreign income was heavily tax‐favored prior to tax reform, we find that foreign and domestic incomes are similarly taxed after TCJA enactment.","trump 2016 election ""cash holdings"" difference-in-differences","https://openalex.org/W4319313692","article"
"Financial Markets and the COVID-19 Pandemic","Niels Joachim Gormsen; Ralph S. J. Koijen","2023","Annual Review of Financial Economics","28","True","https://www.annualreviews.org/doi/pdf/10.1146/annurev-financial-110821-020444","https://doi.org/10.1146/annurev-financial-110821-020444","We review the literature on the impact of the COVID-19 pandemic on financial markets. We first document several key facts about equity and fixed-income markets during this period. We then discuss various literatures that analyze broad movements in prices, market dislocations, and the impact of fiscal and monetary policy interventions. We conclude by discussing potential directions for future research.","Hassan Hollander ""cash holdings""","https://openalex.org/W4386054402","article"
"Measuring the Expected Effects of the Global Tax Reform","Roberto Gómez-Cram; Marcel Olbert","2023","Review of Financial Studies","27","True","https://academic.oup.com/rfs/advance-article-pdf/doi/10.1093/rfs/hhad038/50203104/hhad038.pdf","https://doi.org/10.1093/rfs/hhad038","Abstract Over 140 countries agreed on a fundamental corporate tax reform in 2021 to be implemented in 2023 and beyond. To measure its potential effects, we study asset price changes within minutes of the reform announcements. We construct proxies for the reform’s costs regarding U.S. companies’ tax burdens and countries’ public finances. Likely exposed companies exhibit significant negative stock returns. Our lower-bound estimates indicate total shareholder value losses of $112.6 billion one day after the reform announcements. Further, likely exposed countries experience increases in sovereign debt credit risk. Our findings inform the cost-benefit analysis of a historical international tax reform. Authors have furnished an Internet Appendix, which is available on the Oxford University Press Web site next to the link to the final published paper online.","trump 2016 election ""cash holdings"" difference-in-differences","https://openalex.org/W4368363520","article"
"The Economic Effects of Special Purpose Entities on Corporate Tax Avoidance","Paul Demeré; Michael P. Donohoe; Petro Lisowsky","2019","Contemporary Accounting Research","27","True","https://onlinelibrary.wiley.com/doi/pdfdirect/10.1111/1911-3846.12580","https://doi.org/10.1111/1911-3846.12580","ABSTRACT This study provides the first large‐sample evidence on the economic tax effects of special purpose entities (SPEs). These increasingly common organizational structures facilitate corporate tax savings by enabling sponsor firms to increase tax‐advantaged activities and/or enhance their tax efficiency (i.e., relative tax savings of a given activity). Using path analysis, we find that SPEs facilitate greater tax avoidance such that an economically large amount of cash tax savings from research and development (R&amp;D), depreciable assets, net operating loss carryforwards, intangible assets, foreign operations, and tax havens occur in conjunction with SPE use. We estimate that SPEs help generate over $330 billion of incremental cash tax savings, or roughly 6 percent of total U.S. federal corporate income tax collections during the sample period. Interaction analyses reveal that SPEs enhance the tax efficiency of intangibles and R&amp;D by 61.5 percent to 87.5 percent. Overall, these findings provide economic insight into complex organizational structures supporting corporate tax avoidance.","""Tax Cuts and Jobs Act"" ""cash holdings"" difference-in-differences","https://openalex.org/W3125789852","article"
"Firm-level political risk and corporate tax avoidance","Mahmud Hossain; Gerald J. Lobo; Santanu Mitra","2022","Review of Quantitative Finance and Accounting","27","False","","https://doi.org/10.1007/s11156-022-01095-3","","""firm-level political risk"" ""cash holdings""","https://openalex.org/W4292336819","article"
"Firm‐level energy and carbon performance: Does sustainable investment matter?","Muhammad Atif; Md. Samsul Alam; Md. Shahidul Islam","2022","Business Strategy and the Environment","27","True","https://onlinelibrary.wiley.com/doi/pdfdirect/10.1002/bse.3248","https://doi.org/10.1002/bse.3248","Abstract Pollution reduction is one of the important challenges confronting contemporary business and society. Firms are largely responsible for undertaking sustainable business practices and initiatives as they are major contributors to global pollution. This study empirically examines how sustainable investment influences firm energy and carbon performance. Using a sample of 23,501 firm‐year observations from 2440 unique firms over the period of 2002 to 2018 in G‐6 countries (Canada, France, Germany, Japan, the United Kingdom, and the United States), we demonstrate that sustainable investment leads to better energy and carbon performance without compromising financial return. Our findings are robust to alternative variables, sub‐samples, and different estimation techniques. This study contributes to the global discussion on sustainability and a low‐carbon economy.","trump shock ""cash holdings"" firm","https://openalex.org/W4294243577","article"
"Tax Policy Expectations and Investment","John Gallemore; Stephan Hollander; Martin Jacob; Zheng Xiang","2024","Journal of Accounting Research","26","True","https://onlinelibrary.wiley.com/doi/pdfdirect/10.1111/1475-679X.12577","https://doi.org/10.1111/1475-679x.12577","ABSTRACT This paper examines how firms’ tax policy expectations (TPE) evolve around and relate to their investment responses to changes in tax policy. Using a text‐based approach to measuring TPE, we find that two recent tax policy–changing events—namely, the 2016 U.S. presidential election and the enactment of the Tax Cuts and Jobs Act (TCJA)—spawned considerable between‐ and within‐firm variation in TPE, with aggregate time‐series patterns in TPE occasionally challenging prevailing assumptions in previous research. Further, we observe that event‐induced TPE relate to investment both before and in response to the TCJA's passage in 2017, with offsetting associations between its first and second moments, and that these TPE moderate the TCJA's intended investment‐stimulating effect. Furthermore, we document a difference between domestic and multinational firms in their TPE‐investment response, with the former (latter) more likely to adjust the level (shift the country location) of their investment. Overall, our findings support the idea that TPE can impact investment behavior in the face of a tax policy change and suggest that our methodology can be used by future research to incorporate TPE into analyses of tax policy effects.","trump 2016 election ""cash holdings"" difference-in-differences","https://openalex.org/W4402843512","article"
"Do geopolitical risks increase corporate risk‐taking?—Based on the perspective of diversification expansion","Li Li; Xiang Cheng","2023","Corporate Governance An International Review","26","True","https://onlinelibrary.wiley.com/doi/pdfdirect/10.1111/corg.12538","https://doi.org/10.1111/corg.12538","Abstract Research Question/Issue Does geopolitical risk increase a firm's risk‐taking, and will diversification expansion smooth out or exacerbate this effect? Research Findings/Insights Based on microdata of Chinese A‐share listed companies, we find that (1) geopolitical risk significantly increases corporate risk‐taking at both micro and macro levels; (2) horizontal diversification can significantly smooth out the impact of geopolitical risk on a firm's risk‐taking, while vertical diversification will exacerbate the effect; (3) geopolitical risk and diversification do not significantly impact all firms, and their effect are limited to non‐state‐owned enterprises and firms in manufacturing industries. Theoretical/Academic Implications First, compared with the previous studies, this paper identifies the geopolitical risk faced by each sample firm separately, thus providing a more accurate analysis of the impact of the specific geopolitical risk faced by the firm on its risk‐taking. Second, we expand the connotation of diversification and analyze its moderating effect on corporate risk‐taking from the perspective of horizontal and vertical diversification. Third, considering that the degree of political affiliation and capital intensity may affect a firm's sensitivity to geopolitical risk, this paper examines the relationship between geopolitical risk, diversification, and a firm's risk‐taking regarding property rights and industry type. Practitioner/Policy Implications On the one hand, export‐oriented firms should pay close attention to the geopolitical risk situation in exporting countries to reduce the adverse impact of sudden geopolitical risks. On the other hand, diversification expansion is a double‐edged sword for firms. Although vertical diversification increases the risk‐taking of a firm, it also increases its specialization. Therefore, it is necessary to make a comprehensive judgment on whether and what kind of diversification an enterprise should undertake according to its business development status.","""firm-level political risk"" ""cash holdings""","https://openalex.org/W4382892914","article"
"Carbon consciousness: The influence of CEO ownership","Mohamad Hassan Shahrour; Mohamed Arouri; Dung V Tran; Sandeep Rao","2024","Journal of Environmental Management","25","True","https://doras.dcu.ie/30070/1/Final_Accepted%20Version%20-%20Carbon%20Consciousness%20The%20Influence%20of%20CEO%20Ownership.pdf","https://doi.org/10.1016/j.jenvman.2024.121455","","trump shock ""cash holdings"" firm","https://openalex.org/W4399699195","article"
"Tax Competition and Employment","Stephen Glaeser; Marcel Olbert; Ann-Catherin Werner","2023","The Accounting Review","24","False","","https://doi.org/10.2308/tar-2020-0575","ABSTRACT We examine how exposure to international tax competition affects domestic firms’ employment. Consistent with prior work, we find evidence that reductions in foreign tax rates affect the domestic competitive environment via increases in import competition and investment in foreign-owned subsidiaries. We posit that these changes in the domestic competitive environment can cause managers to reduce their firms’ employment levels. Consistent with our expectation, we find that relative decreases in foreign tax rates negatively affect total labor compensation at domestic firms ex ante exposed to import competition and competition from foreign-owned peers. The effect of exposure to tax competition is greater for firms more exposed to product-market competition and those that are less able to expand investment without also increasing employment levels. Taken together, our results suggest that foreign tax rate changes can affect managers’ domestic employment decisions by changing the domestic competitive environment. JEL Classifications: E24; F14; F16; H23; H35.","trump 2016 ""cash holdings"" DiD","https://openalex.org/W4366823153","article"
"Volatility in Carbon Futures Amid Uncertainties: Considering Geopolitical and Economic Policy Factors","Xiaoqing Wang; Wenxin Jin; Baochang Xu; Kai‐Hua Wang","2025","Journal of Futures Markets","23","True","https://onlinelibrary.wiley.com/doi/pdfdirect/10.1002/fut.22565","https://doi.org/10.1002/fut.22565","ABSTRACT This study uses a quantile autoregressive distributed lag model to quantitatively evaluate the effects of economic policy uncertainty (EPU) and geopolitical risk (GPR) on volatility in carbon futures (carbon trading price [CTP]), considering both quantile and time asymmetries. The findings show that long‐term effects of GPR on CTP are more significant than the short‐term effects, contrary to EPU. Both EPU and GPR have predominantly positive long‐term effects on CTP, while EPU negatively affects CTP and geopolitical factors show mixed influences in the short term. The location asymmetry reveals that the long‐term impacts are most pronounced at higher quantiles, whereas the short‐term effects exhibit subtle variations across different quantiles. The influences intensify during structural shifts owing to heightened events. Moreover, EPU is proven as a dominant contributor influencing the fluctuation of CTP both in the short and long terms. The findings provide targeted recommendations for policymakers to stabilize CTP and contribute towards achieving sustainable development.","trump 2016 election ""cash holdings"" difference-in-differences","https://openalex.org/W4406686091","article"
"Firm‐level political risk and implied cost of equity capital","Dev R. Mishra","2023","International Review of Finance","23","True","https://onlinelibrary.wiley.com/doi/pdfdirect/10.1111/irfi.12411","https://doi.org/10.1111/irfi.12411","Abstract I find a strong positive association between firms' implied cost of equity capital and firm‐level political risk. This effect is above and beyond the firm‐level cost of equity implications of economywide political risk. Firm‐level political risk contributes to elevating stock illiquidity, increases dispersion of analyst forecasts and dampens analyst coverage and these attributes, in turn, have positive cost of equity capital implications. Overall, the findings of this study suggest firm‐level political risk has a non‐trivial effect on increasing equity market illiquidity, increasing dispersion of earnings forecasts and decreasing analyst coverage thus increasing financing costs.","trump 2016 election ""cash holdings"" difference-in-differences","https://openalex.org/W4320480498","article"
"Regulators Nurturing FinTech Innovation: Global Evolution of the Regulatory Sandbox as Opportunity Based Regulation","Deirdre Ahern","2020","SSRN Electronic Journal","22","True","https://doi.org/10.2139/ssrn.3552015","https://doi.org/10.2139/ssrn.3552015","","trump 2016 ""cash holdings"" DiD","https://openalex.org/W3012374622","article"
"Economic policy uncertainty and allocative distortions","Omrane Guedhami; Sattar Mansi; David M. Reeb; Yukihiro Yasuda","2021","Journal of Financial Stability","22","True","https://vtechworks.lib.vt.edu/bitstreams/d96a6663-81b8-4735-a840-769df359e175/download","https://doi.org/10.1016/j.jfs.2021.100923","","""presidential election"" ""corporate cash holdings"" DiD","https://openalex.org/W3186779661","article"
"Economic Policy Uncertainty and Firm Value: Impact of Investment Sentiments in Energy and Petroleum","Sarfraz Hussain; Rosalan Ali; Walid Emam; Yusra Tashkandy; Pradeep Mishra; Mochammad Fahlevi","2023","Sustainability","22","True","https://doi.org/10.3390/su15129656","https://doi.org/10.3390/su15129656","This study seeks to determine how economic policy uncertainty (EPU) influences investment decisions and the market value of the Pakistan Stock Exchange. This study examines investment and operational data from 249 energy and petroleum companies between 2015 and 2020 and macroeconomic variables such as EPU. This study investigates the moderating effects of EPU on investments in fixed and intangible assets and its effect on Tobin’s Q and the market price per share. The outcomes demonstrate that EPU reduces the costs of both tangible and intangible assets for businesses. In addition, companies with a higher Tobin’s Q and market price per share are more impacted by uncertain corporate investment policies. However, financial leverage is negatively correlated with share price and positively correlated with earnings per share and earnings per unit. Tobin’s Q positively correlates with financial leverage, indicating that firms that raise capital through debt are more likely to create value for investors. The research indicates that market-dependent enterprises are more susceptible to the unpredictability of monetary policy. According to this study, consistent application and open communication of economic policies are likely to increase the efficacy of company investments, resulting in more effective resource allocation and business decision-making.","""election uncertainty"" ""cash holdings"" precautionary firm","https://openalex.org/W4380990925","article"
"Lean against the Wind: the Effect of Policy Uncertainty on a Firm's Corporate Social Responsibility Strategy","Daoju Peng; Gönül Çolak; Jianfu Shen","2023","SSRN Electronic Journal","21","True","http://dx.doi.org/10.2139/ssrn.4346931","https://doi.org/10.2139/ssrn.4346931","","""firm-level political risk"" ""cash holdings""","https://openalex.org/W4319072750","article"
"Staring Death in the Face: The Financial Impact of Corporate Exposure to Prior Disasters","Onur Kemal Tosun; Arman Eshraghi; Yaz Gűlnur Muradoğlu","2021","British Journal of Management","20","True","https://onlinelibrary.wiley.com/doi/pdfdirect/10.1111/1467-8551.12539","https://doi.org/10.1111/1467-8551.12539","Abstract We examine how firms’ exposure to prior disastrous events can influence their stock market footprint during the coronavirus crisis. While others have drawn comparisons between past pandemics and Covid‐19, we argue that such comparisons are skewed due to the unprecedented reach and consequences of the latter. To better model the structural shock caused by Covid‐19 in the USA, we look at the 9/11 terrorist attacks and specifically examine how firms based in New York City back then reacted to the associated financial turmoil. While 9/11 and Covid‐19 are categorically different events, their short‐term impacts on the stock market, and on New York exchanges in particular, are surprisingly similar. We find firms that financially ‘survived’ 9/11 also managed to do better – or suffer less – by about 7% in terms of stock returns during Covid‐19, compared to control firms that were not exposed to 9/11. In a sense, we show that companies’ prior exposure to 9/11 partly ‘immunized’ them against the consequences of a similarly destabilizing event, albeit two decades later. Interestingly, the trading volume of exposed firms increased due to market buying pressures. Our analysis is robust to various financial proxies, alternative definitions of control firms and varying estimation windows.","""firm-level political risk"" ""cash holdings""","https://openalex.org/W3172452247","article"
"The Impact of Firm‐Level Political Risk on Eco‐Innovation: The Moderating Effect of CEO Power","Ayotola Owolabi; Mohammad Mahdi Mousavi; Giray Gözgör; Jing Li","2024","Business Strategy and the Environment","19","True","https://onlinelibrary.wiley.com/doi/pdfdirect/10.1002/bse.4124","https://doi.org/10.1002/bse.4124","ABSTRACT This study examines the impact of firm‐level political risk on eco‐innovation at the firm level, particularly emphasizing the moderating role of CEO power in this relationship. Using a dataset from 33 countries from 2006 to 2022, we employ two‐step dynamic panel data estimations to address endogeneity concerns. The findings highlight a positive impact of political risk on eco‐innovation, which is further strengthened in the presence of a powerful CEO. This evidence implies that effective leadership from CEOs can assist firms in navigating political risks and advancing sustainable initiatives. The results remain robust across various specifications, including alternative measurements for firm‐level political risk. The study highlights the crucial role of CEOs in managing political risks and facilitating eco‐innovative practices within firms.","""firm-level political risk"" ""cash holdings""","https://openalex.org/W4405884597","article"
"Assessing the impact of macroeconomic uncertainties on bank stability: Insights from ASEAN-8 countries","Giang Thi Huong Vuong; Yen Dang Hai Nguyen; Huu Manh Nguyen; Wing‐Keung Wong","2024","Heliyon","19","True","http://www.cell.com/article/S2405844024077429/pdf","https://doi.org/10.1016/j.heliyon.2024.e31711","This research examines the effect of economic uncertainties on bank stability in ASEAN-8 countries. We use estimations with fixed effects for a panel dataset of bank stability, bank characteristics, banking system characteristics, and macroeconomic uncertainties from 2010 to 2020. Geopolitical risk (GPR), economic policy uncertainty (EPU), climate policy uncertainty (CPU), world pandemic uncertainty (WPU), global supply chain pressure (GSCP), and monetary policy uncertainty (MPU) are used as proxies for economic uncertainty (MU) in this research. We find that although an increase in macroeconomic uncertainties weakens bank stability, GPR is positively related to bank stability. An alternative measurement of bank stability, endogenous tests, and quantile regression corroborate our primary findings. Further analyses focus on the heterogeneous influence of macroeconomic uncertainties on bank stability with diversified bank specifics and the country's financial openness. Our paper supplies deep insights for bank managers and macro policymakers in the ASEAN region relevant to the effect of macroeconomic uncertainties on bank stability. Most crucially, experimental results from this research enrich a wealth of knowledge about the regional banking industry's stability; they are the basis for the establishment of bank strategies and macroprudential policies geared to managing the increased macro-unpredictability.","""trade war"" 2018 ""cash holdings"" firm DiD","https://openalex.org/W4398220681","article"
"Heterogeneous effect of economic policy uncertainty and firm financial performance: Empirical evidence from India","Jadhav Chakradhar; Ritika Gupta","2024","Managerial and Decision Economics","18","True","https://onlinelibrary.wiley.com/doi/pdfdirect/10.1002/mde.4308","https://doi.org/10.1002/mde.4308","Abstract Globally, high levels of economic policy uncertainty (EPU) have revamped the debate about its impact on different economic parameters of firms. In this regard, the literature exhibits three gaps. First, the effect of EPU on firm financial performance in an emerging economy context. Second, whether the influence of EPU on firm performance is asymmetric? Lastly, the moderating role of leverage in the relationship between EPU and firm performance. This paper fills all three gaps using the real options theory and investment irreversibility theory for India's NIFTY 100 firms over the period 2010–2019. The study applies several panel data econometrics models suitable to obtain comprehensive and robust results. Specifically, findings from the two‐step system GMM confirm that EPU negatively influences financial performance, which is significant for both accounting (return on assets, return on equity, net profit margin) and market (Tobin's Q) based measures. Moreover, the results of panel quantile regression reveal considerable heterogeneity in the EPU‐financial performance relationship. Further, higher levels of EPU appear to have unfavorable effects on excessively indebted firms. Overall, the study recommends that governments need to be alerted to the fact that mitigating EPU is crucial for promoting sustainable firm financial performance.","""firm-level political risk"" ""cash holdings""","https://openalex.org/W4400263861","article"
"How government procurement shapes corporate climate disclosures, commitments, and actions","Omri Even-Tov; Guoman She; Lynn Linghuan Wang; DY Yang","2025","Review of Accounting Studies","17","True","https://link.springer.com/content/pdf/10.1007/s11142-024-09866-0.pdf","https://doi.org/10.1007/s11142-024-09866-0","Abstract This study examines how government procurement impacts firms’ environmental disclosures and whether they have tangible effects. Using a triple-difference research design that exploits the exogenous increase in federal funding allocations to counties based on population census revisions, we find that firms with high exposure to government contracts significantly increase climate disclosure following expanded procurement opportunities. We also document that enhanced disclosure is characterized by a positive tone that emphasizes firms’ green investment and commitment to climate adaptation. The effect is more pronounced in counties with a greater increase in procurement volume and when firms have lower ex ante sustainability performance. Finally, we find firms that increase climate disclosure are more likely to earn government contracts, and they undertake real actions by reducing toxic emissions and enhancing the development of green products. Overall our results suggest government procurement promotes corporate climate responsibility by incentivizing firms to undertake climate mitigation actions.","trump 2016 ""cash holdings"" DiD","https://openalex.org/W4406625212","article"
"BEPS, ATAP and the New Tax Dialogue: A Transatlantic Competition?","Reuven S. Avi-Yonah; Gianluca Mazzoni","2018","SSRN Electronic Journal","17","True","https://doi.org/10.2139/ssrn.3204242","https://doi.org/10.2139/ssrn.3204242","","trump 2016 ""cash holdings"" DiD","https://openalex.org/W2851760868","article"
"<scp>IRS</scp> scrutiny and corporate innovation","Nathan C. Goldman; Niklas Lampenius; Suresh Radhakrishnan; Arthur Stenzel; José Elias Feres de Almeida","2023","Contemporary Accounting Research","17","True","https://onlinelibrary.wiley.com/doi/pdfdirect/10.1111/1911-3846.12905","https://doi.org/10.1111/1911-3846.12905","Abstract The IRS administers tax laws enacted by Congress. As part of the IRS's duties, they often consider taxpayers' financial statements to help ensure accurate tax reporting and payments. We posit that enhanced financial statement disclosures of tax information under FASB Interpretation Number 48 (FIN 48) lead to more IRS scrutiny and alter the incentives for corporate innovation. Using patent applications as a measure of corporate innovation, we employ a difference‐in‐differences research design with publicly listed US firms as the treatment group and privately held US firms not subject to the disclosure requirements as the control group. We find robust evidence that, following the onset of FIN 48, the number of patent applications by publicly listed firms decreased between 15.4% and 24.3% relative to private firms. This decline in patent applications is attributable to incremental innovation, suggesting that firms lower innovation related to projects with tax benefits that are more likely to be scrutinized by the taxing authorities. These findings suggest that there are real effects of IRS scrutiny and, in particular, real effects of tax disclosures under FIN 48 on corporate innovation.","""Tax Cuts and Jobs Act"" ""cash holdings"" difference-in-differences","https://openalex.org/W4386724091","article"
"Firm-level political risk, liquidity management, and managerial attributes","Chunmi Jeon; Seongjae Mun; Seung Hun Han","2022","International Review of Financial Analysis","17","False","","https://doi.org/10.1016/j.irfa.2022.102285","","""firm-level political risk"" ""cash holdings""","https://openalex.org/W4284991842","article"
"Impact of geopolitical risk on green international technology spillovers: FDI and import channels","Pengfei Cheng; Kanyong Li; Baekryul Choi; Guo Xiao; Mengzhen Wang","2024","Heliyon","17","True","http://www.cell.com/article/S2405844024130034/pdf","https://doi.org/10.1016/j.heliyon.2024.e36972","This study investigates the impact of geopolitical risk (GPR) on green international technology spillovers through foreign direct investment (FDI) and import channels. The research aims to understand how GPR influences the transfer of green technologies, which are crucial for sustainable development, particularly in developing countries. Utilizing data from 30 Chinese provinces from 2003 to 2019, our findings indicate that increased GPR significantly hinders green technology spillovers through both FDI and imports. Additionally, the research demonstrates that advancements in local green technology levels (GTL), marketization (Mark), and intellectual property rights protection (IPRP) can mitigate the adverse effects of GPR. These results underscore the critical importance of political stability and robust internal mechanisms in promoting international technological exchanges. This study contributes to the literature on the intersection of political risks and technological advancement and provides actionable insights for policymakers to enhance resilience against geopolitical uncertainties, thereby fostering sustainable economic development.","""trade war"" 2018 ""cash holdings"" firm DiD","https://openalex.org/W4401921186","article"
"Is presidential popularity a threat or encouragement for investors?","Chi‐Wei Su; Xi Yuan; Muhammad Umar; Tsangyao Chang","2022","Economic Research-Ekonomska Istraživanja","16","True","https://www.tandfonline.com/doi/epdf/10.1080/1331677X.2022.2129409?needAccess=true&role=button","https://doi.org/10.1080/1331677x.2022.2129409","The economic situation of the post-epidemic is facing huge downward risks, and the government actively introduces stimulus measures to improve the current economic situation. In this crisis, the president's role in asset price gradually deepened. Hence, we utilise a wavelet-based quantile-on-quantile approach to uncover the complex and unstable relationships between presidential popularity and the currency performance of asset price. We find the significant negative impact of the government popularity on the stock market and oil prices, especially in the medium quantile. This suggests that political stalemates will not always be suitable for financial markets. Instead, this will hinder the investment because it expresses the uncertainty of the direction. On the contrary, the U.S. dollar presents a highly positive relationship with the government popularity. Investors can avoid the trust risk of the president through the adjustment of the asset portfolio. The result is consistent with the asset pricing model, suggesting that investor sentiments significantly influence the performance of assets. Meanwhile, the duration of impacts caused by short-term shock will eventually be repaired for a long time. The approval ratings will harm the investor sentiment in the short term, but the market will digest this over time.","trump 2016 election ""cash holdings"" difference-in-differences","https://openalex.org/W4303431898","article"
"The COVID-19 outbreak and corporate cash-holding levels: Evidence from China","Donghua Zhou; Hua Zhou; Min Bai; Yafeng Qin","2022","Frontiers in Psychology","16","True","https://www.frontiersin.org/articles/10.3389/fpsyg.2022.942210/pdf","https://doi.org/10.3389/fpsyg.2022.942210","By employing data from Shanghai and Shenzhen A-share markets for the period of 2019-2020, this paper examines the relationship between the degree of the COVID-19 pandemic's impact on firms' cash-holdings levels in China. We find that firms that are severely affected by the COVID-19 pandemic have higher current cash holdings levels, suggesting that the more positive (negative) the management tone in responding to the COVID-19 pandemic impact, the lower (higher) the firm's current cash holdings. However, future corporate cash holdings decrease considerably irrespective of the corporate sentiment towards COVID-19. The positive sentiment of each firm's management team towards the supply chain and the government policies results in a relative reduction of current cash holdings, whereas the severe impact on operating performance, especially the impact of the outbreak on the supply chain, demand, production and operations, and government policies, reduces the firm' s future cash holdings. In addition, the impact of the pandemic has increased the current cash holdings of state-owned enterprises and reduced the future cash holdings of non-state-owned enterprises. Meanwhile, companies located in a city with a higher density of population or companies that experience relatively higher competition in the industry tend to undergo a severer impact on their current and future cash holdings due to the COVID-19 pandemic. Overall, this study sheds the light on stimulating the vitality of enterprise investment and promoting the domestic economic cycle.","""presidential election"" ""corporate cash holdings"" DiD","https://openalex.org/W4306390975","article"
"The Downstream Impact of Upstream Tariffs: Evidence from Investment Decisions in Supply Chains","Thorsten Martin; Clemens A. Otto","2023","Journal of Financial and Quantitative Analysis","16","True","https://www.cambridge.org/core/services/aop-cambridge-core/content/view/434D831D025DBD538DEBE08226D7EB14/S0022109023000777a.pdf/div-class-title-the-downstream-impact-of-upstream-tariffs-evidence-from-investment-decisions-in-supply-chains-div.pdf","https://doi.org/10.1017/s0022109023000777","Abstract We study how U.S. manufacturing firms’ investment responds to tariff reductions in supplier industries. Our estimates, based on tariff reductions following multinational trade agreements, suggest that a hypothetical 10% reduction of all upstream tariffs would increase downstream investment by 4% to 6%. This estimate is not explained by decreasing uncertainty and stems from tariff reductions for homogeneous and low-R&amp;D inputs, consistent with the investment response resulting from cost reductions rather than superior foreign technology embodied in imported inputs. Evidence from an instrumental variable estimation using the sudden increase in Chinese import penetration suggests that import competition also increases downstream investment.","""trade war"" 2018 ""cash holdings"" firm DiD","https://openalex.org/W4380882434","article"
"Student purchase intention in higher education sector: The role of social network marketing and student engagement","Hartiwi Prabowo; Ridho Bramulya; Yuniarty Yuniarty","2019","Management Science Letters","16","True","https://doi.org/10.5267/j.msl.2019.8.012","https://doi.org/10.5267/j.msl.2019.8.012","The purpose of this study was to estimate and analyze the effect of dividend policy, profitability, firm size, leverage, and growth on firm value in financial sector listed on Indonesia Stock Exchange from 2013 to 2017. A quantitative method is used for this research with 21 companies as research object, measured by purposive sampling techniques. The data analysis method used is panel data regression. The results show that firm size, leverage, and growth did not have any significant effect on firm value in financial sector companies in the period 2013-2017. However, dividend policy and profitability proved to have significant positive effects on firm value in financial sector companies for the period 2013-2017. Simultaneous results also show that dividend policy, profitability, firm size, leverage and growth had some effects on firm value.","""trade war"" 2018 ""cash holdings"" firm DiD","https://openalex.org/W2967967072","article"
"Exporting Uncertainty: The Impact of Brexit on Corporate America","Murillo Campello; Gustavo Cortés; Fabrício d’Almeida; Gaurav Kankanhalli","2020","SSRN Electronic Journal","15","True","https://doi.org/10.2139/ssrn.3530685","https://doi.org/10.2139/ssrn.3530685","","trump 2016 election ""cash holdings"" difference-in-differences","https://openalex.org/W2999039698","article"
"Poor Management Policies and Practices by U.S. Politicians Destroyed a Superpower","Biff Baker","2023","Journal of Management Policy and Practice","14","True","https://articlegateway.com/index.php/JMPP/article/download/6030/5708/10466","https://doi.org/10.33423/jmpp.v24i1.6030","The Chinese ‘Three Warfares’(3W) strategy incorporates media or public opinion warfare, legal warfare, and psychological warfare. The 3W has evolved into a pursuit of ‘intelligentized warfare’ that aims to directly control the will of the highest decision-makers. This paper is focused on a DIMEFIL analysis of the United States to identify why and when the United States’ highest decision-makers surrendered its superpower status, without the Chinese firing one shot. This analysis of America’s National Instruments of Power serves as a wake-up call for the American people and business owners. The study concludes that the greatest threat to the United States is our American leaders’ arrogance and stupidity, as expressed in poor management, bad policies, and often incompetent practices.","""2016 election"" firm ""cash"" precautionary saving","https://openalex.org/W4375841031","article"
"Lessons from the Biggest Business Tax Cut in US History","Gabriel Chodorow-Reich; Owen Zidar; Eric Zwick","2024","The Journal of Economic Perspectives","13","True","https://www.aeaweb.org/articles/pdf/doi/10.1257/jep.38.3.61","https://doi.org/10.1257/jep.38.3.61","We assess the business provisions of the 2017 Tax Cuts and Jobs Act, the biggest corporate tax cut in US history. We draw five lessons. First, corporate tax revenue fell by 40 percent due to the lower rate and more generous expensing. Second, firms with larger declines in their effective tax wedge increased investment relatively more. In aggregate, we suggest a loose consensus from the literature that total tangible corporate investment increased by 11 percent. Third, the business tax provisions increased economic growth and wages by less than advertised by the Act’s proponents, with long-run GDP higher by less than 1 percent and labor income by less than $1,000 per employee. Fourth, provisions that increase foreign investment by US-based multinationals also boost their domestic operations. Fifth, some of the expired and expiring provisions, such as accelerated depreciation, generate more investment per dollar of tax revenue than others.","trump 2016 election ""cash holdings"" difference-in-differences","https://openalex.org/W4401254730","article"
"The Real and Financial Effects of Internal Liquidity: Evidence From the Tax Cuts and Jobs Act","James F. Albertus; Brent Glover; Oliver Levine","2023","SSRN Electronic Journal","13","True","https://doi.org/10.2139/ssrn.4471259","https://doi.org/10.2139/ssrn.4471259","","""Tax Cuts and Jobs Act"" ""cash holdings"" difference-in-differences","https://openalex.org/W4379800097","article"
"Financing Payouts","Joan Farre-Mensa; Roni Michaely; Martin Schmalz","2024","Journal of Financial and Quantitative Analysis","13","True","https://www.cambridge.org/core/services/aop-cambridge-core/content/view/FED73BDE2CDAE11712FD84BC998B7491/S0022109024000231a.pdf/div-class-title-financing-payouts-div.pdf","https://doi.org/10.1017/s0022109024000231","Abstract We find that 43% of firms that make payouts also raise capital during the same year, resulting in 31% of aggregate payouts being externally financed, primarily with debt. Most financed payouts cannot be explained by payout smoothing in response to volatile earnings or investment (rather, they are the result of firms persistently setting payouts above free cash flow). In fact, 25% of aggregate payouts could not have been paid without the firms simultaneously raising capital. Profitable firms with moderate growth use debt-financed payouts to jointly manage their leverage and cash, thus highlighting the close relationship between payout and capital structure decisions.","""Tax Cuts and Jobs Act"" ""cash holdings"" difference-in-differences","https://openalex.org/W4393388995","article"
"Losses never sleep – The effect of tax loss offset on stock market returns during economic crises","Reinald Koch; Svea Holtmann; Henning Giese","2023","Journal of Business Economics","12","True","https://link.springer.com/content/pdf/10.1007/s11573-022-01134-4.pdf","https://doi.org/10.1007/s11573-022-01134-4","We analyze to what extent more generous tax loss offset regulations are associated with a weaker decline and stronger recovery of firm stock prices during economic crises. We argue that an unrestricted loss carryforward and, particularly, an unrestricted loss carryback provides firms with additional liquidity, which should lower the risk of bankruptcy and can be used for investment purposes. Our empirical findings document that (1) an unrestricted loss carryforward and an unrestricted loss carryback result in a weaker decline and more timely recovery of stock prices during the considered crises, (2) this effect is stronger in high-tax countries, and (3) this effect is also dependent upon pre-crisis profitability.","trump 2016 election ""cash holdings"" difference-in-differences","https://openalex.org/W4318344502","article"
"Repatriation Taxes, Internal Agency Conflicts, and Subsidiary-Level Investment Efficiency","Harald Amberger; Kevin Markle; David M. P. Samuel","2018","SSRN Electronic Journal","12","True","https://doi.org/10.2139/ssrn.3138823","https://doi.org/10.2139/ssrn.3138823","","TCJA repatriation ""cash holdings"" DiD","https://openalex.org/W2795952778","article"
"Are Companies Offloading Risk onto Employees in Times of Uncertainty? Insights from Corporate Pension Plans","Douglas J. Cumming; Fanyu Lu; Limin Xu; Chia‐Feng Yu","2024","Journal of Business Ethics","12","True","https://link.springer.com/content/pdf/10.1007/s10551-024-05655-6.pdf","https://doi.org/10.1007/s10551-024-05655-6","Abstract We investigate how firms adjust corporate pension plans in response to economic policy uncertainty (EPU). Using a sample of US-listed firms, we find that firms increase pension underfunding levels when facing higher EPU. The result is robust to controlling for pension portfolio returns, discount rates, plan sizes, pension liability, numbers of employees, other macroeconomic factors, difference-in-differences and instrumental variable estimation, and additional evidence of pension risk-shifting. Further analysis reveals that financial distress and information asymmetry induced through EPU are the potential channels. The effect is stronger for firms having CEOs being excessively paid, using cash flow as a performance metric in CEO compensation, paying high dividends, and having short-term institutional investors, whereas the presence of unions, positive corporate culture, and social capital alleviate the effect. Notably, managers, not shareholders, appear to be the party reaping the benefits. Our findings suggest that firms may shift risk to employees in response to heightened uncertainty and institutional characteristics play a moderating role in this crucial business ethics issue.","""presidential election"" ""corporate cash holdings"" DiD","https://openalex.org/W4394689103","article"
"Climate Adaptation Risk and Capital Structure: Evidence From State Climate Adaptation Plans","Tunde Kovacs; Saira Latif; Xiaojing Yuan; Chi Zhang","2025","Financial Management","12","True","https://onlinelibrary.wiley.com/doi/pdfdirect/10.1111/fima.12493","https://doi.org/10.1111/fima.12493","ABSTRACT Taking the staggered implementation of state climate adaptation plans (SCAPs) as a quasi‐natural experiment, we find that firms headquartered in states that finalize SCAPs increase their financial leverage significantly more in the postadoption period relative to firms located in states without SCAPs. This result is driven by firms facing greater physical climate risk and by firms with more sensitivity to climate policy uncertainty. Further, we show that the leverage increase is value‐enhancing and that SCAPs reduce corporate business risk. The results highlight the net benefits of state climate action and the role of local governments in the interplay between business risk and firm decision, with implications both for the business world and policymakers.","""presidential election"" ""corporate cash holdings"" DiD","https://openalex.org/W4406214806","article"
"Does managerial short-termism always matter in a firm's corporate social responsibility performance? Evidence from China","Xiaohui Xu; Jun Yang","2023","Heliyon","12","True","http://www.cell.com/article/S2405844023014470/pdf","https://doi.org/10.1016/j.heliyon.2023.e14240","Using data on Chinese A-share listed firms from 2008 to 2017, we explore how corporate social responsibility (CSR) performance is affected by managerial short-termism and what factors influence the association between the two. First, by employing text analysis in conjunction with machine learning, we construct a new managerial short-termism indicator. Using panel fixed models, we find that managerial short-termism has an adverse impact on CSR performance, and the results are consistent in a series of robustness checks. The heterogeneous test results show that the negative effect is significant only for firms with lower internal corporate governance, for firms in less competitive industries, for firms with less analyst attention, and for state-owned enterprises (SOEs). Additionally, a better institutional environment weakens the negative impact of managerial short-termism on CSR performance. The findings shed light on policy implications for emerging countries.","""trade war"" 2018 ""cash holdings"" firm DiD","https://openalex.org/W4324100579","article"
"The impact mechanism of geopolitical risks on ESG performance: The moderating effects of investor attention and government subsidies","Pengfei Cheng; Mengzhen Wang; Kanyong Li; Baekryul Choi; Wenliang Chen","2025","PLoS ONE","12","True","https://journals.plos.org/plosone/article/file?id=10.1371/journal.pone.0311659&type=printable","https://doi.org/10.1371/journal.pone.0311659","The impact of geopolitical risks (GPR) on enterprises is significant, yet the existing literature lacks a comprehensive understanding of how GPR affects environmental, social, and governance (ESG) performance. This study addresses this gap by analysing data from Chinese enterprises over the period 2009 to 2021. It empirically examines the impact of GPR on ESG performance and explores the underlying mechanisms. Specifically, the analysis considers the roles of investor attention and government subsidies as moderating factors. The results indicate that GPR inhibits corporate ESG performance. State-owned enterprises are found to mitigate these adverse effects, while privately-owned enterprises tend to exacerbate them. Mechanism tests reveal that GPR negatively impacts ESG performance by increasing financing constraints and reducing financial performance. Furthermore, increased investor attention and government subsidies can alleviate the negative effects of GPR on ESG performance. These findings offer valuable insights for organisations, governments, and stakeholders, enabling them to better respond to GPR and achieve sustainable development.","""trade war"" 2018 ""cash holdings"" firm DiD","https://openalex.org/W4406459233","article"
"Impact Investing: Determinants of External Financing of Social Enterprises in Brazil","Eduardo da Silva Fernandes; Inês Hexsel Grochau; Carla Schwengber ten Caten","2023","Sustainability","11","True","https://www.mdpi.com/2071-1050/15/15/11935/pdf?version=1691044967","https://doi.org/10.3390/su151511935","Social impact investing and social entrepreneurship have great potential for solving global problems. However, practitioners and researchers know little about the entrepreneurial process and the investors’ criteria. Therefore, we identify the determinants of access to external finance for social enterprises in an emerging economy using a quantitative approach in a large sample (N = 601). We found that impact sector, business model, entrepreneurial support, development stage, and the adoption of technologies impact access to finance by social enterprises. We also show that green technologies have greater funding access than other enterprises and that social impact investors are more aware of environmental issues and less concerned with financial returns. To raise more funding, we suggest that social entrepreneurs include environmental issues in their business, quickly validate their idea, add an intermediary company between the enterprise and the consumer, seek the support of incubators or accelerators, and adopt emerging technologies in the product or service offered.","""firm-level political risk"" ""cash holdings""","https://openalex.org/W4385892200","article"
"Financial and Economic Determinants of Banks Financial Distress in MENA Region","Abdelmoneim Bahyeldin Mohamed Metwally; Mai Yasser; Eman Adel Ahmed; Mohamed Ali Shabeeb Ali","2025","Economies","11","True","https://www.mdpi.com/2227-7099/13/2/56/pdf?version=1739975170","https://doi.org/10.3390/economies13020056","This study investigates the influences of financial performance and economic determinants (inflation rate and economic growth) on financial distress (FD) in the MENA region in the context of the contagion effect theory and Minsky’s financial instability theory. This paper examines the determinants of financial distress in the MENA region from 2002 until 2020 using pooled OLS, fixed effect, and GMM panel estimation models; then the results are used to estimate the effect over the long run. The results show that the things that cause financial distress are changing a lot between countries in the MENA region. This shows how important it is to separate the effects of economic and financial factors. The results show the significance of economic growth, ROA, ROE, inflation, and stock market profitability using fixed effects. The results changed when we used GMM, concluding that economic growth, ROA, ROE, and stock market profitability were significant, while inflation was not significant. Therefore, there is a significant and negative relationship between financial distress and economic growth in GCC-MENA as well as other MENA countries. Our results can be of importance to investors and regulators. The introduction of a more stable political environment and engagement in international economic and financial markets will decrease the negative impacts of financial distress and boost economic growth and its sustainability in the MENA region.","""presidential election"" ""corporate cash holdings"" DiD","https://openalex.org/W4407742534","article"
"Can social capital and reputation mitigate political and market competition risk?","Dimitris Andriosopoulos; Sheikh Tanzila Deepty","2022","European Journal of Finance","11","True","https://www.tandfonline.com/doi/epdf/10.1080/1351847X.2022.2116991?needAccess=true&role=button","https://doi.org/10.1080/1351847x.2022.2116991","We assess whether social capital, captured by CSR, is an effective hedge against risks arising from political and market competition risk. Having a higher CSR score significantly reduces stock return volatility during political uncertainty, but not cash flow volatility. Meanwhile, CSR is also an effective hedge against stock return volatility that arises from peer competition. Finally, the hedging effect of CSR on stock return volatility is transient, but has a positive effect on firms' future performance and growth opportunities","""election uncertainty"" ""cash holdings"" precautionary firm","https://openalex.org/W4296403164","article"
"How does home and host-country policy uncertainty affect outward FDI? Firm-level evidence from China","Weilong Wu; Changqi Shao","2023","Economia Politica","11","True","https://link.springer.com/content/pdf/10.1007/s40888-023-00298-8.pdf","https://doi.org/10.1007/s40888-023-00298-8","","""trade war"" 2018 ""cash holdings"" firm DiD","https://openalex.org/W4362555309","article"
"Political Polarization Triggers Conservatives’ Misinformation Spread to Attain Ingroup Dominance","Xiajing Zhu; Cornelia Pechmann","2024","Journal of Marketing","10","True","https://doi.org/10.1177/00222429241264997","https://doi.org/10.1177/00222429241264997","Conservatives are often blamed for spreading misinformation, but it is unclear whether certain situations trigger them and, if so, why. The authors examine situations that are politically polarized, meaning the topic and/or its framing conveys conflict, discord, or disagreement between the two main political parties (conservatives and liberals). The authors study whether conservatives react to polarized situations by spreading ingroup-skewed political misinformation that is objectively inaccurate but not necessarily understood to be false and whether liberals are less reactive. Using a multimethod approach, the authors conduct six studies, including analyses of statements by public figures and speeches by U.S. presidents, as well as controlled experiments. The results indicate that in polarized situations, conservatives’ need for ingroup dominance is elevated, so they convey more misinformation than liberals. In less polarized situations, conservatives’ need for ingroup dominance is tempered, reducing their misinformation conveyance. These findings suggest that misinformation should not be blamed solely on the individual trait of conservativism, as polarized situations exaggerate conservative motives and behaviors. While news media, social media, political figures, and others may be incentivized to emphasize political polarization to gain audiences and bolster engagement, the resulting misinformation harms truth, trust, and democracy. Possible remedies include improved fact-checking and media literacy education.","trump 2016 election ""cash holdings"" difference-in-differences","https://openalex.org/W4399755416","article"
"Heterogeneous responses to corporate marginal tax rates: Evidence from small and large firms","Ruhollah Eskandari; Morteza Zamanian","2023","Journal of Applied Econometrics","10","True","https://onlinelibrary.wiley.com/doi/pdfdirect/10.1002/jae.3000","https://doi.org/10.1002/jae.3000","Summary Do small and large firms respond differently to tax cuts? Using new narrative measures of the exogenous variation in corporate marginal tax rates and a unique dataset of US manufacturing firms, we find that the investment of large firms is more sensitive to a marginal tax cut than that of small firms. Furthermore, we show that small firms finance their new investments almost entirely through debt, whereas large firms use both cash and debt. Following a tax cut, the tax advantage of debt financing falls relative to cash financing. This substitution effect is more pronounced for large firms and induces them to rely on cash financing to a larger extent than small firms.","""Tax Cuts and Jobs Act"" ""cash holdings"" difference-in-differences","https://openalex.org/W4385459564","article"
"Expected effects of the US tax reform on other countries: global and local survey evidence","Dorine Boumans; Clemens Fuest; Carla Krolage; Klaus Wohlrabe","2020","International Tax and Public Finance","10","True","https://link.springer.com/content/pdf/10.1007/s10797-020-09618-1.pdf","https://doi.org/10.1007/s10797-020-09618-1","The Tax Cuts and Jobs Act constitutes the largest change to the US tax system since the 1980s and thoroughly alters the way in which multinational companies are taxed. Current assessments on the reform's international impact vary widely. This article sheds light on the tax reform's expected effects on other countries. We first use representative German business survey data to analyze the impact of the reform on German firms. Many firms with substantial US revenues or capacities in the USA intend to expand US investment in response to the reform, in particular large firms and manufacturing companies. The effects on investment in Germany are ambiguous: While some firms substitute between investment locations, others expand in both countries. We subsequently extend our analysis to a global level using worldwide survey data. The results suggest a negative impact on tax revenues and investment in countries with close economic ties to the USA.","""Tax Cuts and Jobs Act"" ""cash holdings"" difference-in-differences","https://openalex.org/W2916438584","article"
"Assessment of Resident Happiness under Uncertainty of Economic Policies: Empirical Evidences from China","Zhigang Ouyang; Fengyu Liu; Ge Zhai; Svitlana Bilan","2020","Sustainability","10","True","https://www.mdpi.com/2071-1050/12/18/7296/pdf?version=1599369567","https://doi.org/10.3390/su12187296","The main aim of sustainable development is to increase the quality of life and resident happiness as the latter is one of the most important indicators for the assessment of quality of life. However, due to the uncertainty of economic policies, it will not only have a direct impact on resident well-being but may also indirectly affect resident well-being through specific channels. The economic policies are aimed at the achievement of sustainable development, therefore it is very important to investigate the influences of the uncertainty of economic policies on resident happiness. This allows to assess the sustainability of policies in terms of their inputs to the quality of life. The direct impact of economic policy uncertainty on resident well-being and the mediating effects of household asset allocation and the expectation on the above influencing relationship were analyzed based on the uncertainty index of China’s economic policies and households database of China Family Panel Studies (CFPS) during the period 2010–2018, so as to clarify the complete path of economic policy uncertainty affecting resident happiness. Results show that the uncertainty of economic policy significantly reduces resident happiness. In the context of the uncertainty of economic policies, families can relieve such negative impacts as an increasing proportion of financial assets in their total assets. However, decreases in asset shares for household consumer goods and future expectation obviously lower resident happiness. The research conclusions provide important input in research on the influences of the uncertainty of economic policy on the quality of life and offer new evidences for the development of “happiness economics”.","""trade war"" 2018 ""cash holdings"" firm DiD","https://openalex.org/W3083545867","article"
"Contagious Stock Price Crashes Along the Supply Chain","Buhui Qiu; Fangming Xu; Andy C.L. Yeung; Cheng Zeng","2024","Production and Operations Management","10","True","https://research-information.bris.ac.uk/en/publications/15bd8ab8-1109-4535-a757-ca35aa7d46b1","https://doi.org/10.1177/10591478241254854","Although risk management is widely regarded as an important topic within supply chain (SC) management, little research studies the contagious effect of risk factors along SC networks. By using stock price crashes as an indicator of risk factors, our study reveals that stock price crash risk can be transmitted from major customers to suppliers with a delay of up to two weeks. We show that the information opacity of suppliers is a factor that potentially contributes to the delayed crash contagion. We also find that the contagion effect becomes more pronounced as the importance of customers increases. Moreover, customer operational incidents have a more pronounced contagion effect on suppliers compared to customer financial incidents. Additionally, we find that suppliers tend to take strategic measures following the stock price crashes of their major customers, including diversifying their customer base, enhancing operational efficiency, and improving product quality. However, among these actions, only the improvement of operational efficiency effectively mitigates the adverse impact of customer stock price crashes on suppliers. Overall, our findings provide new insight into the distribution of risk factors across SC networks, highlighting the critical role of operational improvements in bolstering the resilience of firms to SC risks.","""trade war"" 2018 ""cash holdings"" firm DiD","https://openalex.org/W4396620004","article"
"Does tax reform affect labor investment efficiency?","Steven E. Kaplan; Eugie Y. Lee","2024","Journal of Corporate Finance","9","False","","https://doi.org/10.1016/j.jcorpfin.2024.102673","","""Tax Cuts and Jobs Act"" ""cash holdings"" difference-in-differences","https://openalex.org/W4402740568","article"
"Trade policy uncertainty and corporate financialization: strategic implications for non-financial firms in China","Mingyao Wang; Normaziah Mohd Nor; Norhuda Abdul Rahim; Faisal Khan; Ziyu Zhou","2025","Cogent Economics & Finance","9","True","https://doi.org/10.1080/23322039.2025.2460078","https://doi.org/10.1080/23322039.2025.2460078","This study investigates the impact of trade policy uncertainty (TPU) on the financialization of non-financial firms in China. Corporate financialization is the process in which corporations prioritize financial assets and generate profits primarily via financial investments rather than product markets. Using 27,339 firm-year observations of China A-share listed companies from unbalanced panel data spanning from 2011-Q1 to 2020-Q4, we utilized the fixed effect model (FEM), instrumental variables–two-stage least squares (IV-2SLS), and generalized method of moments (GMM) approaches. The findings reveal a positive relationship between TPU and corporate financialization. Financing constraints and risk-taking play moderating roles in shaping this relationship. Notably, as TPU rises, companies tend to avoid increasing investment in derivatives. Instead, they expand their precautionary savings by retaining larger amounts of cash. This analysis emphasizes the significance of legislators in ensuring policy stability and fostering a secure business environment. Furthermore, the robustness of these results was sustained when alternative key variables and methodologies were applied.","trump tariff ""cash holdings"" firm","https://openalex.org/W4407111645","article"
"The impact of significant macroeconomic turbulence on corporate debt levels: A case study of Visegrad Group countries during COVID-19 pandemic","Dominika Gajdosikova; Sheshadri Chatterjee; Erika Kovalová","2025","Equilibrium Quarterly Journal of Economics and Economic Policy","9","True","https://journals.economic-research.pl/eq/article/download/3767/2502","https://doi.org/10.24136/eq.3767","Research background: Macroeconomic volatility leads to increased corporate indebtedness, ultimately undermining the broader economic environment and firms’ competitiveness across all industries. The COVID-19 pandemic, among all recent disruptions, was a profound systemic shock with enduring effects on the economy, offering a valuable case study for analysing its wide-ranging impact on corporate financial stability. The pandemic’s spread significantly influenced corporate debt levels, and while this was a common issue for the corporate sector, its impact on financial performance varied considerably across industries. Purpose of the article: The consequences of the pandemic are evident from various perspectives, and it is essential to monitor and evaluate the changes caused by the COVID-19 pandemic, not only for immediate understanding but also for their long-term and universal implications on economic and social systems worldwide. The main intention of this study is to describe and quantify the impact of the COVID-19 pandemic, examine changes in the growth of critical determinants and identify new trends in enterprises operating in Visegrad Group countries, providing insights that may be valuable for broader contexts and future crises. Methods: Friedman test results indicate a principal distinction between groups but do not identify which pairs of groups differ. However, as the monitored indebtedness indicators exhibit significant differences, we employ the Bonferroni correction to determine which monitored periods had the largest disparities in the individual indicators. This study employs panel data from 12816 firms from Visegrad Group countries covering 2018–2022. Findings &amp; value added: This study provides a detailed and subtle explanation of corporate debt dynamics during the pandemic years, revealing considerable differences beyond direct effects. Based on the most recently available financial data, we present valuable long-term insights concerning enterprises’ resilience and flexibility and enrich the theoretical knowledge concerning financial stability under crisis. Moreover, the findings offer actionable advice for business leaders and policymakers seeking to enhance corporate debt management and economic competitiveness in a globalising and turbulent world. These findings are of worldwide applicability and will undoubtedly remain so for practice and scholarship in the forthcoming few years.","""trade war"" 2018 ""cash holdings"" firm DiD","https://openalex.org/W4412595364","article"
"The intergenerational succession and financialization of Chinese family enterprises: Considering the influence of heirs’ growing experience","Shengchao Ye; Wei Wang; Yidong Li; Haohan Wang; Xinmiao Zhou","2022","Frontiers in Psychology","9","True","https://www.frontiersin.org/articles/10.3389/fpsyg.2022.1004997/pdf","https://doi.org/10.3389/fpsyg.2022.1004997","As a mixed-methods research in economics and psychology, this study aimed to analyze the influence from the intergenerational succession on the financialization level including asset financialization and revenue financialization, and further test the moderating effect of the heirs' typical growing experience according to The Imprinting Theory, based on the 2009-2020 annual data of listed family enterprises of China. There were two key findings. First, the effect of Chinese family enterprises' intergenerational succession on asset financialization was positively significant while the effect on revenue financialization was not significant, indicating that the financialization behavior has not brought about effective financial profits. Second, among the heirs' typical growing experiences, their parents' entrepreneurial experience during their childhood, oversea study experience, and MBA education experience had the significantly positive moderating effects on the influence from intergeneration succession to asset financialization level of Chinese family enterprises, which was an important internal mechanism for the heirs to promote the financialization process of family enterprises.","""trade war"" 2018 ""cash holdings"" firm DiD","https://openalex.org/W4303958720","article"
"Economic policy uncertainty, intra-industry trade, and China’s mechanical and electrical product exports","Dajun Liu; Xiugang Zhu; Huiru Yu","2024","PLoS ONE","9","True","https://journals.plos.org/plosone/article/file?id=10.1371/journal.pone.0290866&type=printable","https://doi.org/10.1371/journal.pone.0290866","Economic policy uncertainty has had an important impact on trade and sustainable economic development. Especially in some specific industries, uncertainty has increased dramatically. The extant related literature mainly analyzes the nexus between uncertainty and trade across different industries and focuses less on a specific industry. Using Chinese customs data on HS 8-digit products over the period of 2000-2013, this paper first investigates the impact of both foreign economic policy uncertainty (EPU) and domestic intra-industry trade on China's mechanical and electrical product exports to 23 trading partners and applies pooled OLS regressions to conduct an empirical study. This paper finds that EPU has a significant inhibition effect on mechanical and electrical product exports; conversely, intra-industry trade can both significantly promote exports and alleviate the inhibition effect of EPU. In addition, the export impact of EPU varied with different trade patterns. It can significantly inhibit processing exports, while it has no effect on ordinary exports. The results of this paper indicate that in the context of increasing uncertainty, our findings could have far-reaching policy implications for China to build a new development pattern of domestic and international dual circulation.","""trade policy uncertainty"" ""cash holdings"" DiD","https://openalex.org/W4390968864","article"
"Capital Market Opening and Corporate Innovation: Mediating Role of <scp>ESG</scp> Performance and Financing Constraints","Jiyang Zhao; Xiaohong Wang; Xiangyu Luan","2025","International Journal of Finance & Economics","9","True","https://onlinelibrary.wiley.com/doi/pdfdirect/10.1002/ijfe.3119","https://doi.org/10.1002/ijfe.3119","ABSTRACT This study uses a quasi‐natural experiment of the Shanghai‐Hong Kong and Shenzhen‐Hong Kong Connect Trading Systems to investigate the role of the capital market opening in fostering corporate innovation. We use panel data for A‐listed corporations covering 2009–2021 to construct empirical analysis, and corroborate that the capital market opening can exert significantly positive influences on corporate innovation. The robustness of the research is verified. Furthermore, we conduct quantile analysis to investigate asymmetric effects, and employ multi‐phase difference‐in‐difference‐in‐difference model, which reveals that the positive effect of capital market opening is more distinctly potent among the heavy polluters and the new‐high‐tech corporations. Moreover, the results also reflect that the capital market opening can enhance ESG performance and ease financing constraints, which in turn enhances corporate innovation. This study extends the researches on the topic regarding the relationship between capital market opening and corporate innovation, and outlines the theoretical and practical implications of helping foster corporate innovation.","""trade policy uncertainty"" ""cash holdings"" DiD","https://openalex.org/W4406378453","article"
"WITHDRAWN: Does mandating corporate social and environmental disclosure improve social and environmental performance?: Broad-based evidence regarding the effectiveness of directive 2014/95/EU","Charl de Villiers; John Dumay; Federica Farneti; Jing Jia; Zhongtian Li","2024","The British Accounting Review","8","True","https://doi.org/10.1016/j.bar.2024.101437","https://doi.org/10.1016/j.bar.2024.101437","Given that the aim of corporate social and environmental disclosure mandates is to improve corporate social and environmental performance, this study investigates the impact of such mandates on performance. Using a difference-in-differences analysis, we examine trends in corporate social and environmental performance before and after the introduction of Directive 2014/95/EU (hereafter, the Directive), comparing affected European companies with companies in the United States (US), based on a balanced sample of 358 European companies (excluding United Kingdom (UK) companies, because they were subject to additional regulations that came into effect around the same time) and 470 US companies from 2009 to 2020. We find that European companies' performance has not improved substantially since the Directive came into effect in 2017, nor have they improved compared to US companies. Thus, the evidence suggests that the Directive has not improved European companies’ social and environmental performance. Our study provides broad-based evidence of the (in)effectiveness of mandating corporate social and environmental disclosures to enhance performance. Our findings will be of interest to regulators considering disclosure mandates, as well as stakeholders and investors interested in enhancing social and environmental performance.","trump 2016 election ""cash holdings"" difference-in-differences","https://openalex.org/W4400012646","article"
"The impact of bank mergers on corporate tax aggressiveness","Jie Chen; Tapas Mishra; Wei Song; Qingjing Zhang; Zhuang Zhang","2024","Journal of Corporate Finance","8","True","https://eprints.whiterose.ac.uk/id/eprint/207059/1/The%20Impact%20of%20Bank%20Mergers%20on%20Corporate%20Tax%20Aggressiveness.pdf","https://doi.org/10.1016/j.jcorpfin.2024.102540","","trump 2016 election ""cash holdings"" difference-in-differences","https://openalex.org/W4390618802","article"
"Will robots automate your job away? Full employment, basic income, and economic democracy","Ewan McGaughey","2019","","8","True","https://doi.org/10.31228/osf.io/udbj8","https://doi.org/10.31228/osf.io/udbj8","Will the internet, robotics and artificial intelligence mean a ‘jobless future’? A recent narrative, endorsed by prominent tech-billionaires, says we face mass unemployment, and we need a basic income. In contrast, this article shows why the law can achieve full employment with fair incomes, and holidays with pay. Universal human rights, including the right to ‘share in scientific advancement and its benefits’, set the proper guiding principles. Three distinct views of the causes of unemployment are that it is a ‘natural’ phenomenon, that technology may propel it, or that it is social and legal choice: to let capital owners restrict investment in jobs. Only the third view has any credible evidence to support it. Technology may create redundancies, but unemployment is an entirely social phenomenon. After World War Two, 42% of UK jobs were redundant but social policy maintained full employment, and it can be done again. This said, transition to new technology, when markets are left alone, can be exceedingly slow: a staggering 88% of American horses lost their jobs after the Model T Ford, but only over 45 years. Taking lessons from history, it is clear that unemployment is driven by inequality of wealth and of votes in the economy. To uphold human rights, governments should reprogramme the law, for full employment, fair incomes and reduced working time, on a living planet. Robot owners will not automate your job away, if we defend economic democracy. (2021) Industrial Law Journal.","trump tariff ""cash holdings"" firm","https://openalex.org/W3121363283","article"
"Economic policy uncertainty and institutional portfolio investment","Qing Hao; Andi Li","2024","Financial Management","8","True","https://onlinelibrary.wiley.com/doi/pdfdirect/10.1111/fima.12478","https://doi.org/10.1111/fima.12478","Abstract This paper investigates the impact of economic policy uncertainty (EPU) on institutional investors’ holdings of common stocks. Using a large sample of quarterly institutional ownership data from 28 countries/markets between 2000 and 2021, we find that EPU negatively affects institutional investments in both domestic and overseas stock markets. Policy uncertainty also deters foreign institutions’ inbound investments. The adverse effect of policy uncertainty on crossborder institutional investment is particularly pronounced when the investment destination country does not share the same official language or legal origin as the investing country, consistent with the information asymmetry hypothesis. Additionally, firms with higher cash holdings and lower market‐to‐book ratios are less vulnerable to the withdrawal of investment by foreign institutional investors.","""firm-level political risk"" ""cash holdings""","https://openalex.org/W4403599689","article"
"Is firm-level political risk priced in the corporate bond market?","Luis Ceballos; Vanja Piljak; Laurens Swinkels","2024","Journal of Empirical Finance","8","True","https://doi.org/10.1016/j.jempfin.2024.101562","https://doi.org/10.1016/j.jempfin.2024.101562","· Company-specific political risk is measured using textual analysis quarterly earning calls · We document a positive and significant political risk premium in corporate bond markets · Riskier and less liquid bonds exhibit a larger political risk premium · The political risk premium is positively associated with monetary policy shocks We investigate whether political risk is priced in the cross-section of corporate bond returns by using a text-based measure of firm-level political risk. We document a positive and significant political risk premium after controlling for bond and firm characteristics, conventional risk factors, and exposure to aggregate economic policy uncertainty. Bonds with higher political and credit risk, as well as smaller, more illiquid, and longer maturity corporate bonds exhibit a larger political risk premium. Time-series analysis indicates that monetary policy shocks and common shocks in the equity and bond market exhibit a statistically significant and positive association with the political risk premium. Our findings reveal the importance of idiosyncratic political risk beyond common risk factors and aggregate economic policy uncertainty.","""firm-level political risk"" ""cash holdings""","https://openalex.org/W4403712025","article"
"Economic policy uncertainty nexus with the value relevance of advertising: Evidence from an emerging market","Imad Jabbouri; Omar Farooq; Rachid Jabbouri","2023","International Journal of Finance & Economics","8","True","https://onlinelibrary.wiley.com/doi/pdfdirect/10.1002/ijfe.2789","https://doi.org/10.1002/ijfe.2789","Abstract This paper aims to document the effect of economic policy uncertainty on the value of advertising expenditures within the context of an emerging market. The paper shows that the value of advertising expenditures is an increasing function of economic policy uncertainty. The impact of advertising on firm performance is more pronounced during the periods characterized by higher economic policy uncertainty. We argue that, during uncertain times, the financial information loses its relevance. Therefore, during these periods, non‐financial traits, such as brand image, customer equity, relationship capital, and familiarity that characterizes firms with high advertising become more important. The findings hold in various sub‐samples and across various proxies of advertising activity. The findings also hold under alternate estimation procedures (pooled OLS regression, panel data with fixed effects and instrument variable regression). More importantly, this paper also shows that, relative to other agency reducing mechanisms (such as analyst coverage, asset utilization ratio, expense ratio and dividend payments), advertising is more valuable during periods with high economic policy uncertainty.","""presidential election"" ""corporate cash holdings"" DiD","https://openalex.org/W4318713491","article"
"CONCAVE EFFECT OF FINANCIAL FLEXIBILITY ON SEMICONDUCTOR INDUSTRY PERFORMANCE: QUANTILE REGRESSION APPROACH","Bao‐Guang Chang; Kun‐Shan Wu","2022","Technological and Economic Development of Economy","8","True","https://journals.vilniustech.lt/index.php/TEDE/article/download/16622/11113","https://doi.org/10.3846/tede.2022.16622","To survive increasingly uncertain and competitive markets, technology and capitalintensive semiconductor companies need to be more agile, responsive and flexible than ever before. This study investigates the impact financial flexibility on firm performance within Taiwan’s semiconductor industry and whether the impact on FP differs depending on the semiconductor industry characteristics. Using quantile regression analysis, data from semiconductor companies listed on the Taiwan Stock Exchange during the COVID-19 shock was investigated. The results evidence an inverted U-shaped relationship between FF and FP in the lower and median return on equity quantiles of the semiconductor industry. For the asset heavy business model companies, FF has a concave impact on FP for IC-design and IC-manufacturing companies but not the semiconductor companies. For the asset light business model companies, FF has a concave impact on FP in the lower and median quantiles for semiconductor companies, in the upper quantiles for IC-design companies and in all except the 90th quantile for IC-manufacturing companies. The results of this research significantly contribute to extant literature as with such specific knowledge regarding the impact of FF on FP, managers are able to make decisions based on a firm’s individual FF-FP relationship and identify the most lucrative business trajectory.","""trade war"" 2018 ""cash holdings"" firm DiD","https://openalex.org/W4280611878","article"
"Behavior of small and medium shipping enterprises’ working capital management: moderating role of firm-specific characteristics in times of crises and geopolitical risk","Suntichai Kotcharin; Kulaya Jantadej","2024","Cogent Business & Management","8","True","https://doi.org/10.1080/23311975.2024.2396544","https://doi.org/10.1080/23311975.2024.2396544","This study examined the relationship between working capital management and the profitability of small and medium enterprises (SMEs) in the shipping industry, particularly during crises and geopolitical uncertainty, as well as the moderating effects of firm-specific characteristics and macroeconomic factors. We used firm-level data from Thailand’s shipping SMEs from 2001 to 2021 and a dynamic panel Generalized Method of Moments (GMM) approach. We found a nonlinear and negative relationship between working capital and profitability for all of the study’s samples. Shipping SMEs tended to adopt aggressive working capital policies during the global financial crisis, whereas they were likely to use conservative policies during the 2016–2017 shipping market turmoil, according to the separate analysis. The 2016–2017 shipping market turmoil negatively impacted firms’ profitability, albeit mitigated by sales growth. Our findings indicated that the impact of working capital management on profitability was more pronounced during the global financial crisis compared to the shipping industry turbulence observed in 2016–2017. We also discovered that, in the presence of China’s geopolitical risk, firms were likely to enhance their working capital efficiency and mitigate an adverse impact on firm performance with their financial leverage and firm size. Additionally, financially constrained firms exhibited an inverted U-shaped relationship between working capital and profitability. To maximize firms’ profitability, management should pay attention to their working capital management and attempt to maintain the optimum level of working capital. Moreover, management should consider working capital as an essential source of financing, especially for financially constrained firms. The findings shed light on the working capital management decisions made by shipping SMEs in the emerging market.","""trade war"" 2018 ""cash holdings"" firm DiD","https://openalex.org/W4402275674","article"
"Brexit Referendum and Business Investment in the UK","Lucyna Gornicka","2018","IMF Working Paper","8","True","https://www.elibrary.imf.org/doc/IMF001/25545-9781484382011/25545-9781484382011/Other_formats/Source_PDF/25545-9781484386132.pdf","https://doi.org/10.5089/9781484382011.001","In this paper I apply firm-level analysis to examine how the Brexit process has affected business investment in the UK. An interaction term of potential trade costs after exiting the EU and a measure of firms' participation in global trade is used as a proxy for firm-level exposure to Brexit-related effects. The results suggest that potential trade costs have had a considerable and statistically significant negative impact on firm investment in the UK after the referendum. At the same time, the post-referendum sterling depreciation has likely contributed positively to investment expenditure by more foreign-oriented firms.","""trade policy uncertainty"" ""cash holdings"" DiD","https://openalex.org/W4237183227","article"
"Digital M&amp;A and Firm Innovation","Zixuan Zhou; Fang Wang; Gaoju Yang; Xianhai Huang","2023","Journal of Global Information Management","8","True","https://www.igi-global.com/ViewTitle.aspx?TitleId=321186&isxn=9798369301395","https://doi.org/10.4018/jgim.321186","This study empirically examines how digital M&amp;A affects firm innovation using data from Chinese listed companies from 2006 to 2019. The results show that digital M&amp;A promotes firm innovation, and our findings also suggest that digital M&amp;A enables firms to break away from technology path-dependence to achieve radical innovation and digital innovation. The analysis of different types of digital M&amp;A shows that the innovation effect of vertical digital M&amp;A is smaller than that of horizontal digital M&amp;A. Vertical digital M&amp;A significantly increases industry concentration and may change the competitive structure of the market; the innovation effect of cross-border digital M&amp;A is smaller than that of domestic digital M&amp;A, which may be related to the negative moderating effect of cultural and institutional distance between China and the host country, as well as the restriction of cross-border data flow.","""trade policy uncertainty"" ""cash holdings"" DiD","https://openalex.org/W4366590925","article"
"Extreme time–frequency connectedness between oil shocks and sectoral markets in the United States","Oğuzhan Özçelebi; José Pérez-Montiel; Sang Hoon Kang","2025","Financial Innovation","8","True","https://jfin-swufe.springeropen.com/counter/pdf/10.1186/s40854-025-00755-2","https://doi.org/10.1186/s40854-025-00755-2","Abstract This study assessed the connectedness between oil shocks and industry stock indexes in the United States (US). We consider the normal and extreme conditions across different frequency horizons, and the quantile time–frequency connectedness method is used to determine the tail risk contagion under different frequency horizons. Our results reveal that the short-term frequency connectedness significantly exceeds the long-term frequency connectedness. We also indicate that the connectedness in the lower and upper quantiles is greater than at the conditional mean. Importantly, oil risk shock is the biggest net transmitter of shocks to the US sectors in normal and extreme conditions, highlighting that oil risk shocks cause substantial variations in US sector stock returns in the short, medium, and long term. Finally, QAR(3) model demonstrates the significant impact of oil risk shocks on US sector stock returns during extreme and normal conditions. Therefore, our study underscores the role of asymmetry in the reaction of US sector stock returns to oil-related shocks, and we suggest that policies aimed at overcoming the adverse effects of oil shocks on stock markets and promoting financial stability should incorporate asymmetric features.","""trade policy uncertainty"" ""cash holdings"" DiD","https://openalex.org/W4406605474","article"
"The impact of CEO political ideology on labor cost reductions and payout decisions during the COVID-19 pandemic","Ali Bayat; Marc Goergen; Panagiotis Koutroumpis; Xingjie Wei","2024","Journal of Corporate Finance","7","True","https://doi.org/10.1016/j.jcorpfin.2024.102692","https://doi.org/10.1016/j.jcorpfin.2024.102692","Using a hand-collected dataset, we study whether CEO political ideology affected S&P 500 firms’ reactions to the COVID-19 pandemic in 2020. During the pandemic, CEOs had the option to distribute the pain of the pandemic’s impact onto shareholders by paying lower dividends, onto the workforce by reducing labor costs, or to share the pain. We hypothesize that conservative CEOs were more likely to aggressively reduce labor costs while still meeting dividend expectations. Conversely, other CEOs would have been less likely to meet dividend expectations and less likely to reduce labor costs. Our findings support this hypothesis. We also find that during the pandemic, conservative CEOs used temporary downsizing to avoid earnings losses, enabling them to meet dividend expectations.","trump 2016 election ""cash holdings"" difference-in-differences","https://openalex.org/W4404443295","article"
"Endowment for a rainy day? An empirical analysis of endowment spending by operating public charities","Heng Qu","2020","Nonprofit Management and Leadership","7","True","https://onlinelibrary.wiley.com/doi/pdfdirect/10.1002/nml.21440?download=true","https://doi.org/10.1002/nml.21440","Abstract There has been growing public attention to the accumulation and spending of endowments in recent years. Scholars have offered different theories on the objective of endowments that have different implications for endowment spending. Yet, there are limited empirical studies and they mostly focus on universities. Using the Form 990 data between 2009 and 2016, this study examines how endowments are actually spent for four types of operating charities, including museums, universities, hospitals, and K‐12 schools. The descriptive results show that there are considerable cross‐sectional differences in endowment characteristics across these types of organizations. The fixed effects analyses further demonstrate different types of organizations have different payout responses to changes in endowment returns, non‐endowment income, and contributions to endowment. However, the study does not find any empirical evidence that organizations use endowments as rainy day funds. This article extends the understanding on endowment spending behavior from universities to other types of operating charities that also hold endowments. The findings provide empirical evidence that may inform the existing debate on endowment spending and have practical implications for endowment management.","""Tax Cuts and Jobs Act"" ""cash holdings"" difference-in-differences","https://openalex.org/W3082209362","article"
"Tax planning and financial default: role of corporate life cycle","Alessandro Gabrielli; Giulio Greco","2023","Management Decision","7","True","https://www.emerald.com/insight/content/doi/10.1108/MD-07-2022-0928/full/pdf?title=tax-planning-and-financial-default-role-of-corporate-life-cycle","https://doi.org/10.1108/md-07-2022-0928","Purpose Drawing on the resource-based view (RBV), this study investigates how tax planning affects the likelihood of financial default in different stages of the corporate life cycle. Design/methodology/approach Collecting a large sample of US firms between 1989 and 2016, hypotheses are tested using a hazard model. Several robustness and endogeneity checks corroborate the main findings. Findings The results show that tax-planning firms are less likely to default in the introduction and decline stages, while they are more likely to default in the growth and maturity stages. The findings suggest that introductory and declining firms use cash resources obtained from tax planning efficiently to meet their needs and acquire other useful resources. In growing and mature firms, tax aggressiveness generates unnecessary slack resources, weakens managerial discipline and increases reputational risks. Practical implications The results shed light on the benefits and costs associated with tax planning throughout firms' life cycle, holding great significance for managers, investors, lenders and other stakeholders. Originality/value This study contributes to the literature that examines resource management at different life cycle stages by showing that cash resources from tax planning are managed in distinctive ways in each life cycle stage, having a varied impact on the likelihood of default. The authors shed light on underexplored cash resources. Furthermore, this study shows the potential linkages between the agency theory and RBV.","""Tax Cuts and Jobs Act"" ""cash holdings"" difference-in-differences","https://openalex.org/W4388705584","article"
"Codetermination: A Poor Fit for U.S. Corporations","Jens Dammann; Horst Eidenmüller","2021","Columbia Business Law Review","7","True","https://journals.library.columbia.edu/index.php/CBLR/article/download/7809/3950","https://doi.org/10.52214/cblr.v2020i3.7809","The idea that a corporation’s employees should elect some of the corporation’s board members, a system known as codetermination, has moved to the forefront of U.S. corporate law policy. Elizabeth Warren’s Accountable Capitalism Act calls for employees of large firms to elect forty percent of all board members. Bernie Sanders’s Corporate Accountability and Democracy Plan goes even further and states that workers should elect forty-five percent of board members. Both Warren’s and Sanders’s plans are broadly similar to the German law on codetermination, which for many decades has allowed employees of large German corporations to elect up to half of all board members. It is therefore unsurprising that Senator Sanders points to Germany’s successful economic development as evidence that economic progress and mandatory codetermination can go hand in hand. However, this Article argues that codetermination promises to be a poor fit for U.S. corporations. While Germany arguably reaps significant benefits from codetermination, legal, social, and institutional differences between Germany and the United States make it highly unlikely that the United States would be able to replicate those benefits. Furthermore, the costs of codetermination probably would be much higher in the United States than they are in Germany.","""Tax Cuts and Jobs Act"" ""cash holdings"" difference-in-differences","https://openalex.org/W3134862703","article"
"The Response of CSR to Economic Policy Uncertainty: Evidence from China","Hailiang Zou; Ruijing Wang; Guoyou Qi","2023","Sustainability","7","True","https://www.mdpi.com/2071-1050/15/17/12978/pdf?version=1693231043","https://doi.org/10.3390/su151712978","The dynamics and instability of economic policies exercise considerable influence on firm behaviors. This study aims to explore the impact of economic policy uncertainty on the level of CSR that firms are engaged in and the heterogeneity of this impact across firms. Using a dataset of Chinese-listed companies from 2011 to 2019, which consists of 837 different firms and 4551 firm-year observations, the results show a negative response of CSR to economic policy uncertainty in China, which is mitigated by the political connections and resource slack that firms possess. These findings underscore the importance of a predictable business environment for CSR behaviors and the capability of firms to cope with uncertainty.","""trade policy uncertainty"" ""cash holdings"" DiD","https://openalex.org/W4386255634","article"
"The Impact of Economic Policy Uncertainty on the Performance of New Energy Firms","Yan Zhang; Weihua Yu; Yifan Yu; Shiyu Han","2023","Sustainability","7","True","https://www.mdpi.com/2071-1050/15/21/15614/pdf?version=1699076021","https://doi.org/10.3390/su152115614","In China, the development of a new energy sector relies heavily on economic policies. In the strategic context of sustainable development, it possesses profound theoretical and practical values to objectively and quantitatively explore the influences of economic policies on the new energy firms’ performance. This paper proposes three hypotheses after conducting a theoretical analysis. This paper regards China’s economic policy uncertainty index (EPU) as a policy shock indicator and utilizes the panel data of listed firms in China’s new energy sector from 2008 to 2021 to explore the influence of EPU on China’s new energy enterprises’ performance. The research results show that EPU exerts a negative influence on the performance of new energy companies, and this negative impact is robust after the replacement of the explanatory variables. On this basis, we further investigate the influence of EPU on the new energy enterprises’ performance in different ownership systems and different regions. It also shows that the impact of economic uncertainty is more obvious on non-state-owned enterprises and the western and central regions. Finally, countermeasures are proposed based on the study results.","""trade policy uncertainty"" ""cash holdings"" DiD","https://openalex.org/W4388333891","article"
"Germany","International Monetary Fund. European Dept.","2019","IMF Staff Country Reports","6","True","https://www.elibrary.imf.org/doc/IMF002/26217-9781498324632/26217-9781498324632/Other_formats/Source_PDF/26217-9781498324694.pdf","https://doi.org/10.5089/9781498324632.002","Selected Issues","""Tax Cuts and Jobs Act"" ""cash holdings"" difference-in-differences","https://openalex.org/W4247520142","article"
"Chinese Influence in Australia: What Do Financial Markets Tell Us?","Kerry Liu","2020","East Asia","6","True","https://link.springer.com/content/pdf/10.1007/s12140-020-09346-7.pdf","https://doi.org/10.1007/s12140-020-09346-7","","trump tariff ""cash holdings"" firm","https://openalex.org/W3084055552","article"
"The Impact of Financial Flexibility on Enterprise Risk-Taking","Yunli Liu; Yu-An Chang","2020","","6","True","https://www.atlantis-press.com/article/125944949.pdf","https://doi.org/10.2991/assehr.k.201012.005","Economic globalization has made corporate risks complex and diverse. In recent years, the international economic environment and China's policy changes have prompted people to increase their risk awareness. Enterprise risk-taking is the fundamental driving force for economic growth and is vital to the survival and development of enterprises. Therefore, based on the theory of resource dependence, this paper takes the A-share listed non-financial enterprises in 2014-2018 as a sample and establishes a fixed-effect model to study the impact of financial flexibility on the enterprises risk-taking. The research finds that financial flexibility can significantly promote enterprise risktaking, in non-state-owned enterprises and agents. In enterprises with low conflicts, financial flexibility plays a more stronger role in promoting corporate risk-taking. The research in this paper not only enriches the relevant literature on financial flexibility and enterprise risk commitment, but also contributes to the financial resource reserve and risk commitment decision of the enterprise.","""trade war"" 2018 ""cash holdings"" firm DiD","https://openalex.org/W3147480503","article"
"Compromise in hard times? The impact of deglobalization on corporate social responsibility in the US–China supply chain","Yanming Cao; Jengfang Chen; Xiaomeng Chen; Meiting Lu","2024","Journal of Business Finance &amp Accounting","6","True","https://onlinelibrary.wiley.com/doi/pdfdirect/10.1111/jbfa.12803","https://doi.org/10.1111/jbfa.12803","Abstract This study examines the effect of the US–China trade tensions on the corporate social responsibility (CSR) performance of the Chinese suppliers most affected by the 2018 US tariff surges. Using a difference‐in‐differences approach, we find that Chinese suppliers with direct US corporate customers experience a significant decline in CSR performance, compared with their peers without direct US corporate customers. We also show that the adverse effect of tariff surges on Chinese suppliers’ CSR performance is concentrated among those with a strong cost leadership strategy. However, the CSR performance of Chinese suppliers that have direct US corporate customers with high CSR awareness is not affected by the tariff surges. Further analyses reveal that the negative effects of the trade tensions on CSR performance are felt most strongly by the employees of Chinese suppliers. Taken together, despite the challenges posed by the deglobalization wave to the diffusion of CSR across global supply chains, the increasing demand for CSR involvement from US corporate customers can exert significant pressure on Chinese suppliers’ CSR performance.","""trade war"" 2018 ""cash holdings"" firm DiD","https://openalex.org/W4394980122","article"
"Perceived uncertainty, low-carbon policy, and innovation investment: evidence from Chinese listed new energy companies","Huwei Wen; Yutong Liu; Fengxiu Zhou","2023","Economic Research-Ekonomska Istraživanja","6","True","https://www.tandfonline.com/doi/pdf/10.1080/1331677X.2023.2166092?download=true","https://doi.org/10.1080/1331677x.2023.2166092","Uncertainty can bring about challenges to the operations of the energy industry, which may inevitably affect corporate innovation decisions. This study uses the firm-level data from the new energy sector in China to examine how perceived uncertainty affects their innovation decisions. It is found that new energy companies significantly increase innovation activities when perceiving high uncertainty. In addition to directly promoting innovation investment, a low-carbon policy can also indirectly increase the innovation investment of new energy companies in response to perceived uncertainty. Specifically, a low-carbon policy can significantly increase government subsidies and reduce the financing constraints of new energy companies, thereby increasing their innovation effect against perceived uncertainty. Furthermore, the uncertainty–innovation nexus is significantly positive in companies with different ownership, but some differences exist in the effects and mechanisms.","""trade policy uncertainty"" ""cash holdings"" DiD","https://openalex.org/W4319862109","article"
"IRS Enforcement and Voluntary Tax Disclosure","Anne Ehinger; Joshua Lee; Bridget Stomberg; Erin Towery","2024","Journal of the American Taxation Association","5","True","https://publications.aaahq.org/jata/article-pdf/doi/10.2308/JATA-2022-009/106190/jata-2022-009.pdf","https://doi.org/10.2308/jata-2022-009","ABSTRACT Although voluntary tax disclosures can improve firms’ information environments and reduce financial statement users’ costs of processing complex tax information, they can also inform tax authorities about tax avoidance strategies. This study explores the content of voluntary tax disclosures during quarterly earnings announcements and conference calls to examine the effect of IRS enforcement on managers’ voluntary tax disclosure decisions. We estimate a negative relation between IRS enforcement and voluntary tax disclosures that is concentrated in the subset of firms with high levels of tax avoidance. These results are consistent with managers having concerns about the potential costs of voluntary disclosures to tax authorities. In supplemental analysis, we find results consistent with voluntary tax disclosures benefiting analysts, but at the cost of increasing IRS attention. Collectively, our results suggest an unintended negative effect of IRS enforcement on the information environment. Data Availability: Data are available from the sources cited in the text. JEL Classifications: H25; M41; M48.","""Tax Cuts and Jobs Act"" ""cash holdings"" difference-in-differences","https://openalex.org/W4394861129","article"
"Firm-level political risk and equity issuance","Dewan Rahman; Anamul Haque; Muhammad Kabir; Shehub Bin Hasan","2024","Journal of International Financial Markets Institutions and Money","5","True","https://doi.org/10.1016/j.intfin.2024.101944","https://doi.org/10.1016/j.intfin.2024.101944","We examine whether firm-level political risk influences the issuance of equity (debt) to finance corporate investment. With a sample of 64,693 firm-quarter observations from 2002–2020, we find that firm-level political risk is significantly and positively associated with subsequent equity issuance as opposed to debt issuance. To mitigate endogeneity, we estimate firm fixed-effects regression, perform nearest-neighbor score matching technique and Heckman’s (1979) two-step correction procedure, and employ gubernatorial elections in different states of the U.S. as a shock to the firm-level political risk. We also test for two potential economic mechanisms, financial flexibility and information asymmetry, and find that our baseline results are more pronounced for these channels. Our study presents new evidence on firms’ financing choices in the presence of firm-level political risk.","""PRisk"" ""cash holdings"" Trump","https://openalex.org/W4390920142","article"
"Local community's social capital and CEO pay duration","Zhenjiang Gu; Jeong‐Bon Kim; Louise Yi Lu; Yangxin Yu","2024","Journal of Business Finance &amp Accounting","5","True","https://onlinelibrary.wiley.com/doi/pdfdirect/10.1111/jbfa.12781","https://doi.org/10.1111/jbfa.12781","Abstract In this study, we examine the impact of social capital surrounding firms’ headquarters on their chief executive officers (CEOs)’ pay duration, reflected by the vesting periods of the short‐term and long‐term components in their annual compensation. Our analysis reveals that CEO pay duration increases with the level of social capital in the county in which firms are headquartered. We further find that this effect is more pronounced when CEOs are more likely to be short‐term‐oriented, suggesting that under the influence of the local community's social capital, the board of directors uses longer pay duration to better align CEOs’ interests with long‐term shareholder value. Our results are robust to a variety of additional tests and a smaller sample of firms that had relocated their headquarters to communities with a different level of social capital. Overall, our findings are consistent with the view that social capital incentivizes firms to be long‐term‐oriented and refrain from short‐term opportunistic activities, and this lengthens CEO pay duration.","""presidential election"" ""corporate cash holdings"" DiD","https://openalex.org/W4390685989","article"
"Characteristics of a Good Board of Directors for Indonesian SOEs Performance","Dian Kusuma Wardhani; Wiwik Supratiwi","2023","Journal of Indonesian Economy and Business","5","True","https://journal.ugm.ac.id/v3/jieb/article/download/4410/2261","https://doi.org/10.22146/jieb.v38i1.4410","Introduction/Main Objectives: This research aims to empirically show the positive influence of the board of directors' characteristics on company performance, proxied by female directors, political connections, economic and/or business educational backgrounds, and education levels. Background Problems: Essential characteristics are required to produce quality strategies because they directly affect the performance of SOEs, and Regulation PER-8/MBU/08/2020 of the Minister of SOEs restruc­tures the BOD to increase the proportion of women. Novelty: This research measures SOEs' performance from their financial, adminis­trative, and operational aspects. It comprehensively assesses the dual function of SOEs as public servants and producers of state profits. Research Methods: A total of 245 Indonesian state-owned enterprises were examined between 2014 and 2019 using panel regression with the random effect model. The companies’ performance data were obtained from the Information Management and Documentation Officer (PPID) of the Ministry of SOEs of the Republic of Indonesia (RI). Finding/ Results: The results show that female directors and political connections positively influence the performance of SOEs. According to the robust­ness test, directors with economic and/or business education backgrounds positively influence the financial performance, and the higher the education level is, this negatively influences the performance of SOEs. Conclusion: Essentially, this research supports the plan of the Minister of SOEs to increase the proportion of women on the boards of directors. The findings also prove that political connections strengthen the personal qualities of SOE directors, whether they are female or not.","""presidential election"" ""corporate cash holdings"" DiD","https://openalex.org/W4318173980","article"
"Enigma of Relationship between Digital Economy and Intellectual Property Rights: Reflections on Innovation in Digital Economy Represented by Cloud Computing","Weier Zhang; Yiyi Zhang","2023","ICST Transactions on Scalable Information Systems","5","True","https://publications.eai.eu/index.php/sis/article/download/3946/2540","https://doi.org/10.4108/eetsis.3946","INTRODUCTION: The development of the digital economy and intellectual property management represented by cloud computing has promoted the progress of China's modernization road. Cloud computing plays a vital role in various industries, and the control of intellectual property rights in the digital economy represented by cloud computing is closely connected with the high-quality development of China's digital economy, the construction of a robust intellectual property country, and the modernization of the national government. China's intellectual property management capability and digital economy management system are advanced, but practical difficulties still exist at home and abroad. OBJECTIVES: To improve the development level of computer information technology such as cloud computing; to promote the integrated development of digital economy and intellectual property rights; to solve the protection problems in the practical application of intellectual property rights with information technology; and to promote the coordinated development of digital economy and intellectual property rights represented by cloud computing. METHODS: Analyzes the role of intranet in protecting business information from the technical perspective of cloud computing; puts forward the hypothesis of the relationship between the digital economy and intellectual property rights by using literature research; and applies the empirical method to verify the use of patent data of state-owned enterprises and the total index of the regional digital economy. RESULTS: The results of the study show that there is a significant positive correlation between the level of development of cloud computing, the Digital Economy, and the internal cloud computing network of the company, which meets the external conditions of the lack of capacity of the Digital Economy and strengthens the globalization of the cloud computing cooperation network. CONCLUSION: Companies can manage the risk of data loss in the digital economy by adapting their internal cloud computing capabilities. After in-house processing and multiple reliability tests, the impact of the digital economy, represented by cloud computing, on supply chain innovation remains significant. In the post-financial crisis era, the effect of the digital economy on chain innovation is important because it is a cloud computing technology-intensive production chain with low dependence on external technologies. The digital economy has a threshold effect on innovation in the production chain. With the strengthening of intellectual property protection, the marginal impact of cloud computing and the digital economy on chain innovation increases significantly.","""trade war"" 2018 ""cash holdings"" firm DiD","https://openalex.org/W4386963560","article"
"Why do firms purchase directors' and officers' liability insurance? – perspective from economic policy uncertainty","Haiyan Jiang; Jing Jia; Yuanyuan Hu","2022","China Accounting and Finance Review","5","True","https://www.emerald.com/insight/content/doi/10.1108/CAFR-02-2022-0004/full/pdf?title=why-do-firms-purchase-directors-and-officers-liability-insurance-perspective-from-economic-policy-uncertainty","https://doi.org/10.1108/cafr-02-2022-0004","Purpose This study aims to investigate whether firms purchase directors' and officers' liability (D&amp;O) insurance when the country-level economic policy uncertainty (EPU) is high. Design/methodology/approach This study uses D&amp;O insurance data from Chinese listed firms between 2003 and 2019 to conduct regression analyses to examine the association between D&amp;O insurance and EPU. Findings The results show that government EPU, despite being an exogenous factor, increases the likelihood of firms' purchasing D&amp;O insurance, and this effect is more pronounced when firms are exposed to great share price crash risk and high litigation risk, suggesting that firms intend to purchase D&amp;O insurance possibly due to the accentuated stock price crash risk and litigation risk associated with EPU. In addition, the results indicate that the effect of EPU on the D&amp;O insurance purchase decision is moderated by the provincial capital market development and internal control quality. Practical implications The study highlights the role of uncertain economic policies in shareholder approval of D&amp;O insurance purchases. Originality/value The study enriches the literature on the determinants of D&amp;O insurance purchases by documenting novel evidence that country-level EPU is a key institutional factor shaping firms' decisions to purchase D&amp;O insurance.","""trade war"" 2018 ""cash holdings"" firm DiD","https://openalex.org/W4229002412","article"
"Band together or go it alone? Climate risk and corporate collaborative innovation","Qiuyue Zhang; Yili Lin; Yueying Wang; Yu Cao","2025","Humanities and Social Sciences Communications","5","True","https://www.nature.com/articles/s41599-025-05109-y.pdf","https://doi.org/10.1057/s41599-025-05109-y","Corporations are under increasing pressure to adapt their strategies to mitigate the adverse effects of climate risk. This study explores the theoretical and empirical relationship between climate risk and corporate collaborative innovation, highlighting the mechanisms involved. Theoretical analysis suggests that climate risk, by intensifying stranded assets and cross-risks, acts as a compensatory driver for collaborative innovation among corporations. Digital transformation strengthens this compensatory mechanism, while corporate risk-taking diminishes its impact. Empirical analysis using data from Chinese A-share listed companies supports the theoretical framework, revealing that climate risk compels companies to “band together” for technological advancement to manage external challenges. The mediating effect of digital transformation enhances the flow of innovation elements among firms, bolstering collaborative innovation, whereas risk-taking weakens this effect. This paper deepens the understanding of how climate risk shapes corporate strategy. It provides practical insights for corporate strategists seeking collaborative responses to environmental volatility and supports policymakers in designing sustainability-oriented policies.","""trade policy uncertainty"" ""cash holdings"" DiD","https://openalex.org/W4410878726","article"
"Can antitrust policy promote enterprise innovation? Evidence from Zhongguancun science and Technology Park","Wenna Wang; Beibei Hu; Jiejiao Liu; Zhen Yang","2024","Heliyon","5","True","https://doi.org/10.1016/j.heliyon.2024.e30341","https://doi.org/10.1016/j.heliyon.2024.e30341","Emerging countries usually rely on the innovation of enterprises within the regional innovation ecosystem to enhance the national innovation level. However, existing literature lacks insight into how antitrust policies might influence innovation within them. We estimate the impact of the implementation of the Anti-Monopoly Law on enterprise innovation within Zhongguancun Science and Technology Park, China's prominentregional innovation ecosystem. Using a cross-industry difference-in-difference design, we show that greater exposure to competition shock materially boosted enterprise innovation. Antitrust policy promotes enterprise innovation by increasing the R&D investment, human capital, and export. The promotion effect of antitrust is relatively strong in the sample of electronic information industry, firms with low levels of financing constraints, and those that undertake open innovation. Our findings elucidate the nexus between competition and innovation in regional innovation ecosystems and underscore the pivotal role of antitrust policies in the development of Zhongguancun Science and Technology Park.","""trade policy uncertainty"" ""cash holdings"" DiD","https://openalex.org/W4395457435","article"
"Home or Away? Profit Shifting with Territorial Taxation","Li Liu; Dominika Langenmayr","2022","IMF Working Paper","4","True","https://www.elibrary.imf.org/downloadpdf/journals/001/2022/177/001.2022.issue-177-en.xml","https://doi.org/10.5089/9798400216992.001","In 2009, the United Kingdom abolished the taxation of profits earned abroad and introduced a territorial tax system. Under the territorial system, firms have strong incentives to shift profits abroad. Using a difference-in-differences research design, we show that the profitability of UK subsidiaries in low-tax countries increased after the reform compared to subsidiaries of non-UK multinationals in the same countries by an average of 2 percentage points. This increase in profit shifting also leads to increases in measured productivity of the foreign affiliates of UK multinationals of between 5 and 9 percent.","""Tax Cuts and Jobs Act"" ""cash holdings"" difference-in-differences","https://openalex.org/W4296633498","article"
"The Consequences of the 2017 US International Tax Reform: A Survey of the Evidence","Dhammika Dharmapala","2023","SSRN Electronic Journal","4","True","http://dx.doi.org/10.2139/ssrn.4659051","https://doi.org/10.2139/ssrn.4659051","","""Tax Cuts and Jobs Act"" ""cash holdings"" difference-in-differences","https://openalex.org/W4389583273","article"
"Where Have All the IPOs Gone? Trade Liberalization and the Changing Nature of U.S. Public Corporations","Thomas P. Griffin","2023","Journal of Financial and Quantitative Analysis","4","True","https://www.cambridge.org/core/services/aop-cambridge-core/content/view/47A4A9BA454CE2A04180A31926EB5FF7/S0022109023001424a.pdf/div-class-title-where-have-all-the-ipos-gone-trade-liberalization-and-the-changing-nature-of-u-s-public-corporations-div.pdf","https://doi.org/10.1017/s0022109023001424","Abstract I show that a tariff policy change that increased trade with China led to a decline in U.S. public listing rates and elevated industry concentration. Consistent with heterogeneous firm models of trade, the shock impeded the entry and performance of small domestic manufacturers but did not adversely impact large multinationals. In addition, stock price reactions to the tariff policy change and threat of reversal imply that trade liberalization creates or destroys value depending on firm size. These findings suggest that recent trends in the U.S. public equity market are driven, in part, by fundamental changes in the global competitive landscape.","trump tariff ""cash holdings"" firm","https://openalex.org/W4389565571","article"
"PEER EFFECT OF CORPORATE R&amp;D INNOVATION FROM THE PERSPECTIVE OF UNCERTAINTY","Dayong Liu; Yunpeng Cai","2023","Journal of Business Economics and Management","4","True","https://journals.vilniustech.lt/index.php/JBEM/article/download/19047/11738","https://doi.org/10.3846/jbem.2023.19047","Based on external uncertainty environment and R&amp;D innovation wave background, this paper explores the impact of information noise caused by economic policy uncertainty and the peer effect on corporate R&amp;D innovation activities, using the multiple regression method and the quarterly data of listed Chinese companies from 2010 to 2020, the influencing mechanism and boundary condition of economic policy uncertainty on the peer effect of corporate R&amp;D were analyzed. Results show that there is a significant peer effect at the industry level in the R&amp;D innovation behavior of corporates, with said effect and the uncertainty of economic policies both significantly stimulate the R&amp;D innovation activities of corporates. The imitation learning path of peer effect is obviously targeted, and corporates in the same industry prioritize corporates with comparative advantages in the industry. Economic policy uncertainty and peer effect also present a certain selection effect on corporate R&amp;D innovation, possibly further enabling corporates with better operating conditions to gain greater market share and gradually eliminate corporates with low R&amp;D innovation ability. The conclusions help decision makers use the peer effect to implement incentive policies and optimize management.","""trade policy uncertainty"" ""cash holdings"" DiD","https://openalex.org/W4380051249","article"
"Political uncertainty and investments by private and state‐owned enterprises","Neeru Chaudhry; Chris Veld","2023","International Review of Finance","3","True","https://onlinelibrary.wiley.com/doi/pdfdirect/10.1111/irfi.12410","https://doi.org/10.1111/irfi.12410","Abstract We study corporate investments around national elections in India. Investment rates drop by a nonsignificant 2.2% for state‐owned enterprises (SOEs) in election years. The decrease is significantly larger for private firms, which record an investment drop of 7.4%. The decrease in investment for private firms is likely attributable to political uncertainty. SOEs balance political uncertainty with the desire to woo voters who want government investments. Investments in election years are perceived positively for both private firms and for SOEs. Increased investment by SOEs and reduction in investment by private firms during election years are associated with improved investment efficiency.","trump election ""corporate cash"" precautionary","https://openalex.org/W4320716340","article"
"The SEC and Climate Risk","Lisa Benjamin","2022","UCLA Journal of Environmental Law and Policy","3","True","https://escholarship.org/content/qt8vd7x1k3/qt8vd7x1k3.pdf?t=rd651c","https://doi.org/10.5070/l540157648","The time has never been better for the Securities and Exchange Commision (SEC) to regulate climate change disclosures; however, the agency has a poor track record in mandating climate and other specialized disclosures from public corporations. Its 2010 guidance on climate-related disclosures was sparsely enforced. Its 2012 conflict materials rule was partially invalidated by the courts, and in 2019 and 2020, the agency failed to include climate disclosures when modernizing rules and guidelines on corporate disclosures. These past failures were due to agency intertia, which was facilitated by a combination of a lack of political feasibility, strong business resistance to specialized disclosures (despite investor enthusiasm), and rising judicial hostility to the SEC. These past failures should not dictate agency approaches to climate disclosures moving forward. Regulating climate change is high on the agenda of the Biden Administration. Investors are demanding that public corporations be more transparent about climate-related risks. The SEC is starting to act, issuing a call for public input on climate-related disclosures and enhancing its focus on climate-related disclosure in public company filings. These political, investor, and agency shifts are primarily due to the rising awareness of the potential systemic nature of the risks of climate change to financial systems, both in the U.S. and internationally. This article assesses the policy feasibility of climate-related disclosure rules. It argues that past SEC failures can and should inform SEC rulemaking on climate change disclosures moving forward. Regulating climate disclosures benefits not only investors and capital markets, but also companies, due to the systemic nature of climate risk. This article argues that robust cost-benefit analysts and industry-specific, flexible but firm regulatory approaches will improve policy feasibility.","trump 2016 ""corporate liquidity""","https://openalex.org/W4282963910","article"
"Impact of US Trade with China on Shareholders’ Wealth: Insights from Shipment Data in the COVID-19 Era","Mucahit Kochan; Cigdem Gonul Kochan","2024","Economies","3","True","https://www.mdpi.com/2227-7099/12/3/67/pdf?version=1710247878","https://doi.org/10.3390/economies12030067","This study analyzes the impact of Chinese shipment volumes measured in TEUs on US stock performance in the initial stages of the COVID-19 outbreak. The analysis indicates that, initially, US stocks were negatively affected irrespective of firms’ trade engagements with China; however, as the global pandemic unfolded, companies with elevated imports from China exhibited more pronounced abnormal returns. The findings further reveal an increased influence of debt level and cash holdings on stock performance as the crisis intensified in Europe and the USA. These results highlight the evolving nature of global trade dynamics and their implications for financial markets amid global crises. Furthermore, this study provides valuable insights into the resilience of global supply chains during crises like the COVID-19 pandemic. The observed pattern, where companies with greater import volumes from China experienced better stock returns, underscores the importance of adaptable supply chains during disruptions.","trump 2016 ""corporate liquidity""","https://openalex.org/W4392716089","article"
"Does local economic freedom matter for the cost of corporate borrowing from the banking sector? Evidence from the US states","Thanh Cong Nguyen; Theodora Bermpei; Antonios Nikolaos Kalyvas","2025","The Journal of Financial Research","3","True","https://onlinelibrary.wiley.com/doi/pdfdirect/10.1111/jfir.12468","https://doi.org/10.1111/jfir.12468","Abstract Using data on large loans to US firms, we show that higher economic freedom in borrowers' headquarters states reduces the cost of bank credit. A one standard deviation increase in economic freedom lowers loan spreads by 12.38 basis points ($1.5 million interest savings for the average loan). We also provide evidence supporting the economic mechanism by which lenders view economic freedom as enhancing borrowers' ability to capitalize on investment and growth opportunities. The main drivers of this effect are freedom from government spending and taxation, while labor market freedom particularly benefits smaller firms and those in high economic growth potential states. Furthermore, higher economic freedom is linked to longer loan maturities, reduced fees, and looser general covenants.","""Tax Cuts and Jobs Act"" ""cash holdings"" difference-in-differences","https://openalex.org/W4410344711","article"
"The consequences of the 2017 US international tax reform: a survey of the evidence","Dhammika Dharmapala","2024","International Tax and Public Finance","3","True","https://link.springer.com/content/pdf/10.1007/s10797-023-09823-8.pdf","https://doi.org/10.1007/s10797-023-09823-8","Abstract The 2017 US tax legislation—widely referred to as the Tax Cut and Jobs Act (TCJA)—fundamentally transformed the US system of international taxation. It ostensibly ended worldwide taxation but introduced, for instance, a new tax on “Global Intangible Low-Taxed Income”. This paper surveys the emerging empirical literature on the impact of the TCJA’s international provisions. It documents five robust findings in this empirical literature. First, the TCJA led to a general decline in US MNCs’ foreign acquisitions. Second, the TCJA increased US MNCs’ investment in routine foreign tangible assets. Third, the reform did not lead to any change in profit shifting by US MNCs beyond the magnitude that would be expected based on the TCJA’s tax rate reduction. Fourth, The TCJA appears to have reduced the market value of US MNCs relative to domestic US firms. Fifth, the TCJA does not appear to have had any detectable impact on domestic US investment and wages (although there are some contrary results for capital expenditures). The welfare implications of these findings depend crucially on whether US MNCs’ are viewed as having engaged in too much or too little foreign activity prior to the TCJA. This depends on the choice of theoretical framework and the relevant normative benchmark, and cannot readily be resolved empirically.","""Tax Cuts and Jobs Act"" ""cash holdings"" difference-in-differences","https://openalex.org/W4391511974","article"
"Economic Policy Uncertainty: Are There Regional and Country Correlation?","Peterson K Ozili","2021","SSRN Electronic Journal","3","True","https://doi.org/10.2139/ssrn.3768950","https://doi.org/10.2139/ssrn.3768950","","""presidential election"" ""corporate cash holdings"" DiD","https://openalex.org/W3185024241","article"
"December Fever in Public Finance","Vera Z. Eichenauer","2020","Repository for Publications and Research Data (ETH Zurich)","3","True","http://hdl.handle.net/20.500.11850/393827","https://doi.org/10.3929/ethz-b-000393827","Public spending often increases at the end of fiscal years. This is undesirable because&#13;\nlate spending tends to be inefficient. The causes for these spending spikes are&#13;\nhowever poorly understood. This paper offers a novel identification strategy that&#13;\nrelies on the historic variation in countries’ fiscal years to analyze their effect on&#13;\ngovernment disbursements. We show that the end of fiscal years rather than alternative&#13;\nexplanations cause spending spikes at the end of fiscal years. Our accounting&#13;\ndata includes discretionary contributions of 27 OECD countries to the World Bank&#13;\nfrom 2002 to 2013 at the daily level. As suggested by the principal-agent theory,&#13;\nwe find that the end of year effect is smaller in countries with high administrative&#13;\nquality. We analyze the pertinent budget institutions as possible mechanism.&#13;\nFor the first time, we can show that unexpected positive demand shocks decrease&#13;\nyear-end spending, a common assumption in the literature. Finally, we revisit the&#13;\ncomplementary explanations for year-end effects in public spending.","""2016 election"" firm ""cash"" precautionary saving","https://openalex.org/W2784775730","article"
"Ethics in Finance, Public Policies, and Institutions: The Latest Financial and Social Crises","Ioannis N. Kallianiotis; Arthur Kania; Joe Biden; Janet Yellen; See; See","2021","International Journal of Managerial Studies and Research","3","True","https://doi.org/10.20431/2349-0349.0901003","https://doi.org/10.20431/2349-0349.0901003","Financial markets and institutions have given to us, especially after the year 2000, countless scandals and news stories about financial professionals, central bankers, rating firms, governmental agencies, politicians, and others, who have defrauded investors, employers, peers, citizens, and the entire economy and have caused financial crises, recessions, and even economic and social destructions and chaos.There is no doubt that greed (ἀπιεζηία), 1 fear, pride, selfishness, inefficiencies, waste, abuse of power, fraud, due to lack of regulations, are all powerful emotions and actions for our contemporary secular world.But sometimes unethical behavior boils down to a lack of morality and ethical education on basic principles of financial standards and behavior towards the fellow man and for social responsibility.According to Engyclopedia, -Ethics 2 in general is concerned with human behavior that is acceptable or ""right"" and that is not acceptable or ""wrong"" based on conventional morality.General ethical norms 1 Greediness (ἀπιεζηία) is the basic cause of immorality, corruption, depravity, and all the sins of humans.See, Euthymios (1996, p. 40). 2 Ethics or moral philosophy (the Ancient Greek philosophers where moral philosophers, ἠζηθνί θηιόζνθνη) is a branch of philosophy that -involves systematizing, defending, and recommending concepts of right and wrong behavior‖.Also, it was enriched with the reviled TRUTH and reached the value system that the advanced cultures have the last 15 centuries, since the Justinian Code of Law.The field of ethics, along with aesthetics, concerns matters of value and virtues, and thus comprises the branch of philosophy called axiology (ἀμηνινγία), the philosophical study of value.Between the 5th and 6th centuries B.C., it was important in Greece to be knowledgeable, if you were to be successful.Philosophers began to recognize that differences existed between the laws and morality of society.Socrates (Σσθξάηεο; c. 470 -399 B.C.) believed that knowledge had a vital connection to virtue, making morality and democracy closely intertwined.Socrates' student, Plato (Πιάησλ; 428/427 or 424/423 -348/347 B.C.) furthered the belief by establishing virtues, which should be followed by all.With the fall of the government, values became individual, causing skeptic schools of thought to flourish, ultimately shaping a pagan philosophy that is thought to have influenced and shaped Christianity.Thus, Ethics seeks to resolve questions of human morality by defining concepts such as good and evil, right and wrong, Abstract: In this work are discussed some ethical issues regarding the financial market, the institutions, and the latest public policies.Morality and ethics are very important for a society and a nation and reveal the wellbeing of its structure, its business, its institutions, its policies, its government, its education, and its value system.All these foreshadow the future of the nation.In a country where ethics have been abandoned, we can easily predict its future.It has no future.The government has to impose regulations, laws and order, to keep the entire society at an advanced ethical level, after all this knowledge of thousands of years of history, civilization, experience, and revelation.Public policy (monetary and fiscal), institutions, organizations, and agencies must be headed based on ethical, fair, and moral foundations.The latest two financial, economic, and social crises, especially, the last one, the unethical coronavirus pandemic, the lockdowns, the election irregularities, could have been avoided or curtailed if the responsible generators of these crises were ethical and respectful towards the other people, other nations, and to our democratic system.","""2016 election"" firm ""cash"" precautionary saving","https://openalex.org/W4246397348","article"
"Corporate Inventory Adjustment and the Effectiveness of Fiscal Policy in China","Youyi Wang; Hao Wu","2021","Journal of Management World","2","True","https://managementworld.online/index.php/mw/article/download/162/160","https://doi.org/10.53935/jomw.v2021i3.162","For many years, China has been very much conservative in fiscal expansion. In this paper, we analyze the impact of economic policy uncertainty on the adjustment of corporate inventory holdings, as well as its intrinsic mechanism and economic consequences. The empirical results show that the increase in policy uncertainty has a significant and negative effect on the level of corporate inventories, and non-SOEs are affected more than SOEs. In addition, we find that the larger the financial constraints or the better the external governance, the greater the inhibitory effect of policy uncertain on inventory investment. In summary, policy uncertainty may lead to an increase in corporate cash holdings and a reduction in inventories through the deterioration of the financing environment and the increase of business risk. The main issues are examined with a view to providing policy recommendations that would allow to maintain robust growth in a sustainable manner","trump election ""corporate cash"" precautionary","https://openalex.org/W4391734253","article"
"FinTech Credit and Entrepreneurial Growth","Harald Hau; Yi Huang; CHEN LIN; Hongzhe Shan; Zixia Sheng; LAI WEI","2024","The Journal of Finance","2","True","https://onlinelibrary.wiley.com/doi/pdfdirect/10.1111/jofi.13384","https://doi.org/10.1111/jofi.13384","ABSTRACT Based on automated credit lines to vendors trading on Alibaba's online retail platform and a discontinuity in the credit decision algorithm, we document that a vendor's access to FinTech credit boosts its sales growth, transaction growth, and the level of customer satisfaction gauged by product, service, and consignment ratings. These effects are more pronounced for vendors characterized by greater information asymmetry about their credit risk and less collateral, which reveals the information advantage of FinTech credit over traditional credit technology.","trump 2016 ""corporate liquidity""","https://openalex.org/W3195112487","article"
"Opportunity in Ohio: Rethinking Northeast Ohio's Opportunity Zones with Local Legislation","Patrick J. Lipaj","2020","EngagedScholarship @ Cleveland State University (Cleveland State University)","2","True","https://engagedscholarship.csuohio.edu/clevstlrev/vol68/iss4/7","","Welcome to Census Tract 1186.02! Here, in a small sliver of Cleveland’s Glenville neighborhood, tucked between Superior and Hough Avenues, you will uncover a lot. You will discover a rich history of the city’s ethnic and cultural roots. You will also find gang violence, underperforming schools, a median household income of $9,526, and a poverty rate of 66.5 percent. Something you will not find in 1186.02 is investment. Private or public, money is not flowing in to 1186.02 and it has not for a long time. The substantial toll of continuous underinvestment on the residents of this neighborhood, one of Cleveland’s poorest, is palpable and the need for relief is clear. This relief recently became possible when 1186.02 was designated as a Qualified Opportunity Zone by the U.S. Treasury Department. This designation, made available through the Tax Cuts and Jobs Act of 2017, could be a watershed moment for Glenville. By providing significant federal tax benefits to investors, Congress hopes to encourage a massive inflow of investment into low-income communities, like Glenville, that have long suffered from perennial underinvestment. Unfortunately, the hope of relief for Tract 1186.02 and its residents will likely be short-lived. Because the federal Opportunity Zone provision was written too broadly, it not only permitted too many designations, but it also allowed for the designation of numerous not-so-poor neighborhoods. In other words, the law pits communities that need the investment most—like Glenville—against neighborhoods that are much better-off—like Cleveland’s downtown core and trendy Tremont neighborhood. For context, there are tracts in the city’s downtown core and Tremont neighborhood that were designated with median household incomes that septuple (i.e. seven times as much) those in 1186.02. The odds that areas like Glenville can outcompete such better-situated areas for private investment dollars are slim-to-none. As a result, the residents of 1186.02 will be left behind again. But it does not have to be this way. It is not too late for the City of Cleveland and Cuyahoga County to take advantage of the many positive aspects of the Opportunity Zone provision, while ensuring that those benefits are directed towards their most-in-need neighborhoods. By enacting local legislation that targets these underdog tracts for additional services and public investment, this Note argues Cleveland and Cuyahoga County can level the playing field and provide neighborhoods like Glenville and tracts like 1186.02 with the competitive advantages they need to rediscover their potential.","""Tax Cuts and Jobs Act"" ""cash holdings"" difference-in-differences","https://openalex.org/W3032457633","article"
"Permanent and temporary tax avoidance as a source of financing: How to succeed where the American Jobs Creation Act of 2004 failed","Stephen Campbell","2018","MADOC (University of Mannheim)","2","True","https://escholarship.org/uc/item/00z3p847","","The repatriation tax holiday enacted by the American Jobs Creation Act of 2004 mandated that the proceeds be used for investment. However, the academic literature has found this mandate to be ineffective (Blouin and Krull, 2009). In this paper, I examine the determinants of using tax savings for investment purposes. Using the cash flow statement identity, I estimate how firms allocate permanent tax savings, temporary tax savings, and their other operating cash flows among the following uses: investment, holding as cash, or reducing debt or equity. I find that temporary tax savings are used for investment to a greater extent than permanent tax savings or cash flow from operations, and that investment levels are partially sticky after temporary savings reverse. I also find that financially constrained firms and domestic firms invest a larger portion of their tax savings than fully invested firms or multinational firms. Finally, I show that tax savings from accelerated tax depreciation are invested at a greater rate than savings from the AJCA repatriation tax holiday. My results suggest that policymakers interested in ensuring tax savings are invested should offer temporary tax savings to domestic, financially constrained firms.","""Tax Cuts and Jobs Act"" ""cash holdings"" difference-in-differences","https://openalex.org/W2886534444","article"
"The impact of national comprehensive medical reform on residents' medical expenses: Evidence from China","Changfei Nie; Yuan Feng","2023","Frontiers in Public Health","2","True","https://www.frontiersin.org/articles/10.3389/fpubh.2022.1038543/pdf","https://doi.org/10.3389/fpubh.2022.1038543","Residents' high medical expenses is the core challenge that needs to be solved urgently in China's medical reform for a long time. Based on the panel data of 30 provinces in Chinese Mainland during 2011-2019, we evaluate the impact of China's national comprehensive medical reform pilot policy on residents' medical expenses by using the difference-in-differences model. The results show that the pilot policy was generally conducive to reducing residents' medical expenses, resulting in a reduction of 2.13% in per capita medical expenses for inpatients, but the effect on per capita medical expenses for outpatients was insignificant. Mechanism analysis shows that hospital competition and institutional environment played a moderating role in the effect of the pilot policy on residents' medical expenses reduction. The more intense the hospital competition and the better the institutional environment, the more significant of the reduction effect. In addition, the reduction effect of the pilot policy was greater in the central provinces, the provinces with poor medical infrastructure, and the provinces with strong financial strength. This study provides useful policy insights for deepening medical reform and reducing residents' medical expenses.","""Tax Cuts and Jobs Act"" ""cash holdings"" difference-in-differences","https://openalex.org/W4313562147","article"
"Economic Policies and Balance of Payments Across Global Income Groups","Ayesha Iqbal; Min Bai; Abhishek Mukherjee","2025","Journal of Economic Analysis","2","True","https://www.anserpress.org/journal/jea/4/2/104/pdf","https://doi.org/10.58567/jea04020007","This research paper investigates the policy impact of tariff, interest rate, and political stability on balance of payments among three income groups classified by the World Bank. The global panel data is taken from the World Bank from 2002 to 2022 and divided into three groups based on the classification on per capita income into High Income, Upper middle income, and Lower middle-income countries. This study explores how these variables impact balance of payments in different economic conditions and if their impact is different. The study employed in this paper is the Panel Least Squares, Fixed Effects Regression, GMM and Dumitrescu panel granger causality tests. The findings do confirm that these variables indeed have unlike impacts in the selected groups and the importance of tariff and interest rate as a policy tool cannot be sidelined. This research contributes to a deeper understanding of the complex relationship between macroeconomic variables within each income group also highlighting the importance of political stability for economic outlook.","trump tariff ""cash holdings"" firm","https://openalex.org/W4407820416","article"
"The Domestic Political Economy of Japan's New Geoeconomic Strategy","Hiroki Takeuchi; Keely McNeme","2023","Journal of East Asian Studies","2","True","https://www.cambridge.org/core/services/aop-cambridge-core/content/view/4D361760AAF6DB00FAD8507E0FBBCC30/S1598240822000327a.pdf/div-class-title-the-domestic-political-economy-of-japan-s-new-geoeconomic-strategy-div.pdf","https://doi.org/10.1017/jea.2022.32","Abstract Japan has long strived to acquire a more influential voice in trade negotiations but failed because of the lack of decisiveness rooted in the resistance from those who have vested interests. However, a series of domestic reforms undertaken since the 1990s have made it possible for Japan to play a leadership role in the new rulemaking of international trade. After the Trump administration withdrew the United States from the Trans-Pacific Partnership, Japan took the initiative to conclude a new agreement called the Comprehensive and Progressive Agreement for Trans-Pacific Partnership. How have domestic factors pushed Japan to step up as a new leader in the rulemaking of international trade? How have the economic rise of China and the relative decline of US hegemonic power impacted Japanese domestic politics and economics? What implications do Japan's new roles have for the security and prosperity of the Asia-Pacific region? By exploring empirical evidence drawn from five new books, we argue that the commitment to domestic economic reforms has enabled Japan to play a leadership role in the rulemaking of the international economic order.","trump tariff ""cash holdings"" firm","https://openalex.org/W4321230531","article"
"Biotech financing: divide and reset","Melanie Senior","2025","Nature Biotechnology","2","True","https://www.nature.com/articles/s41587-025-02723-8.pdf","https://doi.org/10.1038/s41587-025-02723-8","","trump tariff ""cash holdings"" firm","https://openalex.org/W4411339632","article"
"Uncertainty, precautionary saving, and investment: Evidence from prescheduled election cycles","Candace Jens; T. Beau Page","2024","Financial Management","2","True","https://onlinelibrary.wiley.com/doi/pdfdirect/10.1111/fima.12457","https://doi.org/10.1111/fima.12457","Abstract We show empirically that firms increase cash holdings starting as early as one year before prescheduled (i.e., predictable) elections. Then, for four quarters around elections when uncertainty and external financing costs are high, firms decrease investment and draw down saved cash balances to avoid tapping external financing. We use a dynamic model of firm investment and saving to demonstrate the importance of anticipation of future financing costs to firms' pre‐election precautionary saving behavior. Theoretically, if election uncertainty were only to affect potential investment, lower firm investment would result in higher contemporaneous cash balances, which is inconsistent with our empirical results.","""election uncertainty"" ""cash holdings"" precautionary firm","https://openalex.org/W4398143292","article"
"Assessing the impact of China's trade policy uncertainty on the dry bulk shipping freight rates","Dimitris Georgoulas; Stratos Papadimitriou","2025","Pomorstvo","2","True","https://hrcak.srce.hr/file/485812","https://doi.org/10.31217/p.39.2.3","The impetus for our research lies in the multifaceted and pivotal role of China in the dry bulk market, encompassing its positions as a leading global exporter, a dominant shipbuilder, and a major shipowner. However, the effects of uncertainty arising from trade policy and particularly Chinese trade policy (CTPU) on the dynamics of the dry bulk market have remained unexplored by empirical studies. This study addresses this gap by analyzing the impact of CTPU on the Baltic Dry Index (BDI),a key indicator of international trade and the global economy.Performing the Granger causality test and the impulse response function, we demonstrate a decline in sea-transportation demand and cost in the dry bulk market due to a spike in CTPU, yielding results consistent with option theory. This effect is observed across all BDI sub-indices and lasts approximately one year, by the end of which the markets fully recover. By developing artificial neural networks, we effectively avoid in-sample bias and underscore the out-of-sample predictability ofCTPU on BDI, establishing it as a key determinant of the latter. Based on our findings, we propose strategies for various maritime stakeholders and supply chain managers to maximize profitability and enhance operational efficiency in transportation.","""trade policy uncertainty"" ""cash holdings"" DiD","https://openalex.org/W4414556794","article"
"Corporate Tax System Complexity and Investment Sensitivity to Tax Policy Changes","Harald Amberger; John Gallemore; Jaron H. Wilde","2026","Journal of Accounting Research","2","True","https://onlinelibrary.wiley.com/doi/pdfdirect/10.1111/1475-679x.70040","https://doi.org/10.1111/1475-679x.70040","ABSTRACT Effective policymakers must balance the demands of formulating a corporate tax system that raises revenue and spurs economic activity (e.g., investment) while promoting a “level playing field” across firms. Balancing these tradeoffs has likely caused tax systems to become more complex over time, increasing firms’ difficulty in understanding and complying with tax regulations. We investigate the impact of tax system complexity on the responsiveness of firm‐level investment to tax policy changes. Exploiting staggered tax rate changes and variation in tax system complexity across countries, we document two key findings. First, firm‐level investment is less sensitive to changes in the corporate tax rate when tax system complexity is higher, suggesting that such complexity can undermine the ability of tax policy to affect economic growth. Second, the impact of tax complexity on the sensitivity of investment to tax rate changes varies significantly across firms, with domestic‐owned, smaller, and private firms being more affected. These cross‐sectional disparities are consistent with tax system complexity potentially reducing tax system parity. Collectively, our findings suggest that corporate tax system complexity can negatively impact the ability of fiscal policy to affect investment and lead to heterogeneous tax policy responses across firms.","""trade policy uncertainty"" ""cash holdings"" DiD","https://openalex.org/W7125695529","article"
"The (Next) Big Short and the End of the Anthropocene","Michelle Pearl","2019","Utah law review","2","True","https://dc.law.utah.edu/cgi/viewcontent.cgi?article=1206&context=ulr","https://doi.org/10.63140/u77b5.kicp","It is incredibly difficult to imagine an event the likes of which humans have never seen before. That, in and of itself, renders the challenge to prepare for such an event even more difficult because there is no frame of reference pushing us to act. How do you prepare to avoid something which has never occurred in the history of human occupation? That is the challenge of climate change. I argue that the Subprime Mortgage Crisis and its aftermath parallel the Climate Crisis in critical ways that should inform our tactics. Of course, there are obvious critical differences as well. The Subprime Crisis was a predictive failure that involved the misallocation of risk and blindness to uncertainty. This Article examines the predictive failures of the Subprime Crisis by focusing on what makes probabilities more likely to be accurate and the circumstances in which some predictions blind us to the uncertainty of large-scale negative consequences. This Article employs the theory of the Black Swan and other critiques from Nassim Nicolas Taleb to explore the application of probability theory in the context of the Climate Crisis. At the same time, data and probabilities are insufficient to motivate both individuals and political entities to act. Even an accurate probabilistic assessment of global climate change risk is inadequate; the Climate Crisis demands a narrative that resonates with individuals at a local and emotional level. Narrative theory explains the difficulty experienced in implementing legal solutions to mitigate the Climate Crisis. This Article synthesizes the link between narrative power in creating human understanding and our propensity for making bad predictions through the human cognitive bias research of Daniel Kahneman and Amos Tversky. While policy-makers, scientists, and political representatives play important roles in trying to shape public opinion, recent empirical research supports the idea that lawyers—through litigation—are best equipped to immediately address the Climate Crisis.","""2016 election"" firm ""cash"" precautionary saving","https://openalex.org/W2954821266","article"
"The Inadmissible Social Cost of the Modern Monetary Policy and the Liberal Fiscal Policy","Ioannis N. Kallianiotis","2022","International Journal of Economics Business and Management Research","2","True","https://doi.org/10.51505/ijebmr.2022.6820","https://doi.org/10.51505/ijebmr.2022.6820","The objective of this paper is to determine the social cost of our modern public policies (monetary and fiscal). By using different policy rules, we test the effectiveness and efficiency of monetary policy. Then, we look at the cost and benefits of the liberal fiscal policy. The benefits, lately, are insignificant ant the reason is the ignorance of the policy makers. This modern (zero federal funds rate) monetary policy, the last twelve years, has an enormous social cost to taxpayers and depositors and also to the entire society, due to inflation (demand-side) that this unnecessary policy has caused to all of us. People have lost their wealth, their savings, their disposable income, their consumption, their investments, and their jobs. The liberal fiscal policy (to “save the environment”) has destroyed the energy production, oil, natural gas, coal and this reduction has increased the prices (supply-side inflation). They do not know what the true objective in life is and consequently, they cannot satisfy it, which is the maximization of the social welfare, the wellbeing in every sector in the lives of their citizens. What their liberal New World Order has caused to people, it is just uncertainty and an enormous unethical social cost, which is measured, here, and it is in trillion of dollars per annum.","""2016 election"" firm ""cash"" precautionary saving","https://openalex.org/W4295940740","article"
"Variability in the impacts of partisan conflict: a new perspective from bank credit","Xuan Hu; Kai Shi; Li Nie; Meng Yan","2022","Economic Research-Ekonomska Istraživanja","1","True","https://www.tandfonline.com/doi/pdf/10.1080/1331677X.2022.2093766?needAccess=true","https://doi.org/10.1080/1331677x.2022.2093766","The purpose of this article is to analyse the impact of partisan conflict on bank credit, and take the global financial crisis as the time node to analyse the variability of this impact before and after the financial crisis. This article examines the impacts of partisan conflict on the bank credit by employing the US data covering the past 40 years and captures the variability in the effects of partisan conflict based on the rolling sample and time-varying parameter VAR analysis. The full sample results reveal that one standard deviation partisan conflict shock will shrink the bank credit growth rate to nonfinancial sectors, and the negative effects of partisan conflict on bank credit are more substantial after the global financial crisis. The rolling sample and time-varying parameter VAR analysis further confirm that the impacts of partisan conflict shock have varied substantially over time, where bank credit still negatively reacts to the impacts of partisan conflict in recent periods. Additionally, we estimate two extended models and support the intermediate role of economic policy uncertainty in transmitting the partisan conflict and the substitution effect of cross-border bank lending on domestic bank credit. Finally, our major results are unchanged by performing a series of robustness checks. The conclusion of this article is that partisan conflict has a significant impact on bank credit and shows obvious variability, which is more significant after the global financial crisis.","trump election ""corporate cash"" precautionary","https://openalex.org/W4285005140","article"
"The Varying Impact of Cryptocurrency Investments on a Company’s Liquidity in Korean Companies","Namryoung Lee","2025","International Journal of Financial Studies","1","True","https://www.mdpi.com/2227-7072/13/1/20/pdf?version=1738650744","https://doi.org/10.3390/ijfs13010020","This study investigates whether cryptocurrency investments have a distinct impact on corporate liquidity depending on when they are held and the stage of a firm’s life cycle at the time of holding, using a sample of Korean companies. The empirical findings first show that cryptocurrency investments affect a company’s liquidity differently depending on when they are held. The findings demonstrate that, three years prior, labeled as t-1, t-2, and t-3, the two-year-old cryptocurrency investments appear to have greatly increased the company’s financial liquidity. Second, this study discovers that cryptocurrency investments have a different effect on a company’s liquidity based on the four stages of its life cycle, which comprise Introduction, Growth, Maturity, and Decline, at the time of holding. According to the findings, cryptocurrency investments at the Mature stage appear to contribute significantly and positively to the company’s financial liquidity. When the coefficients of interaction terms between each year and each life cycle are examined, it is observed that the holding of cryptocurrencies at the Mature stage in year t-2 has the most favorable influence on the company’s financial liquidity in year t. Although the findings do not conclude that the company’s cryptocurrencies held in year t-2 and at the Mature life cycle stage are the only ones that improve financial liquidity, they do suggest that a corporation may profit if it makes astute cryptocurrency investments at the appropriate time to suit its specific set of circumstances.","trump 2016 ""corporate liquidity""","https://openalex.org/W4407141698","article"
"The Effect of Foreign Dividend Exemption on Profit Repatriation through Dividends, Royalties, and Interest: Evidence from Japan","Makoto Hasegawa; Michi Kakebayashi","2023","SSRN Electronic Journal","1","True","https://doi.org/10.2139/ssrn.4454667","https://doi.org/10.2139/ssrn.4454667","","TCJA repatriation ""cash holdings"" DiD","https://openalex.org/W3109727965","article"
"Research on Impact of Macroeconomic Fluctuations on the Profitability of China’s Huawei","Yaozhong Zhang","2024","SHS Web of Conferences","1","True","https://www.shs-conferences.org/articles/shsconf/pdf/2024/28/shsconf_dsm2024_04001.pdf","https://doi.org/10.1051/shsconf/202420804001","This paper categorizes Huawei’s American suppliers into two types based on the proportion of revenue they derive from Huawei. The first type consists of US suppliers with a low dependency on Huawei and are less affected by the trade war and Huawei bans. The second type includes US suppliers with a high dependency on Huawei, where Huawei is a major customer, and a significant portion of their annual procurement amount constitutes a large share of their revenue. Any reduction or cessation of orders from Huawei drastically reduces these suppliers’ revenue, impacting their operational performance significantly. The paper then focuses on New Photonics, a US supplier with nearly half of its annual revenue from Huawei, to analyze the adverse effects of the US-China trade war on its performance. Firstly, after Huawei was listed on the Entity List, Huawei’s share dropped nearly 15%, and the company’s ability to collect payments from this major customer also deteriorated. Secondly, Huawei’s orders were ceased due to the US-China trade war. Subsequently, event studies revealed that US-China trade negotiations and the Entity List incident had positive and negative impacts on New Photonics’ market performance, respectively. Finally, the US-China trade war filled the Chinese market with uncertainties. The company’s ratio of revolving loans decreased significantly, which also impacted the company’s investment behavior and capital utilization efficiency. To cope with the US-China trade war, New Photonics adjusted its business strategies by enhancing product R&amp;D, strengthening cost control, and transforming financing methods.","trump tariff ""cash holdings"" firm","https://openalex.org/W4405334300","article"
"Climate Change Diplomacy and the Geopolitics of Energy Transition","Munham Shezad; Mahwish Bakht; Amir Nadeem","2025","Journal of Political Stability Archive","1","True","https://journalpsa.com.pk/index.php/JPSA/article/download/132/134","https://doi.org/10.63468/jpsa.3.2.20","Climate change diplomacy and the geopolitics of energy transition represent critical intersections of environmental policy and international relations. This paper examines how the shift from fossil fuels to renewable energy sources reshapes global power dynamics, emphasizing the role of diplomacy in addressing transboundary climate challenges. Key themes include competing national interests, historical dependencies on fossil fuels, and technological disparities in renewable energy access. The analysis highlights case studies of major players like the EU, U.S., China, and the Middle East, revealing divergent strategies and geopolitical tensions. Theoretical frameworks—realism, liberalism, and constructivism—provide insights into the motivations and barriers influencing international cooperation. Despite advancements in renewable technologies, challenges such as supply chain vulnerabilities, inequitable climate finance, and political resistance persist. The paper concludes with recommendations for inclusive diplomacy, resilient supply chains, and equitable technology transfer to ensure a just energy transition. Ultimately, reconciling geopolitical rivalries with planetary survival demands adaptive governance and collective action.","trump tariff ""cash holdings"" firm","https://openalex.org/W4409990688","article"
"Rủi ro chính sách thương mại của Mỹ và đầu tư hàng tồn kho của doanh nghiệp sản xuất Việt Nam","Hồng Võ Xuân; Minh Lê Quang; Trang Nguyễn Vũ Minh","2024","Tạp chí Kinh tế và Phát triển","1","True","https://js.ktpt.edu.vn/index.php/jed/article/download/1563/629","https://doi.org/10.33301/jed.vi.1563","Sử dụng phương pháp bình phương tối thiểu thông thường với tác động cố định và cụm theo doanh nghiệp cho số liệu từ 269 doanh nghiệp sản xuất trên sàn chứng khoán Hà Nội và Thành phố Hồ Chí Minh giai đoạn 2011-2020, bài báo tìm thấy tác động của rủi ro chính sách thương mại Mỹ đến đầu tư hàng tồn kho. Kết quả nghiên cứu cho thấy: (1) rủi ro chính sách thương mại của Mỹ giúp thúc đẩy đầu tư hàng tồn kho và (2) tác động thông qua ba kênh (phụ thuộc tài chính bên ngoài, mức độ cạnh tranh, và khó khăn tài chính). Với kết quả trên, bài báo hàm ý rủi ro chính sách thương mại mở ra cơ hội cho các doanh nghiệp trong nước nếu Chính phủ chủ động hỗ trợ vốn để doanh nghiệp kịp thời khai thác các cơ hội đến từ rủi ro chính sách thương mại.","trump tariff ""cash holdings"" firm","https://openalex.org/W4400869296","article"
"Who Is Manipulating Corporate Wallets Amid the Ever-Changing Circumstances? Digital Clues, Information Truths and Risk Mysteries","Cheng Tao; Roslan Ja’afar; Wan Mohd Hirwani Wan Hussain","2025","Journal of theoretical and applied electronic commerce research","1","True","https://www.mdpi.com/0718-1876/20/3/206/pdf?version=1754558683","https://doi.org/10.3390/jtaer20030206","Digital transformation (DT) has emerged as a key strategic lever for enhancing firm resilience and competitiveness, yet its influence on non-productive investment behaviors, such as corporate financial investment, remains underexplored. Existing studies have largely focused on DT’s role in innovation and operational efficiency, leaving a significant gap in understanding how DT reshapes firms’ financial asset allocation. Drawing on a unique panel dataset of A-share main board-listed firms in China from 2011 to 2023, this study provides novel empirical evidence that DT significantly restrains financial investment, with pronounced heterogeneity across ownership types. More importantly, this paper uncovers a multi-layered mechanism: DT enhances the corporate information environment, which subsequently reduces financial investment. In addition, the analysis reveals a moderated mediation mechanism wherein economic uncertainty dampens the information-enhancing effect of DT. Unlike previous research that treats corporate risk-taking as a parallel mediator, this study identifies a sequential mediation pathway, where improved information environments suppress financial investment indirectly by influencing firms’ risk-taking behavior. These findings offer new theoretical insights into the financial implications of DT and contribute to the broader understanding of enterprise behavior in the context of digitalization and economic volatility.","trump tariff ""cash holdings"" firm","https://openalex.org/W4413134258","article"
"Political Uncertainty and the Timing of Mass Layoffs","Varouj A. Aivazian; Tzu-Ting Chiu; Miguel Minutti-Meza; Dushyantkumar Vyas","2025","Production and Operations Management","1","True","https://doi.org/10.1177/10591478251331149","https://doi.org/10.1177/10591478251331149","This study examines the relation between political uncertainty arising from state-level election cycles and the timing of employee dismissal and plant closure notices filed by US firms under the Worker Adjustment and Retraining Notification (WARN) Act of 1988 (hereafter, WARN notices). We appeal to a real options framework to predict that firms delay layoff decisions and the issuance of WARN notices until the resolution of political uncertainty. Using establishment-level data on layoffs disclosed in WARN notices and state elections occurring between 1994 and 2022, we document that the likelihood of issuing WARN notices declines during the election quarter but increases in the subsequent quarter. Cross-sectional findings show that political uncertainty plays a significant role in the timing of WARN notices during election periods while other factors, including partisanship, economic conditions, union strength, and firm visibility, may also play a role. Further, firms that delay WARN notices do not experience a significant deterioration in their medium-term financial performance. Overall, our findings provide evidence that firms delay labor adjustment decisions and the announcements of such decisions in response to political uncertainty.","trump tariff ""cash holdings"" firm","https://openalex.org/W4409109860","article"
"The Consumption Response to Protectionism","Chen Lin; Hongyu Shan; 大 玉田","2024","SSRN Electronic Journal","1","True","https://doi.org/10.2139/ssrn.4790170","https://doi.org/10.2139/ssrn.4790170","","trump tariff ""cash holdings"" firm","https://openalex.org/W4404049962","article"
"Belirsizlik Ortamında İhracat ve Emtia Fiyatları İlişkisinin Değerlendirilmesi","Alper Yılmaz","2024","DergiPark (Istanbul University)","1","True","https://dergipark.org.tr/tr/pub/gumus/issue/90217/1494316","","In this article, the impact of commodity prices on export volume under uncertainty shocks has been examined for the period of 1990Q1-2022Q4. According to the findings, the Maki cointegration test with multiple breaks indicates that all variables are in a co-integration relationship. The cointegration coefficients suggest global uncertainties and commodity prices have a adverse impact on exports, and cause to fluctuations. But they have lasted nearly six querters according to impulse-response functions from the VAR model and than it disappeared. We also estimate Vector Error Correction model and the findings indicate that uncertainties and commodity prices have significant and negative effect on exports in the long run. We lastly proved that there is one-way causality, goes from uncertainty toward commodity prices and exports marktes in the long term according to Frequency Domain test. In this frame, we need to multidimensional and comprehensive policy measures to reduce uncertainty in the global markets.","trump tariff ""cash holdings"" firm","https://openalex.org/W4407009225","article"
"Trump's ""Big-League"" Tax Reform: Assessing the Impact of Corporate Tax Changes","Ryan Clements","2017","Michigan Business & Entrepreneurial Law Review","1","True","https://repository.law.umich.edu/cgi/viewcontent.cgi?article=1064&context=mbelr","https://doi.org/10.36639/mbelr.7.1.trumps","This Article reviews and assesses corporate tax reforms advocated by President Donald Trump during his presidential campaign and signed into law since taking office (the Tax Cuts and Jobs Act of 2017), in light of economic theory and the Modigliani-Miller Irrelevance Theorem. The Article argues that companies will adapt policies in light of new taxation measures, thereby impacting the effectiveness of reform. In support of this conclusion, the Article surveys two empirical studies—one in relation to the repatriation efforts of President Bush’s Homeland Investment Act and another in relation to unexpected changes to the taxation of Canadian income trusts—to highlight how reform measures can lead to unanticipated results. The Article then applies the principles of these studies, the general economic theories, and the Modigliani-Miller Irrelevance Theorem to cast uncertainty on the net effect of Trump’s tax reforms. Next, the Article reviews the constitutionality of a “border adjustment tax.” This tax was proposed during the election campaign, but was ultimately jettisoned in the final tax reform bill. Specifically, it analyzes whether such a policy is constitutional or whether it is an unconstitutional direct tax, not apportioned between the States that does not qualify as income under the Sixteenth Amendment. The Article shows that such a constitutional challenge is a difficult undertaking given the substantive arguments in favor of constitutionality, the rarity of judicial intervention in overturning tax laws, and the wide discretion of Congress to levy taxes on income. Finally, the Article concludes by considering the role of economic analysis on constitutional challenges to tax legislation and provides an overview of the arguments, both for and against, utilizing economic analysis in this regard. The conclusion includes a review of the various cases and defining principles (emphasizing the decisions of Judge Richard Posner) where economic analysis has been used in the statutory interpretation of tax laws.","trump tariff ""cash holdings"" firm","https://openalex.org/W2885553284","article"
"The Pacific Alliance Integration Process: A Systematic Literature Review","Antonella Alexandra Canovas Roque; Juan Carlos Daniel De Vinatea Murguía; Alexander David Perez Chamochumbi; Ricardo Alonso Quimper Roncagliolo; Ángela Isamar Tapia Ostos; Juan Carlos Jáuregui-Correa","2025","Economies","1","True","https://www.mdpi.com/2227-7099/13/9/255/pdf?version=1756830961","https://doi.org/10.3390/economies13090255","The Pacific Alliance has established itself as one of the most dynamic regional economic integration initiatives, standing out for its pragmatic and consensual approach to trade, capital and people liberalisation. However, between 2020 and 2025, the bloc faced both opportunities and challenges arising from the international situation, including global tensions, internal political crises and the need for technological adaptation. Against this backdrop, this study aims to conduct a systematic review of the scientific literature published between 2020 and 2025 on the Pacific Alliance, identifying the predominant theoretical approaches and the main findings on the integration process. This systematic review followed the PRISMA methodology, which contributed fundamentally to this research by providing a structured, transparent and rigorous framework for a deeper and more informed understanding of the integration process. The results show that, despite some progress, structural limitations persist, such as asymmetries between countries, institutional obstacles and superficial integration in economic and social aspects, as well as fragmentation in academic production and little incorporation of geopolitical perspectives. This study contributes to a critical understanding of the current state and future challenges of the Pacific Alliance, offering inputs for the formulation of public policies and future research in the field of Latin American integration.","trump tariff ""cash holdings"" firm","https://openalex.org/W4413958200","article"
"Gelişmekte Olan Ülkeler Perspektifinden Politik Riskin Pay Senedi Piyasalarına Yansımalarına Yönelik Ekonometrik Kanıtlar","Kenan İlarslan","2025","TESAM Akademi Dergisi","1","True","https://dergipark.org.tr/tr/download/article-file/3670747","https://doi.org/10.30626/tesamakademi.1422381","Sabit sermaye yatırımları ve/veya portföy yatırımları olarak hareket eden uluslararası sermaye akımları için yatırımın değerlendirildiği ülkenin siyasi ortamının ve alt unsurlarının istikrarı yatırım kararı için önemli bir faktördür. Siyasi kaos, terörizm, iç savaş, yolsuzluk, rüşvet ve kurumsal yönetişim eksikliği gibi çok sayıda politik risk unsurunun az gelişmiş ve/veya gelişmekte olan ülkelerde yoğun biçimde yaşanıyor olması beraberinde ekonomik ve finansal istikrarsızlığı da getirmektedir. Bu bağlamda çalışmanın amacı gelişmekte olan ülkeler perspektifinden politik istikrarın pay senedi piyasası üzerindeki etkilerine yönelik ampirik kanıtlara ulaşmaktır. 1996-2021 dönemini kapsayan çalışmada eş anlı panel kantil regresyon analizi ve iki aşamalı dinamik panel veri regresyon yöntemi çerçevesinde analizler yapılmıştır. Çalışmadan elde edilen ana sonuca göre politik istikrarın gelişmekte olan ülkelerde pay senedi piyasasını negatif yönde etkilemesi söz konusudur. Bu sonuç gelişmekte olan ülkelerde borsa yatırımcılarının risk-getiri dengesi (risk-return tradeoff) prensibi ile hareket ettikleri şeklinde açıklanabilir.","""presidential election"" ""corporate cash holdings"" DiD","https://openalex.org/W4407805973","article"
"Uncertainty about Economic Policy and Decisions to Engage in Real Earnings Management: Evidence from Indonesia’s Capital Market","Yeni Januarsi; H. E. R. Taufik; Akhmadi Akhmadi","2025","Journal of Indonesian Economy and Business","1","True","https://jurnal.ugm.ac.id/v3/jieb/article/download/10194/5775","https://doi.org/10.22146/jieb.v40i2.10194","Introduction/Main Objectives: This study examines whether economic policy uncertainty (EPU) influences managers’ choice to engage in real earnings management (EM) in the Indonesian capital market. Background Problems: As a major driver of aggregate economic growth and business cycles, EPU may induce information asymmetry, affect the quality of financial reporting, and raise concerns about how macroeconomic conditions may impact how managers behave in managing reported accounting numbers. Novelty: This study explains how the lean against the wind theory and the lean with the wind theory affect real EM behavior in emerging markets. In addition, this study considers the endogeneity problem, which has frequently been overlooked in similar studies, and provides a robust analysis utilizing a variety of tests to validate the proposed hypothesis. Research Methods: This study investigates 1,800 firm-year observations represented by 200 Indonesian publicly listed firms from all industries that have data available, except the banking and financial industries, from 2012 to 2020.The researchers employ time-series cross-sections, pooled ordinary least squares (OLS),and robust standard errors clustered by years. Finding/Results: EPU causes managers to engage in more real EM. This result holds for a series of robustness tests, including testing by using a presidential election for alternative measurements for EPU. From additional analysis, this study reveals that the effect of EPU on real EM is more significant for more profitable firms. Conclusion: This study supports the lean against the wind theory for emerging markets. This evidence implies that EPU conditions induce managers to engage in more real earnings management in emerging market firms, and the uncertain environment can reduce the quality of financial information .","""presidential election"" ""corporate cash holdings"" DiD","https://openalex.org/W4410835237","article"
"Trade Uncertainty and U.S. Bank Lending","Ricardo Correa; Julian di Giovanni; Linda S. Goldberg; Camelia Minoiu","2023","International Finance Discussion Paper","1","True","https://www.federalreserve.gov/econres/ifdp/files/ifdp1383.pdf","https://doi.org/10.17016/ifdp.2023.1383","This paper uses U.S. loan-level credit register data and the 2018–2019 Trade War to test for the effects of international trade uncertainty on domestic credit supply. We exploit cross-sectional heterogeneity in banks’ ex-ante exposure to trade uncertainty and find that an increase in trade uncertainty is associated with a contraction in bank lending to all firms irrespective of the uncertainty that the firms face. This baseline result holds for lending at the intensive and extensive margins. We document two channels underlying the estimated credit supply effect: a wait-and-see channel by which exposed banks assess their borrowers as riskier and reduce the maturity of their loans and a financial frictions channel by which exposed banks facing relatively higher balance sheet constraints contract lending more. The decline in credit supply has real effects: firms that borrow from more exposed banks experience lower debt growth and investment rates. These effects are stronger for firms that are more reliant on bank finance.","""trade policy uncertainty"" ""cash holdings"" DiD","https://openalex.org/W4389042502","article"
"Is the mispricing of bank earnings related to financial regulation uncertainty?","Tuan Ho; Edward Lee; Gerald J. Lobo; Zhenmei Zhu","2024","Journal of Accounting and Public Policy","1","True","https://research-information.bris.ac.uk/en/publications/ea8f9aec-8aa2-40ed-a164-e3f89d12b19e","https://doi.org/10.1016/j.jaccpubpol.2024.107180","","""trade policy uncertainty"" ""cash holdings"" DiD","https://openalex.org/W2966143529","article"
"The Likely Micro- and Macro-Economic Consequences of a Unilateral US Trade Policy","Robert Koopman","2025","World Trade Review","0","True","https://www.cambridge.org/core/services/aop-cambridge-core/content/view/7271451581670592D57CCF4B86840952/S1474745625101067a.pdf/div-class-title-the-likely-micro-and-macro-economic-consequences-of-a-unilateral-us-trade-policy-div.pdf","https://doi.org/10.1017/s1474745625101067","Abstract This paper examines the likely economic consequences of a unilateral US trade policy, particularly those involving across-the-board tariffs and retreat from multilateral commitments. Drawing on computable general equilibrium (CGE) models, dynamic macroeconomic frameworks, and a rich body of empirical literature, the paper demonstrates that the static efficiency losses, estimated by standard trade models, understate the true costs of protectionism. It identifies five key amplification channels – loss of economies of scale, supply chain fragility, diminished technological spillovers, investment hold-up under policy uncertainty, and financial market reactions – that interact to depress both short-run output and long-run growth potential. The analysis estimates that comprehensive unilateral trade measures could reduce US GDP by 2–3% in the short term and lower the long-term growth trajectory by 0.4–0.7 percentage points annually. While some strategic interventions may yield resilience or national security benefits, the paper concludes that unilateralism generates systemic economic risks and should be approached with caution. The findings underscore the need for integrated policy frameworks that combine targeted trade tools with domestic support and international cooperation.","trump 2016 ""corporate liquidity""","https://openalex.org/W4414146358","article"
"Three essays on financial economics","Gustavo Da Silva Cortes Goncalves","2019","IDEALS (University of Illinois Urbana-Champaign)","0","True","http://hdl.handle.net/2142/105153","","This dissertation contains three chapters that study topics on financial intermediation, corporate finance, and empirical asset pricing. Below are the individual abstracts.\n\nChapter 1: Credit Shock Propagation in Firm Networks: Evidence from Government Bank Credit Expansions\n\nWe study how bank credit shocks propagate through supplier-customer firm networks. We do so using administrative data that covers the near-universe of firm-to-firm transactions in Brazil around the debacle of Lehman Brothers. Using the counter-cyclical reaction of government-owned banks in Brazil after Lehman's failure as a policy experiment, we show that credit shocks originated in bank-firm relationships are transmitted throughout the network of suppliers and customers, with measurable consequences for firms' real outcomes and survival probability. A firm with direct and indirect access to government credit (through its customers or suppliers) observed a 12.5% greater survival probability, vis-`a-vis 4% when the firm has only direct access. Critically, we uncover drawbacks of these interventions, including a persistent increased concentration in the market power of firms that benefited from government liquidity.\n\nChapter 2: Stock Volatility and the Great Depression\n\nStock return volatility during the Great Depression has been labeled a ``volatility puzzle'' because the standard deviation of stock returns was 2 to 3 times higher than any other period in American history. We investigate this puzzle using a new series of building permits and leverage. Our results suggest that volatility in building permit growth and financial leverage largely explain the high level of stock volatility during the Great Depression. Markets factored in the possibility of a forthcoming economic disaster.\n\nChapter 3: Exporting Uncertainty: The Impact of the Brexit Vote on US Corporations\n\nBuilding on a real-options model of firm responses to uncertainty, we show that the 2016 Brexit Referendum had measurable consequences for US corporations, with effects on decisions regarding investment, divestitures, employment, R&amp;D, and savings. The effects we identify are short-lived and modulated by the degree of reversibility of capital and labor. UK-exposed firms with less redeployable capital and high input-offshoring dependence cut investment the most. Employment cuts are observed inside US borders, particularly in industries with more unionized workers. Job posting data point to a shift from full- to part-time positions in firms most exposed to the UK. Our results show how foreign-born uncertainty can be transmitted across borders, shaping domestic capital formation and labor allocation.","trump 2016 ""corporate liquidity""","https://openalex.org/W3194059584","article"
"External Sector Report, July 2018","International Monetary Fund","2018","External Sector Reports","0","True","https://www.elibrary.imf.org/doc/IMF085/25342-9781484367360/25342-9781484367360/Other_formats/Source_PDF/25342-9781484370452.pdf","https://doi.org/10.5089/9781484367360.085","The External Sector Report presents a methodologically consistent assessment of the exchange rates, current accounts, reserves, capital flows, and external balance sheets of the world’s largest economies. The 2018 edition includes an analytical assessment of how trade costs and related policy barriers drive excess global imbalances.","TCJA repatriation ""cash holdings"" DiD","https://openalex.org/W4211230580","article"
"An overview of academic tax accounting research drawing on U.S. multinational taxation","Terrence Shevlin","2021","eScholarship (California Digital Library)","0","True","https://escholarship.org/content/qt6q31b7jd/qt6q31b7jd.pdf?t=qhdota","","Economics-based tax research in accounting draws heavily on the Scholes and Wolfson framework. The framework develops a global approach to tax planning where all parties, all taxes, and all costs are to be considered in effective tax planning. Effective tax planning is distinct from tax minimization as the goal of the former is to maximize the after-tax rate of return. The first empirical applications of the framework followed the passage of the Tax Reform Act of 1986. Taxation of multinationals has long been of interest to accounting (and other) researchers and continues to be of interest. The Tax Cuts and Jobs Act of 2017 changed many tax laws including how the U.S. taxes U.S. multinationals. Research examining the ramifications of this latest Tax Act is already well under way.","TCJA repatriation ""cash holdings"" DiD","https://openalex.org/W3142874078","article"
"The effect of foreign dividend exemption on profit repatriation through dividends, royalties, and interest: evidence from Japan","Makoto Hasegawa; Michi Kakebayashi","2025","International Tax and Public Finance","0","True","https://link.springer.com/content/pdf/10.1007/s10797-025-09889-6.pdf","https://doi.org/10.1007/s10797-025-09889-6","Abstract Multinational corporations repatriate foreign profits through dividends, royalties, and interest paid by foreign affiliates to their parent firms. International tax rules that govern the taxation of repatriated foreign earnings thus influence decisions on profit repatriation. In 2009, Japan introduced a foreign dividend exemption system (the so-called territorial tax system) that exempted dividends received by Japanese firms from their foreign affiliates from home-country taxation. This paper examines the effects of this tax reform on profit repatriation through dividends, royalties, and interest. The enactment of the foreign dividend exemption system reduced the effective tax rate on foreign income repatriated through dividends by an average of 6.8 percentage points in 2009. We find that, in response to this tax rate reduction, Japanese-owned foreign affiliates increased dividend payments but did not alter royalty or interest payments. As a result, these affiliates increased total payments to their Japanese parents.","TCJA repatriation ""cash holdings"" DiD","https://openalex.org/W4409175275","article"
"Corporate inversion, cost of equity and ineffective tax reform","Liu Hong; Tianpeng Zhou","2024","Accounting and Finance","0","True","https://onlinelibrary.wiley.com/doi/pdfdirect/10.1111/acfi.13264","https://doi.org/10.1111/acfi.13264","Abstract US multinational firms typically invert either through a pure form or by merging with foreign entities. Our research documents that pure inversions increase inverting firms' cost of equity, while merger inversions decrease it. These results remain robust across different measures of the cost of equity. We also demonstrate that the 2004 tax reform is ineffective in reducing US multinational firms' tendency to invert. Instead, it prompts firms to shift from pure inversions to merger inversions, which are less value‐enhancing due to their lower tax benefits. It is unlikely that the legislators had foreseen these outcomes.","TCJA repatriation ""cash holdings"" DiD","https://openalex.org/W4395038984","article"
"Fiscal Year-Ends and Financial Benefits: The Role of Prospective Measurement Dates in Tax Reform","Cristi A. Gleason; Tyler Menzer; Jaron H. Wilde","2024","Journal of the American Taxation Association","0","True","https://publications.aaahq.org/jata/article-pdf/doi/10.2308/JATA-2021-035/107132/jata-2021-035.pdf","https://doi.org/10.2308/jata-2021-035","ABSTRACT The Tax Cuts and Jobs Act (TCJA) of 2017 dramatically reshaped the tax landscape for companies and reduced incentives for multinationals to leave foreign earnings abroad. We study a provision of the law that allowed some multinationals to take simple measures to reduce their tax burden more than other firms. The TCJA levied a tax on accumulated income held in foreign subsidiaries of U.S. firms. The implementation of this tax left firms an avenue to protect shareholder wealth, as foreign income retained as “cash” was taxed at a higher rate (15.5 percent) than foreign income retained in other asset classes (8 percent). Measurement rules allowed some firms significantly more time to shift foreign cash holdings to “noncash” assets and lower their tax burden. Using staggered, firm-specific measurement dates, we find that fiscal year-end firms with more time to respond to the law reduced their cash levels more than other firms. JEL Classifications: E62; H21; H25.","TCJA repatriation ""cash holdings"" DiD","https://openalex.org/W4393384881","article"
"How Does Investment in Tax Planning and Other Investment Respond to Firm-Level Tax Policy Uncertainty?","Charles Lee; Terry Shevlin","2026","Journal of the American Taxation Association","0","True","https://publications.aaahq.org/jata/article-pdf/doi/10.2308/JATA-2023-027/128151/jata-2023-027.pdf","https://doi.org/10.2308/jata-2023-027","ABSTRACT This study examines whether firm-specific tax policy uncertainty (TPU) influences corporate investment decisions. Investment theory predicts that, with uncertain project cash flows, firms should elect to delay committing to investments. Consistent with this prediction, we find that TPU is negatively associated with both tax planning and other investments, incremental to the firm’s nontax uncertainties. In exploring the consequences of greater TPU, we find TPU is associated with inefficient underinvestment, which negatively impacts future firm profitability. We further show that, during periods of unusually high TPU, when tax planning investments are especially more valuable, firms appear to substitute away from general investments toward tax planning. These findings suggest that firms prefer to direct resources toward engaging with tax experts for guidance when the tax environment is more uncertain. Overall, we find that tax policy uncertainty has a negative effect on corporate investments and future firm performance. Data Availability: All data are compiled from publicly available sources.","TCJA repatriation ""cash holdings"" DiD","https://openalex.org/W7124936907","article"
"Do tax havens affect the usage of share buybacks schemes?","Alessandro Chiari","2025","Annals of Public and Cooperative Economics","0","True","https://onlinelibrary.wiley.com/doi/pdfdirect/10.1111/apce.70026","https://doi.org/10.1111/apce.70026","Abstract This study examines whether the use of tax haven subsidiaries by U.S. multinational corporations (MNCs) is associated with more intense usage of share buybacks. I find that MNCs' more intensive tax haven subsidiary usage is positively associated with a higher buyback ratio, a higher level of free cash flow and a higher level of return on investment. I also find a higher increase in the buyback ratio of American companies following the sales of U.S. stocks from entities located in tax havens. In cross‐sectional analyses, I identify channels through which the positive association between tax haven intensity and share buybacks is more pronounced. I also test the share buyback execution of U.S. MNCs affected by recent legislation promulgated in the U.S. (2017 corporate tax cut, 2017 repatriation tax). This paper contributes to the literature by documenting a robust positive relationship between tax haven intensity and share buybacks among U.S. multinationals. It further explores the channels through which tax avoidance translates into repurchase behaviour, using rich panel data and multiple identification strategies, including instrumental variables, propensity score matching and difference‐in‐differences estimation.","TCJA repatriation ""cash holdings"" DiD","https://openalex.org/W4417070495","article"
"Impact of the Tax Cuts and Jobs Act on Capital Investment in Publicly Traded United States Manufacturing Firms through 2020","Nimish Bharadwaj","2025","","0","True","https://research-archive.org/index.php/rars/preprint/download/3025/4214/3781","https://doi.org/10.58445/rars.3025","The 2017 Tax Cuts and Jobs Act (TCJA) represents the most significant tax overhaul since the Tax Reform Act of 1986, and one of the most substantial fiscal policies in American history.This paper examines the impact of the TCJA on capital investment in publicly traded U.S. manufacturing firms through 2020.It first outlines the corporate provisions of the TCJA, then delineates three classic theoretical models of how business investment should respond to tax cuts.Finally, this paper evaluates the TCJA's empirical results through three sources.The Albertus et al. paper focuses solely on investment behavior from repatriations, while Kopp et al. and Erkmekjian and Snyder's papers cover the TCJA's overall effects.The exogenous shock had no impact on investment from repatriations, and broader investment growth was muffled; firms instead chose decisive stock market activity to raise share prices.","TCJA repatriation ""cash holdings"" DiD","https://openalex.org/W4414077787","article"
"Uncertainty and Volatility: Sectoral Equity Responses to Economic and Policy Shocks in the U.S.","Bahram Adrangi; Saman Hatamerad; Aleš Kresta; Tomáš Tichý","2025","Bulletin of Applied Economics","0","False","","https://doi.org/10.47260/bae/1125a","This study investigates the effects of economic policy and financial uncertainty on equity return volatility across major U.S. sectoral indices. Specifically, it examines the relationships between uncertainty indices and the S&amp;P 500 financials sector index (SPF), the Wilshire U.S. Real Estate Investment Trust Total Market Index (WRE), and the iShares U.S. Consumer Staples ETF (IYK). The analysis employs GARCH-MIDAS methodology, Markov Switching Regressions (MSR), Threshold Regressions, and Granger causality tests. Results from the sectoral analysis indicate varying degrees of sensitivity to uncertainty across sectors. The consumer staples sector exhibits consistently high volatility, largely driven by shifts in consumer sentiment, income dynamics, and inflation expectations. Over the long term, global economic policy uncertainty (GEPU) and recession risk further amplify volatility in this sector, reflecting its deep integration into global supply chains. The real estate sector demonstrates a more conditional response; its volatility increases significantly in the presence of economic policy uncertainty (EPU), but primarily during periods of elevated recession risk. Under stable economic conditions, real estate equities appear relatively insensitive to both inflation expectations and GEPU. In contrast, the financial sector displays both short- and long-term strong and persistent sensitivity to indicators, particularly EPU, inflation expectations, and the VIX. JEL classification: G12, G14, G38. Keywords: Volatility, GARCH-MIDAS, VIX, Economic Policy Uncertainty, Global Economic Policy Uncertainty, Threshold Regression, Regime Switching Markov Chain Regression.","trump tariff ""cash holdings"" firm","https://openalex.org/W4412351275","article"
"The National Monetary Commission: American Banking’s Debt to Europe","Zack Saravay","2017","DigitalGeorgetown (Georgetown University Library)","0","True","http://hdl.handle.net/10822/1043702","","","trump tariff ""cash holdings"" firm","https://openalex.org/W2612142200","article"
"A Deep Dive Into The World Of Bonds - A Qualitative Analysis","Vamsikrishna Packianathan; Siddharth R","2026","Advanced International Journal for Research","0","True","https://aijfr.com/papers/2026/2/4222.pdf","https://doi.org/10.63363/aijfr.2026.v07i02.4222","The bonds have emerged as an interesting safe haven asset for retail investors in 2025 as other market-based investments have generated poor returns over past 2 years. Bonds aren’t something new, they are part and parcel of the economic structure of nations and have been the backbone in leveraging a country to great heights, but bonds are also a tool that should be used with great care as when it’s mismanaged, the outcomes have backfired. The history has repeated the same story time and time again and through this study the idea that would be conveyed would be the “How Bond Markets have Implication on wider Financial Markets and also Economies of Nations?”. Through this study the readers would be educated about the basic’s terminologies of bonds, how bond markets work, how bond yields get determined, the parallel working of equity markets and bond markets, its implication on the economy and the cases of failing bond markets on global markets and the economy with Russia and Greece as examples. They together form a complete picture for a layman to understand about the bond markets and its functioning and its broader implications as a whole.","trump tariff ""cash holdings"" firm","https://openalex.org/W7148670148","article"
"Helca Mining Company","Claire Dalman","2017","The Mathematics Enthusiast","0","True","https://scholarworks.umt.edu/utpp/132","","No abstract available.","trump tariff ""cash holdings"" firm","https://openalex.org/W2610771473","article"
"Latin American Equities, Volatility Regimes, and the US Economic Policy Uncertainty","Bahram Adrangi; Arjun Chatrath; Kambiz Raffiee","2025","Bulletin of Applied Economics","0","True","https://riskmarket.co.uk/bae/journals-articles/issues/latin-american-equities-volatility-regimes-and-the-us-economic-policy-uncertainty/?download=attachment.pdf","https://doi.org/10.47260/bae/1222","We investigate how the volatility of the iShares Latin America 40 ETF (ILF) responds to key economic and market sentiment indicators associated with economic uncertainty. Specifically, we explore the regime-dependent nature of ILF volatility in relation to Economic Policy Uncertainty (EPU), U.S. Economic Uncertainty (ECU), Global Economic Policy Uncertainty (GEPU), and implied risk, as captured by the Chicago Board Options Exchange's VIX (CBOE VIX), from 2001 to 2023. Our findings highlight that the connection between market volatility and economic/market sentiment is influenced by distinct volatility regimes. Utilizing a two-covariate GARCH-MIDAS (GM) model, a regime-switching Markov Chain (MSR) model, and quantile regressions (QR), we reveal that the impact of sentiment on realized volatility varies depending on the prevailing volatility regime, reflecting investors’ differing responses to market uncertainty. Additionally, our results show a significant linkage between ILF’s short and long-term volatility and economic uncertainty/sentiment indicators, suggesting that these factors shape ILF volatility across different market conditions and quantiles of the volatility distribution. Overall, our findings indicate that investor sentiment and economic uncertainty extend beyond their domestic origins, influencing volatility patterns in U.S., global, and Latin American markets. JEL classification: G12, G14, G38. Keywords: Volatility, GARCH-MIDAS, VIX, Economic policy uncertainty, Global economic policy uncertainty, Quantile regression, Regime switching Markov Chain regression.","trump tariff ""cash holdings"" firm","https://openalex.org/W4409633077","article"
"Engaging Customers, Embracing <scp>AI</scp> : How Suppliers Respond to Trade Tensions and Improve Performance","Raffaele Filieri; Wei Huang; Zhibin Lin; Xia Qing","2025","Journal of Product Innovation Management","0","True","https://onlinelibrary.wiley.com/doi/pdfdirect/10.1111/jpim.70014","https://doi.org/10.1111/jpim.70014","ABSTRACT Academic Summary Firms face intensifying pressure to innovate amid escalating US–China trade tensions. This study investigates how they integrate artificial intelligence (AI) to respond to such disruptions. We reconceptualize induced innovation theory as adversity‐induced innovation theory and test hypotheses using data from listed Chinese manufacturing firms, WTO tariff records, and customs data (2015–2022). Results indicate that higher tariff exposure increases AI integration, particularly among firms with stronger customer engagement needs. AI integration improves supply chain efficiency, sales performance, and market value. However, performance benefits follow an inverted U‐shape: extreme tariff exposure diminishes AI's compensatory effects. The study extends induced innovation theory to geopolitical adversities and advances stakeholder engagement theory by identifying customer engagement as a boundary condition for technology adoption. We establish causal relationships between tariff‐induced AI integration and firm performance through instrumental variable analysis and robustness checks. Findings inform how firms can strategically use technological innovation and customer collaboration to strengthen resilience under external shocks. Managers should view trade tensions as catalysts for AI integration rather than merely as obstacles. Managerial Summary Firms facing trade tensions should view them as catalysts for strategic AI integration rather than merely as obstacles. Our research shows that firms experiencing higher tariff exposure that invest in AI achieve measurable improvements in supply chain efficiency, sales performance, and market valuations. However, AI's compensatory benefits diminish at extreme tariff levels, revealing an optimal investment threshold that managers should consider. The benefits of AI integration are particularly strong for firms with high customer engagement needs, such as those with concentrated customer bases, substantial international sales, or significant customer‐specific investments. To maximize returns, managers should prioritize AI technologies that strengthen customer relationships by enhancing communication, responsiveness, and service personalization during trade disruptions. Successful implementation requires navigating technical and organizational challenges, including talent acquisition, data quality concerns, and integration complexities. Despite these hurdles, our findings confirm AI's strategic value as a compensatory innovation tool that not only mitigates tariff impacts but also transforms supplier‐customer relationships. By aligning AI initiatives with customer engagement objectives, firms can turn geopolitical adversity into a competitive advantage. Companies that integrate AI strategically can maintain operational continuity, preserve market position, and emerge stronger from trade disruptions.","trump tariff ""cash holdings"" firm","https://openalex.org/W4415396831","article"
"The effect of corporate governance on the relationship between performance and competition","Di Wu; Wayne Yu","2025","International Review of Finance","0","True","https://onlinelibrary.wiley.com/doi/pdfdirect/10.1111/irfi.70018","https://doi.org/10.1111/irfi.70018","Abstract This paper examines the effect of corporate governance on the relationship between performance and market competition. We use changes in import tariffs as exogenous shocks to product market competition to examine how the effect of these shocks on performance varies with corporate governance. We find that elevated product market competition due to import tariff cuts results in significant performance deterioration for firms with strong corporate governance, but little effect or even a significant positive effect on performance for firms with poor governance. We further find that these effects are much stronger for nonexporting firms and small firms because they do not have the opportunity/resources to soften the impact of increased competitive pressure. Our findings suggest that elevated market competition helps to reduce managerial entrenchment/slack, which can offset the adverse effects of increased competitive pressure, especially for nonexporting firms and small firms. The findings lend support to the hypothesis that managerial slack is inversely related to industry competitive pressure and, hence, that product market competition and internal corporate governance are substitutes for each other.","trump tariff ""cash holdings"" firm","https://openalex.org/W4410050447","article"
"THE FRAGMENTATION OF GLOBAL TRADE: FROM PROTECTIONISM TO GATED GLOBALIZATION","Shahab Azim; Samina Rooh; Muhammad Farooq Malik; Syed Muhammad Abbas Shah","2025","Social Sciences & Humanity Research Review","0","True","https://sshrr.online/index.php/4/article/download/118/82","https://doi.org/10.63468/sshrr.015","The fragmentation of global trade, evolving from traditional protectionism to the modern paradigm of gated globalization, reflects a strategic shift by nations toward prioritizing sovereignty and security over multilateral cooperation. This paper examines the historical roots, theoretical underpinnings, and contemporary drivers geopolitical rivalry, economic insecurity, and social discontent behind this transformation. Through historical analysis and case studies of the U.S., EU, China, and emerging economies, the study reveals how policies such as tariffs, export controls, and regulatory fragmentation disrupt supply chains, inflate costs, and exacerbate inequality. Key findings indicate that while gated globalization addresses vulnerabilities like supply chain fragility, it risks entrenching economic divides and undermining global governance institutions. The paper underscores the urgency of balancing strategic autonomy with inclusive frameworks to preserve the benefits of economic interdependence. Recommendations include revitalizing multilateral institutions, fostering equitable trade agreements, and supporting small businesses to mitigate fragmentation’s adverse effects. Ultimately, the research highlights the need for cooperative strategies to navigate the dual challenges of de-globalization and sustainable growth.","""section 301"" tariff ""cash holdings"" firm","https://openalex.org/W4411502925","article"
"Economic Policy Uncertainty, Loss Heterogeneity, and Insider Trading","Tianshu Ma; Wei; id_orcid 0009-0003-9914-2657 Jiang; Nuno Soares","2026","Research Explorer (The University of Manchester)","0","False","","","","""presidential election"" ""corporate cash holdings"" DiD","https://openalex.org/W7155662914","article"
"Tom otimista do MD&amp;A e a relação com a redução das receitas de vendas em períodos de crises","Letícia Maria Alves Nunes; Paula Carolina Ciampaglia Nardi","2024","Revista Contemporânea de Contabilidade","0","True","https://periodicos.ufsc.br/index.php/contabilidade/article/download/100257/58183","https://doi.org/10.5007/2175-8069.2024.e100257","Diante de crises, empresas podem querer manter a atratividade induzindo os usuários da informação contábil por meio do tom dos relatórios financeiros. Nesse contexto, o estudo verificou se as empresas não financeiras dos EUA utilizam um tom otimista no Management's Discussion and Analysis (MD&amp;A) quando enfrentam redução das receitas de vendas em anos de crises. Considerando um período de 2005 a 2022, os resultados da regressão Dif-in-Dif com dados em painel indicaram que, na crise, as empresas com redução nas receitas tendem a adotar um tom otimista no MD&amp;A, sugerindo que esse tom pode ser uma resposta estratégica às quedas de receita. Esse resultado é corroborado ao considerar duas amostras distintas: para médias empresas dos EUA e para o Brasil. A pesquisa ressalta a importância de analistas e investidores acompanharem os dados financeiros, além das análises do MD&amp;A, principalmente em períodos de crise, de modo a reduzirem as incertezas nas decisões de investimento. Além disso, ratifica-se a discussão de reguladores quanto à necessidade de normativas que promovam melhorias no MD&amp;A, bem como se evidencia a necessidade de controle de períodos de crise em determinantes dos tons dos relatórios financeiros divulgados pelas empresas.","""presidential election"" ""corporate cash holdings"" DiD","https://openalex.org/W4408899526","article"
"Corporate investment inefficiency and economic uncertainty: evidence from Chinese listed companies","Lihong Yang; Tien-Ming Yip","2025","Economic Change and Restructuring","0","True","https://link.springer.com/content/pdf/10.1007/s10644-025-09953-5.pdf","https://doi.org/10.1007/s10644-025-09953-5","","""presidential election"" ""corporate cash holdings"" DiD","https://openalex.org/W4417322425","article"
"Litigation risk and IPO underpricing: evidence from federal judge ideology","Yangyang Chen; Abhinav Goyal; Madhu Veeraraghavan; Leon Zolotoy","2025","Review of Accounting Studies","0","True","https://link.springer.com/content/pdf/10.1007/s11142-025-09913-4.pdf","https://doi.org/10.1007/s11142-025-09913-4","Abstract Using federal judge ideology as an exogenous measure of issuing firms’ litigation risk, we document that the initial public offerings (IPOs) of the firms headquartered in more liberal circuits are more underpriced. The effect is mitigated when plaintiffs’ pleading standards are more stringent and is amplified when judges have more discretion in their decisions. The effect is also amplified among deep pocketed issuing firms, while it is mitigated among issuing firms hiring reputable intermediaries in the IPO process. The results of additional analysis suggest that issuing firms located in more liberal circuits are more likely to become targets of lawsuits after their IPOs and that these lawsuits are less likely to be dismissed by the courts and result in larger settlements. Collectively, our findings underscore the salience of litigation risk stemming from the issuing firms’ legal environment in driving IPO underpricing.","""presidential election"" ""corporate cash holdings"" DiD","https://openalex.org/W4413841160","article"
"Political Polarization and Corporate Credit Ratings","Pei Li; Leo Tang","2026","Journal of Corporate Accounting & Finance","0","True","https://onlinelibrary.wiley.com/doi/pdfdirect/10.1002/jcaf.70028","https://doi.org/10.1002/jcaf.70028","ABSTRACT This study examines the effect of political polarization on corporate credit ratings. Political polarization is defined as the ideological difference between the Democratic and Republican members of the state legislatures and measures the likelihood of bipartisan compromises. States with more polarization will have an increased likelihood of impasses, which will negatively affect economic development and increase uncertainty. We examine if corporations headquartered in these states are perceived to have higher credit risk. This study finds that a one‐standard‐deviation increase in political polarization is linked to a 0.237 notch decrease in credit ratings. We find that that the negative effect on credit ratings is stronger for corporations that rely more on the governments for sales and for corporations located in areas with divided government. Lastly, we find that for corporations that relocate to an area with lower polarization, the effect of polarization on credit ratings is attenuated.","""presidential election"" ""corporate cash holdings"" DiD","https://openalex.org/W7130923777","article"
"Essays on politically connected firms","Yi Duo","2017","cIRcle (University of British Columbia)","0","True","http://hdl.handle.net/2429/63324","https://doi.org/10.14288/1.0357147","This thesis explores a number of issues related to politically connected firms in two separate chapters. I follow Goldman et al. (2009), defining politically connected firms as those with at least one former politician serving as member of its board of directors, and construct a sample containing the S&amp;P 500 firms between 2004 and 2013. The first chapter explores why firms seek these political connections, and how they benefit from two direct value extraction channels: government procurement and subsidies. I find that firms that aim for government contracts seek executive branch connections, while those that face heavy regulations target congressional connections. Next, I show that politically connected firms do get more government contracts and subsidies. Firm performance (using accounting based measures) suffers with government contracts and subsidies, and political connections fail to increase or decrease this negative relation, which suggests effective safeguards against overpricing and cronyism. However, politically connected firms do seem to enjoy a temporary increase in future ROA, when government contracts are taken into consideration. The second chapter asks if politically connected firms pay higher audit fees, and explores the underlying reasons. Prior studies have mixed implications on how risky these clients are for auditors. On the one hand, some studies suggest politically connected firms have lower accounting quality and face higher political risk, hence incur higher audit fees. On the other hand, less investor pressure and lower litigation and bankruptcy risks would decrease audit fees for firms with political connections. I find that politically connected firms do pay higher audit fees, and the effect is stronger for those with executive branch connections. Neither lower accounting quality nor higher political risk is found to be the underlying reason. The fact that many politically connected firms are government contractors, who are subject to additional regulations and government audit, is found to be the main factor for this difference in audit fee.","""presidential election"" ""corporate cash holdings"" DiD","https://openalex.org/W2770502089","article"
"Impact of Cash Holdings on Firm Value: Role of Election Induced Political Uncertainty","Omar Farooq; Zakir Pashayev","2023","Asian Academy of Management Journal of Accounting and Finance","0","True","https://ejournal.usm.my/aamjaf/article/download/aamjaf_vol19-no1-2023_2/pdf","https://doi.org/10.21315/aamjaf2023.19.1.2","This paper uses presidential elections as the proxy for political uncertainties to investigate the impact of election induced political uncertainties on the relationship between cash holdings and firm value for a sample of non-financial firms from the U.S. The findings suggest that the impact of cash holdings on firm value goes down significantly during the years of presidential elections. This finding, however, is confined only to elections in which both presidential candidates are new and for firms headquartered in the states that have always voted for the Democrat candidates in the presidential elections. Furthermore, our findings suggest that the impact of political uncertainties on the relationship between cash holdings and firm value does not hold for gubernatorial elections. Our results are robust after including number of firm-specific and country-specific control variables and after taking into account potential endogeneity concerns.","""election uncertainty"" ""cash holdings"" precautionary firm","https://openalex.org/W4381687131","article"
"Tariffs, Trade Wars, and Earnings Strategies: A Comparative Analysis of Real Earnings Management in the United States and China","Israfil Bangash","2025","Applied Journal of Economics Law & Governance","0","True","https://ritha.eu/storage/1777/7_ajelg_Bargash-I.pdf","https://doi.org/10.57017/ajelg.v1.i2(2).07","This study examines the impact of tariff risk exposure (TRE) on real earnings management (REM) in publicly listed firms in the US and China, and investigates how institutional characteristics, such as political connections and firm size, moderate this relationship. Using a longitudinal panel dataset from 2018 to 2024, the study employs industry and year fixed-effects regressions, alongside robustness checks with a Weighted Tariff Exposure Index and multiple REM proxies (abnormal operating cash flow, discretionary expenses, production costs, selling general and administrative). The results indicate that higher TRE significantly increases REM, with Chinese firms exhibiting stronger responses than US firms. institutional characteristics captured through a composite institutional context measure moderate this relationship. Managers, investors, and policymakers can use these findings to anticipate and mitigate tariff-induced operational and financial risks. The study integrates institutional and agency theories, providing a cross-country perspective on REM under trade policy shocks.© The Author(s) 2025. Published by RITHA Publishing. This article is distributed under the terms of the license CC-BY 4.0., which permits any further distribution in any medium, provided the original work is properly cited maintaining attribution to the author(s) and the title of the work, journal citation and URL DOI.Article’s history: Received 27th of November, 2025; Revised 19th of December, 2025; Accepted for publication 27th December, 2025; Available online: 30th of December, 2025. Published as article in Volume I, Issue 2(2), 2025","""trade policy uncertainty"" ""cash holdings"" DiD","https://openalex.org/W7125619518","article"
"Exploring the Impact of Oil Price Changes on Corporate Cash Holdings during VAT Era in UAE","Ghada Almaazmi; Mohammad Al‐Shboul","2025","International Journal of Energy Economics and Policy","0","True","https://econjournals.com/index.php/ijeep/article/download/19719/9665","https://doi.org/10.32479/ijeep.19719","This study explores the impact oil price changes and corporate cash holdings during the VAE era. Using panel data analysis for 46 of the largest listed firms in the UAE stock markets, the study reveals that oil price changes adversely impact corporate cash holdings, confirming the transaction cost motive where firms are motivated to retain large amounts of cash to mitigate, among other transactions, the costs associated with oil price changes. However, the application of VAT after 2018 in UAE weakens the detrimental impact of oil price changes on the amount of cash held by corporations. This suggests that VAT plays a moderating role in reshaping the relationship between the cash held by the UAE corporations and oil price changes. However, when oil returns are divided into negative and positive returns, we find different results. During VAT era, firms tend to increase their cash holdings when oil returns are negative, while they tend to reduce the cash leak when oil returns are positive, arguing the application of the VAT system application enables firms to carefully manage their cash levels in order to reduce the decline in oil price. This research offers valuable insights for public authorities, managers, and shareholders by illustrating how oil price change can impact corporate cash holdings in an oil-exporting market during the VAT system. The results can guide policymakers and tax reformers in fostering sustainable financial and economic development.","""trade policy uncertainty"" ""cash holdings"" DiD","https://openalex.org/W7117359170","article"
"Economic Policy Uncertainty Sense and the Debt Structure of Tourism Corporations: Evidence from China Listed Companies","P. C. Lai; Muzi Li; Bo Zhu","2025","Advances in Economics and Management Research","0","True","https://madison-proceedings.com/index.php/aemr/article/download/3610/3635","https://doi.org/10.56028/aemr.14.1.7.2025","In recent years, the extended financing periods for tourism enterprises have become increasingly evident, presenting a significant threat to the sustainable and healthy development of both businesses and the industry. Concurrently, the rising uncertainty index associated with domestic economic policies appears to be a key factor contributing to the growing reliance on short-term financing among tourism enterprises. Through the establishment of a theoretical model and empirical analysis of microdata from listed tourism firms between 2002 and 2022, this paper demonstrates that an increase in Economic Policy Uncertainty (EPU) corresponds with a heightened proportion of short-term financing for these enterprises. However, the effects manifest differently across three aspects: financing costs, external financing constraints, and investment returns. Further analysis reveals that EPU contributes to a decrease in banking and financial liabilities for tourism companies. As a result, these firms are likely to seek non-financial sources for their short-term funding needs.","""trade policy uncertainty"" ""cash holdings"" DiD","https://openalex.org/W4412842818","article"
"The Impact of Sino-US Trade Friction on Corporate Financial Risks—Empirical Evidence of Quasi-Natural Experiments of Listed Companies in China","Jingyan Shi","2026","Advances in Economics Management and Political Sciences","0","True","https://aemps.ewapub.com/article/view/31106.pdf","https://doi.org/10.54254/2754-1169/2025.bl31106","Under the impact of trade frictions, Chinese listed companies face multiple challenges, such as rising tariff costs, hindered technical cooperation, and supply chain disruptions, and it is of great practical significance to accurately assess the changes in their financial risks to ensure enterprise security and market stability. This paper uses China's A-share listed companies from 2015 to 2024 as a research sample and empirically tests the impact of the exogenous event of Sino-US trade friction on the financial risk of listed companies, employing the double difference method (DID). The study finds that the Sino-US trade friction significantly reduces the financial risk of listed companies affected by the friction. Heterogeneity analysis further reveals that this effect is more significant in enterprises with strong profitability and a smaller scale. This study provides new empirical evidence for a deeper understanding of the economic consequences of Sino-US trade friction.","""trade policy uncertainty"" ""cash holdings"" DiD","https://openalex.org/W7118168026","article"
"Innovation Under Stress","Zhaojun Huang","2018","CUNY Academic Works (City University of New York)","0","True","https://academicworks.cuny.edu/gc_etds/2854","","The aim of the dissertation is to explore firms’ innovation strategies during certain stressful periods. This dissertation consists of 3 chapters. . . Chapter 1: Innovation Diversification Under Policy Uncertainty Using detailed data on patent grants and applications, I explore the effect of policy uncertainty on firms’ innovation strategies. I show that firms that invest in R&D tend to pursue more diversified strategies and are more likely to explore unfamiliar fields during periods of policy uncertainty. These findings hold after adjusting for possible sample-selection bias using variation from patent examiners’ historical approval rates, and after adjusting for potential endogeneity using pre-scheduled gubernatorial elections for neighbor states. To understand the factors that underlie this phenomenon, I conduct a variety of heterogeneity tests and find that a firm’s tendency to diversify is limited if it is financially constrained, holds irreversible assets, or relies heavily on pay-performance incentive contracts for managers. In addition, firms with higher sensitivity to government spending follow less diversified strategies, while firms facing higher product market competition are more likely to explore new fields. Chapter 2: Less Competition, Slower R&D: The Impact of Joint Ventures Under Policy Uncertainty I provide evidence showing that during periods of high policy uncertainty, firms with R&D joint ventures defer innovation investments further compared to firms that use competing innovation strategies. The deferral effect is mainly driven by joint ventures among potential market competitors and joint ventures among domestic firms. Furthermore, the deferral effect dies away when firms face a higher level of market competition. The results provide a detailed picture of the influence of R&D joint ventures during the period of policy uncertainty. It reduces the preemption value of the investment when competitors share the proprietary benefits but allow firms to fully appreciate the flexibility value of the project by waiting longer. Chapter 3: Ripple Effect of Patent Litigation Shock I show that firms react positively to their peers’ patent litigation suffering by increasing their investments in R&D and their applications for patents protection. The reaction is mainly taken when more peer firms are asserted by non-practicing entities (NPEs) and largely disappears when more peer firms are asserted by practicing entities (PEs). Furthermore, the reaction is stronger for firms that are more likely to be litigated, firms that perform in the highly competitive market and firms with high CEO pay-performance sensitivity. The results support the threat side story that the increase in peer firms’ litigation risk enhances firms’ awareness of patent protection. I test it directly on a subsample of firms that report non-zero R&D expenditure and find that the probability of having a patent protection increases significantly after more peer firms get involved in patent litigation issues.","""trade policy uncertainty"" ""cash holdings"" DiD","https://openalex.org/W2916936855","article"
"The U.S. Economy, Public Policies, and the Dollar as an International Currency Reserve","Ioannis N. Kallianiotis","2018","Archives of Business Research","0","True","https://journals.scholarpublishing.org/index.php/ABR/article/download/4816/2927","https://doi.org/10.14738/abr.66.4816","The “innocent” outsourcing, the creeping globalization, and the “guilty” latest global financial crisis have caused serious and lasting socio-economic problems to the U.S. The current account deficit (consumption exceeds production in the U.S.), which causes a capital account surplus (capital inflows in the U.S.) and the scale of financing needed to support the U.S. fiscal deficit (and the private sectors and households debts) together with the Federal Reserve’s policy of keeping U.S. interest rates low for ten years to ward off deflation, to stimulate the financial markets, and to revive growth, has revived concerns about a sudden and sharp depreciation of the U.S. dollar, an increase in inflation, and a new burst of the current bubble in the financial market, which will cause a global depression. Americans have lost an enormous amount of their purchasing power and wealth during the last 90 years, due to seven financial crises. The wars in Iraq, Afghanistan, Syria, and Libya have turned Muslim investors to other currencies holdings instead of the U.S. dollar. This article examines potential triggers and indicators of such a crisis and posits concrete policy options to limit U.S. vulnerability, due to loss of manufacturing and to the possibility of a plummeting dollar. But, even with a depreciated dollar, the U.S. economy cannot compete with the Chinese one because the cost of production in China is less than 1/10 of the U.S. cost. U.S. has to maximize the social welfare of the country, which means to protect its domestic industries and sectors of the economy. It argues that the obvious long-term response to the risk of a dollar crisis and deterioration of the U.S. welfare is to limit buildup of the United States’ external debt (trade deficits) and domestic ones (public and private debts), and recommends that larger reserves (and well-understood mechanisms for borrowing foreign exchange reserves from major foreign central banks) would help to reduce the United States’ vulnerability to such a crisis. As a debtor, the U.S. is benefited from the devaluation of its currency and from the protection of its domestic manufacturing.","""2016 election"" firm ""cash"" precautionary saving","https://openalex.org/W2889150236","article"
"Town of Wells Annual Report Fiscal Year 2016","Wells . Municipal Officials","2016","DigitalCommons (California Polytechnic State University)","0","True","https://digitalcommons.library.umaine.edu/cgi/viewcontent.cgi?article=8346&context=towndocs","","This year's Town of Wells report is dedicated to the memory of Walter Worthing.Walter was a lifelong resident of Wells who sadly passed away last year after a four year battle with cancer.Walt attended Wells High School and was a valued member of the football","""2016 election"" firm ""cash"" precautionary saving","https://openalex.org/W2914081418","article"
