spec_name,n_obs,n_firms,within_r2,beta1_PRiskFY,se1,t1,p1,beta2_StyleFrozen,se2,t2,p2,beta3_Interact,se3,t3,p3,h8_sig
Primary (All Industries),15750,1672,0.024599139550197102,-7.686602353358406e-06,6.4556923933115325e-06,-1.190670478866398,0.23380308025021623,-0.007233424346709691,0.003991050093411499,-1.81241131466898,0.06994399387638062,1.610780447642245e-06,6.118238302994941e-06,0.2632752056835954,0.7923423280592232,False
