name,n,mean,std,min,p25,median,p75,max,n_missing,pct_missing
manifest,112968,112968.0,0.0,0.0,0.0,0.0,0.0,0.0,0,0.0
Size,112692,7.770975323005413,1.7465168908946,-0.5691612007789542,6.541125232750282,7.690950408212293,8.926325599973913,12.459237028256341,276,0.24431697471850436
Lev,112691,0.5633290096413045,0.2641345283030642,0.016458087367178277,0.39088740446627446,0.5566499592027043,0.7175705853414447,5.219737805283822,277,0.24520218114864387
ROA,112639,0.03370124323590021,0.17455379863283876,-7.471234067735281,0.009859128058097265,0.04268336832959236,0.08590428817485052,1.010779732210969,329,0.2912329155158983
TobinsQ,111938,1.9798170452568054,1.4496179833252458,0.38473601359593423,1.158236722996913,1.5226799451637878,2.2302911199140354,35.61444380925542,1030,0.9117626230436938
InvestmentResidual,107317,-0.007608068692499422,0.13615910156434846,-0.43747935455844805,-0.06507540934568495,-0.024893225537286498,0.013351483816490928,1.2319946214737345,5651,5.002301536718362
PRiskFY,102118,120.76840251875772,143.37815229932477,0.0,43.201701,80.859969,146.78111573750002,3762.6727199999996,10850,9.604489767013668
style_frozen,68224,-0.10461677714269708,1.0007621598199634,-5.968222849699397,-0.6476042492577603,0.013786973744503687,0.5780003081574936,3.266795381269929,44744,39.60767651016217
