name,n,mean,std,min,p25,median,p75,max,n_missing,pct_missing
manifest,112968,112968.0,0.0,0.0,0.0,0.0,0.0,0.0,0,0.0
Size,112692,7.770975323005413,1.7465168908946,-0.5691612007789542,6.541125232750282,7.690950408212293,8.926325599973913,12.459237028256341,276,0.24431697471850436
Lev,112692,0.24341589157563692,0.224279062927257,0.0,0.059628917180700264,0.2128582813895361,0.3656224105289481,3.9453025178504326,276,0.24431697471850436
ROA,112194,0.03610802099237141,0.12040815954454846,-3.982637115718517,0.010665238684918057,0.04174802326880022,0.0831249121820992,0.5490023740970854,774,0.6851497769279796
TobinsQ,111259,1.6417655778419566,1.466993108149814,0.07750629736527877,0.844835750500014,1.2385101634760163,1.9373006626141915,35.41311528009823,1709,1.51281778910842
InvestmentResidual,108933,-0.016016029371972877,0.14546829483759463,-0.45394259102689344,-0.07664403960169075,-0.030491931317262345,0.008598039075482747,1.4854209849122864,4035,3.571807945612917
PRiskFY,108300,120.04255526383164,142.1729463617486,0.0,42.95332812,80.689464425,146.02126149999998,3762.6727199999996,4668,4.132143615891226
style_frozen,72082,-0.09708836036670503,1.0019703918995562,-4.698308256527847,-0.6782298520405192,0.010545935634267393,0.5864772432913856,3.269913724660563,40886,36.192550102683946
